Student_ID,Subject,Marks,Interest,Interest_Score,Time_Spent_Hours
SV1000,Mobile App Development,90,High,3,5.4
SV1001,Web Development,93,High,3,5.5
SV1002,Software Engineering,52,Medium,2,3.1
SV1003,Cloud Computing,29,Low,1,1.7
SV1004,Mobile App Development,2,Low,1,1.9
SV1005,Computer Networks,42,Low,1,0.9
SV1006,Cybersecurity,6,Low,1,2.1
SV1007,Mobile App Development,48,Low,1,2.9
SV1008,Software Engineering,72,Low,1,3.7
SV1009,Cloud Computing,40,Low,1,2.3
SV1010,Web Development,76,High,3,5.9
SV1011,Software Engineering,78,High,3,5.7
SV1012,Software Engineering,53,Medium,2,2.9
SV1013,Cybersecurity,68,Medium,2,2.9
SV1014,Artificial Intelligence,92,High,3,5.7
SV1015,Cloud Computing,98,High,3,6.1
SV1016,Data Science,90,High,3,5.8
SV1017,Software Engineering,26,Low,1,1.2
SV1018,Artificial Intelligence,7,Low,1,0.9
SV1019,Data Science,31,Medium,2,2.3
SV1020,Cloud Computing,83,Medium,2,5.4
SV1021,Machine Learning,63,Medium,2,3.0
SV1022,Computer Networks,9,Low,1,0.9
SV1023,Artificial Intelligence,12,Low,1,1.1
SV1024,Database Systems,62,Medium,2,2.9
SV1025,Machine Learning,92,High,3,6.8
SV1026,Computer Networks,34,Low,1,2.1
SV1027,Cybersecurity,60,Medium,2,4.2
SV1028,Mobile App Development,53,Medium,2,3.8
SV1029,Web Development,7,Low,1,0.8
SV1030,Database Systems,28,Low,1,2.3
SV1031,Cybersecurity,94,High,3,6.7
SV1032,Cloud Computing,40,Low,1,2.1
SV1033,Cybersecurity,29,Low,1,1.9
SV1034,Mobile App Development,85,High,3,6.7
SV1035,Cloud Computing,20,Low,1,2.1
SV1036,Database Systems,75,Medium,2,3.2
SV1037,Mobile App Development,10,Low,1,2.2
SV1038,Data Science,1,Low,1,1.2
SV1039,Web Development,49,Medium,2,4.0
SV1040,Database Systems,40,Low,1,2.0
SV1041,Data Science,65,Medium,2,3.3
SV1042,Computer Networks,97,High,3,5.2
SV1043,Database Systems,2,Low,1,0.8
SV1044,Computer Networks,79,High,3,6.0
SV1045,Cloud Computing,50,Medium,2,4.2
SV1046,Data Science,67,Low,1,3.9
SV1047,Web Development,86,Medium,2,5.3
SV1048,Mobile App Development,83,High,3,5.3
SV1049,Software Engineering,24,Low,1,1.5
SV1050,Cybersecurity,29,Low,1,0.8
SV1051,Machine Learning,81,High,3,6.5
SV1052,Web Development,10,Low,1,1.6
SV1053,Data Science,92,High,3,6.2
SV1054,Software Engineering,16,Low,1,1.7
SV1055,Web Development,25,Low,1,1.9
SV1056,Data Science,22,Low,1,2.3
SV1057,Artificial Intelligence,55,Medium,2,4.2
SV1058,Artificial Intelligence,51,Medium,2,3.8
SV1059,Computer Networks,47,Low,1,3.3
SV1060,Web Development,19,Low,1,1.8
SV1061,Artificial Intelligence,1,Low,1,1.6
SV1062,Data Science,87,Medium,2,6.8
SV1063,Computer Networks,30,Low,1,0.7
SV1064,Data Science,26,Low,1,2.2
SV1065,Computer Networks,1,Low,1,1.9
SV1066,Web Development,77,High,3,6.2
SV1067,Software Engineering,3,Low,1,1.2
SV1068,Mobile App Development,12,Low,1,0.9
SV1069,Database Systems,99,High,3,5.8
SV1070,Software Engineering,34,Low,1,2.1
SV1071,Cloud Computing,71,Medium,2,3.6
SV1072,Data Science,65,High,3,4.1
SV1073,Cloud Computing,5,Low,1,1.5
SV1074,Software Engineering,30,Medium,2,1.3
SV1075,Computer Networks,9,Low,1,1.0
SV1076,Database Systems,20,Low,1,1.9
SV1077,Database Systems,73,Medium,2,4.3
SV1078,Machine Learning,22,Low,1,1.1
SV1079,Database Systems,2,Low,1,2.3
SV1080,Mobile App Development,31,Low,1,1.2
SV1081,Database Systems,19,Medium,2,1.6
SV1082,Software Engineering,73,Medium,2,4.1
SV1083,Machine Learning,28,Medium,2,0.8
SV1084,Software Engineering,51,Medium,2,3.3
SV1085,Software Engineering,45,Low,1,2.2
SV1086,Cybersecurity,33,Medium,2,1.1
SV1087,Machine Learning,100,High,3,5.3
SV1088,Software Engineering,83,High,3,5.2
SV1089,Cybersecurity,60,Medium,2,2.8
SV1090,Cybersecurity,71,Medium,2,2.8
SV1091,Machine Learning,70,Medium,2,3.0
SV1092,Cloud Computing,69,Medium,2,4.1
SV1093,Computer Networks,10,Low,1,1.1
SV1094,Mobile App Development,81,Medium,2,6.3
SV1095,Computer Networks,92,High,3,6.4
SV1096,Database Systems,88,High,3,5.8
SV1097,Mobile App Development,62,Medium,2,3.9
SV1098,Database Systems,20,Medium,2,0.8
SV1099,Software Engineering,2,Low,1,0.8
SV1100,Data Science,81,High,3,6.6
SV1101,Machine Learning,87,High,3,6.7
SV1102,Mobile App Development,9,Low,1,2.2
SV1103,Mobile App Development,26,Low,1,0.9
SV1104,Software Engineering,11,Low,1,1.3
SV1105,Cloud Computing,6,Low,1,1.5
SV1106,Cybersecurity,16,Low,1,2.2
SV1107,Software Engineering,64,Medium,2,4.0
SV1108,Artificial Intelligence,63,High,3,4.1
SV1109,Cybersecurity,25,Low,1,1.5
SV1110,Machine Learning,14,Low,1,1.3
SV1111,Cybersecurity,32,Low,1,2.0
SV1112,Cloud Computing,61,Medium,2,3.5
SV1113,Cybersecurity,100,High,3,5.3
SV1114,Machine Learning,46,Medium,2,3.9
SV1115,Cloud Computing,94,High,3,6.2
SV1116,Computer Networks,34,Low,1,2.1
SV1117,Mobile App Development,64,Medium,2,3.2
SV1118,Mobile App Development,71,Medium,2,3.0
SV1119,Database Systems,75,Medium,2,3.4
SV1120,Computer Networks,82,High,3,6.0
SV1121,Computer Networks,24,Low,1,1.6
SV1122,Cybersecurity,56,Medium,2,3.2
SV1123,Mobile App Development,31,Low,1,1.9
SV1124,Machine Learning,62,Medium,2,3.1
SV1125,Web Development,11,Low,1,1.5
SV1126,Web Development,62,Medium,2,3.8
SV1127,Cloud Computing,76,Medium,2,6.4
SV1128,Mobile App Development,91,Medium,2,5.9
SV1129,Mobile App Development,0,Low,1,1.4
SV1130,Web Development,50,Medium,2,4.3
SV1131,Mobile App Development,69,Medium,2,3.9
SV1132,Cybersecurity,7,Low,1,1.0
SV1133,Artificial Intelligence,67,High,3,3.6
SV1134,Data Science,4,Low,1,1.2
SV1135,Computer Networks,88,High,3,6.8
SV1136,Database Systems,85,High,3,5.4
SV1137,Cloud Computing,91,High,3,6.0
SV1138,Artificial Intelligence,38,Low,1,1.4
SV1139,Web Development,22,Low,1,1.9
SV1140,Computer Networks,67,Medium,2,4.3
SV1141,Mobile App Development,51,Medium,2,3.6
SV1142,Database Systems,3,Low,1,1.9
SV1143,Mobile App Development,46,High,3,4.0
SV1144,Machine Learning,20,Low,1,1.5
SV1145,Machine Learning,100,High,3,6.7
SV1146,Database Systems,55,High,3,3.3
SV1147,Database Systems,65,High,3,2.9
SV1148,Web Development,58,Medium,2,2.8
SV1149,Database Systems,6,Low,1,1.9
SV1150,Cybersecurity,48,Medium,2,3.9
SV1151,Mobile App Development,15,Low,1,1.5
SV1152,Artificial Intelligence,16,Low,1,1.3
SV1153,Software Engineering,83,High,3,6.3
SV1154,Database Systems,86,High,3,6.1
SV1155,Cloud Computing,97,High,3,5.6
SV1156,Machine Learning,74,Medium,2,3.9
SV1157,Cybersecurity,33,Low,1,2.1
SV1158,Computer Networks,32,Low,1,1.3
SV1159,Software Engineering,25,Low,1,1.4
SV1160,Artificial Intelligence,65,Medium,2,3.2
SV1161,Software Engineering,62,Medium,2,3.7
SV1162,Database Systems,86,High,3,6.6
SV1163,Web Development,40,Low,1,1.0
SV1164,Machine Learning,85,High,3,6.2
SV1165,Machine Learning,57,Medium,2,3.1
SV1166,Computer Networks,97,High,3,6.3
SV1167,Web Development,78,High,3,6.1
SV1168,Mobile App Development,9,Low,1,1.9
SV1169,Data Science,14,Low,1,2.0
SV1170,Cybersecurity,41,Low,1,2.1
SV1171,Machine Learning,92,High,3,6.5
SV1172,Cloud Computing,56,Medium,2,3.0
SV1173,Machine Learning,86,High,3,5.8
SV1174,Software Engineering,16,Low,1,1.5
SV1175,Machine Learning,59,Medium,2,3.8
SV1176,Machine Learning,8,Low,1,1.0
SV1177,Data Science,35,Medium,2,2.0
SV1178,Data Science,72,Medium,2,3.2
SV1179,Artificial Intelligence,79,High,3,5.4
SV1180,Mobile App Development,35,Low,1,0.9
SV1181,Cloud Computing,47,Medium,2,3.7
SV1182,Machine Learning,50,Medium,2,3.5
SV1183,Machine Learning,96,High,3,5.4
SV1184,Cybersecurity,94,High,3,5.5
SV1185,Data Science,69,Low,1,3.0
SV1186,Cloud Computing,73,Medium,2,3.3
SV1187,Computer Networks,79,High,3,6.0
SV1188,Artificial Intelligence,67,Low,1,3.8
SV1189,Mobile App Development,21,Low,1,2.0
SV1190,Web Development,76,High,3,5.8
SV1191,Mobile App Development,79,High,3,6.7
SV1192,Software Engineering,92,High,3,6.5
SV1193,Machine Learning,5,Low,1,2.0
SV1194,Artificial Intelligence,25,Low,1,1.0
SV1195,Software Engineering,74,Medium,2,2.9
SV1196,Cloud Computing,87,High,3,5.5
SV1197,Web Development,92,High,3,6.8
SV1198,Data Science,2,Low,1,1.6
SV1199,Artificial Intelligence,51,Medium,2,4.2
SV1200,Artificial Intelligence,73,Medium,2,3.6
SV1201,Machine Learning,59,Medium,2,3.1
SV1202,Database Systems,62,Low,1,3.4
SV1203,Artificial Intelligence,64,Low,1,3.6
SV1204,Cybersecurity,51,Medium,2,3.6
SV1205,Web Development,89,High,3,6.7
SV1206,Web Development,75,Medium,2,3.0
SV1207,Cybersecurity,13,Low,1,1.7
SV1208,Computer Networks,88,Medium,2,5.8
SV1209,Cybersecurity,71,Medium,2,4.2
SV1210,Cybersecurity,67,Medium,2,3.6
SV1211,Web Development,27,Low,1,2.2
SV1212,Mobile App Development,70,High,3,4.3
SV1213,Web Development,9,Low,1,1.0
SV1214,Database Systems,56,Medium,2,3.6
SV1215,Machine Learning,99,Medium,2,5.3
SV1216,Software Engineering,65,Medium,2,4.1
SV1217,Mobile App Development,89,High,3,6.6
SV1218,Data Science,49,Medium,2,4.0
SV1219,Software Engineering,13,Low,1,0.9
SV1220,Machine Learning,15,Low,1,1.4
SV1221,Database Systems,53,Medium,2,2.9
SV1222,Database Systems,42,Medium,2,1.1
SV1223,Data Science,41,Low,1,1.5
SV1224,Mobile App Development,80,High,3,5.9
SV1225,Computer Networks,21,Low,1,1.5
SV1226,Cybersecurity,67,Medium,2,3.9
SV1227,Mobile App Development,18,Low,1,1.6
SV1228,Computer Networks,65,Medium,2,2.7
SV1229,Database Systems,38,Low,1,2.2
SV1230,Web Development,72,Medium,2,3.4
SV1231,Machine Learning,18,Medium,2,1.0
SV1232,Data Science,15,Low,1,2.1
SV1233,Machine Learning,53,Medium,2,3.5
SV1234,Cloud Computing,24,Low,1,2.0
SV1235,Cloud Computing,17,Low,1,1.1
SV1236,Mobile App Development,22,Low,1,1.5
SV1237,Database Systems,84,High,3,6.6
SV1238,Database Systems,10,Medium,2,2.1
SV1239,Cybersecurity,38,Low,1,1.4
SV1240,Cybersecurity,67,Medium,2,3.9
SV1241,Cybersecurity,24,Low,1,0.8
SV1242,Web Development,62,High,3,3.4
SV1243,Software Engineering,95,High,3,6.2
SV1244,Artificial Intelligence,29,Low,1,1.0
SV1245,Software Engineering,44,Low,1,1.2
SV1246,Machine Learning,89,High,3,5.9
SV1247,Software Engineering,60,Medium,2,4.2
SV1248,Web Development,99,High,3,6.7
SV1249,Machine Learning,50,Medium,2,2.8
SV1250,Software Engineering,97,High,3,5.7
SV1251,Web Development,8,Low,1,1.8
SV1252,Artificial Intelligence,75,High,3,3.1
SV1253,Software Engineering,1,Low,1,1.5
SV1254,Web Development,4,Low,1,1.6
SV1255,Cybersecurity,61,Medium,2,3.4
SV1256,Database Systems,68,Medium,2,2.7
SV1257,Cybersecurity,51,Medium,2,3.2
SV1258,Database Systems,85,Medium,2,5.7
SV1259,Data Science,4,Low,1,1.3
SV1260,Data Science,58,Medium,2,3.5
SV1261,Data Science,67,Medium,2,3.7
SV1262,Artificial Intelligence,8,Low,1,1.4
SV1263,Cybersecurity,92,High,3,6.5
SV1264,Database Systems,21,Low,1,1.8
SV1265,Web Development,26,Low,1,1.4
SV1266,Machine Learning,9,Low,1,1.0
SV1267,Web Development,79,High,3,5.6
SV1268,Machine Learning,60,Medium,2,3.1
SV1269,Cloud Computing,50,Medium,2,4.0
SV1270,Web Development,9,Low,1,1.3
SV1271,Software Engineering,5,Medium,2,1.7
SV1272,Software Engineering,61,Medium,2,4.0
SV1273,Mobile App Development,4,Low,1,1.9
SV1274,Cybersecurity,69,Medium,2,3.4
SV1275,Machine Learning,62,Medium,2,3.5
SV1276,Machine Learning,55,Medium,2,3.6
SV1277,Cybersecurity,58,Medium,2,3.2
SV1278,Artificial Intelligence,62,Medium,2,2.9
SV1279,Mobile App Development,88,High,3,6.4
SV1280,Artificial Intelligence,58,Low,1,3.8
SV1281,Artificial Intelligence,50,Medium,2,2.9
SV1282,Artificial Intelligence,49,Medium,2,3.0
SV1283,Cybersecurity,3,Low,1,1.3
SV1284,Artificial Intelligence,47,Medium,2,3.9
SV1285,Software Engineering,31,Low,1,0.7
SV1286,Data Science,50,High,3,3.8
SV1287,Cloud Computing,51,Low,1,4.0
SV1288,Machine Learning,98,High,3,6.1
SV1289,Machine Learning,73,Medium,2,3.4
SV1290,Cloud Computing,33,Low,1,1.4
SV1291,Cybersecurity,35,Low,1,2.2
SV1292,Web Development,69,High,3,3.8
SV1293,Cybersecurity,42,Low,1,0.8
SV1294,Machine Learning,15,Low,1,0.8
SV1295,Machine Learning,58,Low,1,3.6
SV1296,Cloud Computing,52,Medium,2,2.7
SV1297,Artificial Intelligence,18,Low,1,0.9
SV1298,Cybersecurity,97,High,3,5.3
SV1299,Database Systems,88,High,3,6.3
SV1300,Cloud Computing,94,High,3,5.9
SV1301,Software Engineering,40,Low,1,0.8
SV1302,Machine Learning,80,Medium,2,5.6
SV1303,Cloud Computing,46,Medium,2,3.9
SV1304,Cybersecurity,93,High,3,5.8
SV1305,Machine Learning,53,Medium,2,3.9
SV1306,Web Development,54,Medium,2,3.9
SV1307,Cloud Computing,94,High,3,6.4
SV1308,Mobile App Development,18,Medium,2,2.2
SV1309,Machine Learning,61,Medium,2,3.5
SV1310,Cybersecurity,98,High,3,6.7
SV1311,Data Science,92,High,3,5.4
SV1312,Database Systems,58,Medium,2,2.9
SV1313,Computer Networks,64,Medium,2,3.6
SV1314,Artificial Intelligence,67,Medium,2,2.8
SV1315,Computer Networks,27,Medium,2,1.9
SV1316,Cybersecurity,17,Low,1,1.3
SV1317,Software Engineering,25,Low,1,1.5
SV1318,Software Engineering,18,Low,1,0.9
SV1319,Data Science,54,Medium,2,2.9
SV1320,Artificial Intelligence,56,High,3,2.8
SV1321,Mobile App Development,5,Low,1,1.4
SV1322,Data Science,0,Low,1,1.6
SV1323,Computer Networks,7,Low,1,2.0
SV1324,Data Science,96,High,3,6.1
SV1325,Computer Networks,50,Medium,2,4.1
SV1326,Machine Learning,84,High,3,6.2
SV1327,Software Engineering,87,High,3,6.0
SV1328,Machine Learning,24,Low,1,2.1
SV1329,Database Systems,46,Medium,2,3.3
SV1330,Artificial Intelligence,54,Medium,2,3.4
SV1331,Mobile App Development,63,Medium,2,3.4
SV1332,Computer Networks,82,High,3,6.8
SV1333,Mobile App Development,92,High,3,5.5
SV1334,Computer Networks,9,Low,1,0.8
SV1335,Cybersecurity,55,Medium,2,3.6
SV1336,Data Science,11,Low,1,1.8
SV1337,Database Systems,32,Low,1,1.1
SV1338,Software Engineering,70,Medium,2,4.3
SV1339,Computer Networks,16,Low,1,1.9
SV1340,Mobile App Development,60,Medium,2,4.0
SV1341,Database Systems,9,Low,1,1.8
SV1342,Web Development,30,Low,1,2.2
SV1343,Web Development,59,Medium,2,3.1
SV1344,Machine Learning,69,Medium,2,3.9
SV1345,Software Engineering,16,Low,1,1.0
SV1346,Cybersecurity,49,Low,1,3.8
SV1347,Mobile App Development,36,Low,1,1.5
SV1348,Data Science,81,High,3,6.1
SV1349,Data Science,61,Low,1,3.0
SV1350,Mobile App Development,89,High,3,5.6
SV1351,Artificial Intelligence,79,High,3,6.0
SV1352,Cybersecurity,71,Medium,2,2.8
SV1353,Database Systems,87,High,3,6.8
SV1354,Computer Networks,76,High,3,6.6
SV1355,Artificial Intelligence,28,Low,1,1.5
SV1356,Computer Networks,31,Low,1,1.0
SV1357,Computer Networks,87,High,3,5.6
SV1358,Artificial Intelligence,79,High,3,5.3
SV1359,Machine Learning,10,Low,1,0.9
SV1360,Web Development,95,High,3,5.7
SV1361,Computer Networks,5,Low,1,1.5
SV1362,Artificial Intelligence,34,Low,1,1.7
SV1363,Artificial Intelligence,32,Medium,2,0.8
SV1364,Cloud Computing,17,Medium,2,1.7
SV1365,Machine Learning,36,Low,1,1.3
SV1366,Software Engineering,12,Low,1,2.1
SV1367,Cloud Computing,73,Medium,2,3.6
SV1368,Cloud Computing,100,Medium,2,5.5
SV1369,Mobile App Development,89,High,3,6.3
SV1370,Web Development,80,High,3,5.4
SV1371,Artificial Intelligence,63,Medium,2,3.3
SV1372,Web Development,0,Low,1,2.1
SV1373,Cybersecurity,62,Medium,2,2.8
SV1374,Mobile App Development,88,High,3,6.0
SV1375,Software Engineering,33,Low,1,0.9
SV1376,Web Development,9,Low,1,1.1
SV1377,Data Science,83,High,3,5.2
SV1378,Computer Networks,6,Low,1,0.8
SV1379,Cybersecurity,55,Medium,2,2.9
SV1380,Machine Learning,79,High,3,5.2
SV1381,Software Engineering,36,Low,1,0.9
SV1382,Cybersecurity,28,Medium,2,2.2
SV1383,Computer Networks,11,Low,1,1.7
SV1384,Mobile App Development,16,Low,1,2.2
SV1385,Computer Networks,47,Medium,2,2.8
SV1386,Cloud Computing,83,High,3,5.3
SV1387,Computer Networks,25,Low,1,1.8
SV1388,Cloud Computing,82,High,3,5.8
SV1389,Mobile App Development,11,Low,1,1.1
SV1390,Database Systems,20,Low,1,2.0
SV1391,Cloud Computing,41,Low,1,1.7
SV1392,Machine Learning,60,Medium,2,3.1
SV1393,Computer Networks,57,Medium,2,3.4
SV1394,Computer Networks,53,Medium,2,3.6
SV1395,Machine Learning,33,Low,1,1.2
SV1396,Data Science,6,Low,1,1.8
SV1397,Artificial Intelligence,34,Low,1,1.4
SV1398,Database Systems,14,Low,1,1.0
SV1399,Software Engineering,64,Medium,2,4.1
SV1400,Cloud Computing,89,High,3,5.3
SV1401,Machine Learning,98,High,3,6.1
SV1402,Mobile App Development,24,Low,1,1.9
SV1403,Cloud Computing,58,Medium,2,4.1
SV1404,Artificial Intelligence,78,Medium,2,5.5
SV1405,Mobile App Development,85,High,3,6.3
SV1406,Cybersecurity,5,Low,1,0.8
SV1407,Computer Networks,51,Medium,2,3.6
SV1408,Cybersecurity,78,Medium,2,6.0
SV1409,Cloud Computing,87,High,3,5.5
SV1410,Artificial Intelligence,20,Low,1,1.7
SV1411,Database Systems,70,Medium,2,4.1
SV1412,Cloud Computing,92,High,3,5.6
SV1413,Machine Learning,95,High,3,6.7
SV1414,Web Development,31,Low,1,1.9
SV1415,Cloud Computing,52,Medium,2,2.7
SV1416,Computer Networks,58,Medium,2,3.1
SV1417,Computer Networks,68,Medium,2,3.8
SV1418,Cloud Computing,61,High,3,3.8
SV1419,Mobile App Development,3,Low,1,1.8
SV1420,Web Development,85,High,3,6.3
SV1421,Machine Learning,17,Low,1,2.2
SV1422,Cloud Computing,98,High,3,6.3
SV1423,Mobile App Development,80,High,3,6.7
SV1424,Computer Networks,55,Medium,2,3.5
SV1425,Computer Networks,23,Low,1,1.1
SV1426,Artificial Intelligence,65,Medium,2,3.1
SV1427,Cloud Computing,12,Low,1,1.4
SV1428,Web Development,61,Medium,2,3.4
SV1429,Data Science,53,Medium,2,3.2
SV1430,Web Development,14,Low,1,0.8
SV1431,Computer Networks,68,Medium,2,3.6
SV1432,Computer Networks,2,Low,1,1.0
SV1433,Cybersecurity,36,Low,1,1.9
SV1434,Computer Networks,36,Low,1,2.2
SV1435,Machine Learning,100,High,3,5.7
SV1436,Software Engineering,2,Low,1,1.5
SV1437,Cloud Computing,62,Low,1,2.9
SV1438,Web Development,34,Low,1,1.9
SV1439,Software Engineering,51,Medium,2,2.7
SV1440,Mobile App Development,86,High,3,5.9
SV1441,Data Science,27,Low,1,1.0
SV1442,Machine Learning,93,High,3,6.8
SV1443,Web Development,17,Low,1,1.2
SV1444,Software Engineering,35,Low,1,1.1
SV1445,Data Science,32,Low,1,2.0
SV1446,Cybersecurity,63,High,3,3.0
SV1447,Machine Learning,25,Low,1,1.7
SV1448,Machine Learning,47,Medium,2,3.4
SV1449,Cybersecurity,39,Low,1,1.5
SV1450,Cloud Computing,16,Low,1,2.0
SV1451,Cybersecurity,39,Low,1,0.9
SV1452,Machine Learning,6,Low,1,2.2
SV1453,Machine Learning,56,Medium,2,4.1
SV1454,Software Engineering,7,Low,1,1.5
SV1455,Computer Networks,55,Medium,2,4.1
SV1456,Data Science,30,Low,1,1.1
SV1457,Cybersecurity,58,Medium,2,4.1
SV1458,Data Science,57,High,3,4.3
SV1459,Cybersecurity,11,Medium,2,0.7
SV1460,Mobile App Development,47,Low,1,2.9
SV1461,Machine Learning,30,Low,1,2.0
SV1462,Computer Networks,82,High,3,5.5
SV1463,Software Engineering,62,Medium,2,4.2
SV1464,Computer Networks,73,Medium,2,2.9
SV1465,Computer Networks,38,Low,1,1.3
SV1466,Computer Networks,75,Medium,2,3.4
SV1467,Data Science,19,Low,1,2.3
SV1468,Cybersecurity,100,High,3,6.0
SV1469,Database Systems,47,High,3,2.9
SV1470,Mobile App Development,70,Medium,2,4.0
SV1471,Web Development,53,Medium,2,4.0
SV1472,Computer Networks,77,High,3,5.3
SV1473,Cloud Computing,74,Medium,2,3.0
SV1474,Data Science,70,Medium,2,3.7
SV1475,Software Engineering,28,Medium,2,2.0
SV1476,Web Development,73,Medium,2,4.0
SV1477,Database Systems,92,High,3,6.3
SV1478,Cloud Computing,72,Medium,2,3.6
SV1479,Database Systems,99,High,3,6.2
SV1480,Web Development,47,Medium,2,3.0
SV1481,Computer Networks,73,Medium,2,3.1
SV1482,Cloud Computing,82,Medium,2,5.2
SV1483,Database Systems,55,Medium,2,3.3
SV1484,Software Engineering,94,High,3,5.8
SV1485,Cybersecurity,16,Low,1,1.4
SV1486,Machine Learning,8,Low,1,1.3
SV1487,Cybersecurity,96,High,3,6.7
SV1488,Web Development,33,Low,1,2.2
SV1489,Data Science,44,Low,1,1.6
SV1490,Machine Learning,87,High,3,6.3
SV1491,Mobile App Development,8,Low,1,1.8
SV1492,Software Engineering,6,Medium,2,1.3
SV1493,Mobile App Development,15,Low,1,1.8
SV1494,Cloud Computing,18,Low,1,1.2
SV1495,Machine Learning,5,Low,1,2.1
SV1496,Mobile App Development,10,Low,1,1.7
SV1497,Mobile App Development,75,Medium,2,4.3
SV1498,Database Systems,60,Medium,2,3.1
SV1499,Cybersecurity,41,Low,1,1.7
SV1500,Database Systems,12,Low,1,1.7
SV1501,Machine Learning,11,Medium,2,2.1
SV1502,Machine Learning,84,Medium,2,6.8
SV1503,Web Development,73,Medium,2,3.0
SV1504,Database Systems,19,Low,1,1.0
SV1505,Artificial Intelligence,49,Medium,2,2.7
SV1506,Cybersecurity,35,Low,1,1.9
SV1507,Machine Learning,91,High,3,6.5
SV1508,Web Development,87,High,3,5.3
SV1509,Database Systems,68,Medium,2,3.1
SV1510,Cybersecurity,36,Low,1,1.7
SV1511,Database Systems,11,Low,1,2.3
SV1512,Mobile App Development,98,High,3,5.3
SV1513,Web Development,39,Medium,2,1.6
SV1514,Cybersecurity,53,Medium,2,3.5
SV1515,Computer Networks,1,Low,1,0.8
SV1516,Cloud Computing,49,Medium,2,3.5
SV1517,Cloud Computing,40,Low,1,1.8
SV1518,Cybersecurity,44,Low,1,1.1
SV1519,Database Systems,8,Low,1,1.9
SV1520,Web Development,61,Medium,2,3.3
SV1521,Cloud Computing,85,High,3,5.6
SV1522,Web Development,46,Medium,2,2.7
SV1523,Cloud Computing,4,Low,1,1.7
SV1524,Mobile App Development,75,High,3,3.3
SV1525,Database Systems,0,Low,1,1.7
SV1526,Mobile App Development,43,Medium,2,1.3
SV1527,Cloud Computing,21,Low,1,2.1
SV1528,Computer Networks,37,Low,1,0.9
SV1529,Computer Networks,18,Low,1,2.0
SV1530,Mobile App Development,79,Medium,2,6.6
SV1531,Computer Networks,30,Low,1,0.7
SV1532,Cloud Computing,66,Medium,2,3.0
SV1533,Cybersecurity,86,High,3,6.3
SV1534,Mobile App Development,41,Low,1,0.8
SV1535,Data Science,81,High,3,6.5
SV1536,Database Systems,25,Low,1,2.0
SV1537,Computer Networks,12,Low,1,2.1
SV1538,Computer Networks,57,Medium,2,2.7
SV1539,Machine Learning,17,Low,1,2.2
SV1540,Artificial Intelligence,66,Medium,2,3.1
SV1541,Mobile App Development,86,High,3,5.9
SV1542,Software Engineering,2,Low,1,0.9
SV1543,Computer Networks,54,Medium,2,3.2
SV1544,Database Systems,88,High,3,6.7
SV1545,Data Science,90,High,3,5.8
SV1546,Computer Networks,57,Medium,2,3.5
SV1547,Data Science,62,Medium,2,3.7
SV1548,Cloud Computing,90,High,3,6.6
SV1549,Cloud Computing,51,Medium,2,4.2
SV1550,Artificial Intelligence,88,High,3,6.4
SV1551,Cybersecurity,23,Low,1,1.2
SV1552,Software Engineering,71,Medium,2,3.9
SV1553,Machine Learning,8,Low,1,2.1
SV1554,Artificial Intelligence,36,Low,1,1.8
SV1555,Web Development,93,High,3,5.4
SV1556,Machine Learning,82,High,3,6.0
SV1557,Mobile App Development,52,Medium,2,3.2
SV1558,Database Systems,79,High,3,5.5
SV1559,Web Development,23,Low,1,2.2
SV1560,Web Development,20,Low,1,1.7
SV1561,Artificial Intelligence,99,Medium,2,6.6
SV1562,Cybersecurity,39,Low,1,1.7
SV1563,Artificial Intelligence,61,High,3,3.7
SV1564,Mobile App Development,69,Medium,2,3.4
SV1565,Computer Networks,68,Low,1,4.0
SV1566,Computer Networks,13,Low,1,1.8
SV1567,Cybersecurity,41,Low,1,2.1
SV1568,Mobile App Development,49,Medium,2,3.5
SV1569,Cybersecurity,60,Medium,2,3.4
SV1570,Data Science,3,Low,1,1.4
SV1571,Computer Networks,71,Medium,2,3.4
SV1572,Web Development,87,High,3,6.1
SV1573,Software Engineering,74,Medium,2,4.3
SV1574,Database Systems,16,Low,1,1.0
SV1575,Mobile App Development,84,High,3,6.6
SV1576,Machine Learning,56,Low,1,3.8
SV1577,Cybersecurity,89,High,3,5.5
SV1578,Database Systems,47,Medium,2,3.3
SV1579,Machine Learning,43,Low,1,2.0
SV1580,Database Systems,44,Low,1,2.1
SV1581,Software Engineering,90,High,3,6.4
SV1582,Machine Learning,79,High,3,5.3
SV1583,Artificial Intelligence,89,High,3,6.2
SV1584,Cloud Computing,32,Low,1,1.5
SV1585,Artificial Intelligence,30,Low,1,1.9
SV1586,Computer Networks,46,Medium,2,4.2
SV1587,Cloud Computing,5,Low,1,1.7
SV1588,Artificial Intelligence,71,Medium,2,3.7
SV1589,Cloud Computing,70,Medium,2,3.9
SV1590,Cloud Computing,33,Low,1,2.1
SV1591,Web Development,52,Low,1,3.2
SV1592,Cybersecurity,13,Low,1,1.5
SV1593,Cybersecurity,15,Low,1,1.6
SV1594,Web Development,42,Low,1,1.3
SV1595,Database Systems,72,Medium,2,3.4
SV1596,Data Science,73,Low,1,2.8
SV1597,Database Systems,80,High,3,6.7
SV1598,Machine Learning,11,Low,1,1.3
SV1599,Machine Learning,69,High,3,3.8
SV1600,Cloud Computing,18,Low,1,1.9
SV1601,Artificial Intelligence,40,Low,1,1.5
SV1602,Artificial Intelligence,52,Medium,2,3.2
SV1603,Cybersecurity,28,Low,1,2.1
SV1604,Mobile App Development,69,Medium,2,3.4
SV1605,Database Systems,58,Low,1,2.8
SV1606,Computer Networks,88,High,3,5.9
SV1607,Software Engineering,63,Medium,2,2.7
SV1608,Artificial Intelligence,23,Medium,2,1.3
SV1609,Software Engineering,88,High,3,6.1
SV1610,Cloud Computing,15,Low,1,2.0
SV1611,Software Engineering,51,Medium,2,3.5
SV1612,Computer Networks,79,High,3,5.3
SV1613,Web Development,5,Low,1,2.2
SV1614,Computer Networks,36,Low,1,1.1
SV1615,Software Engineering,84,High,3,5.7
SV1616,Computer Networks,3,Low,1,1.6
SV1617,Data Science,97,High,3,5.9
SV1618,Cloud Computing,91,High,3,5.3
SV1619,Database Systems,37,Low,1,1.9
SV1620,Web Development,40,Low,1,1.7
SV1621,Artificial Intelligence,91,High,3,5.2
SV1622,Machine Learning,80,High,3,6.0
SV1623,Database Systems,13,Low,1,0.9
SV1624,Machine Learning,70,Low,1,3.3
SV1625,Cloud Computing,85,High,3,6.7
SV1626,Web Development,50,Medium,2,4.2
SV1627,Cybersecurity,64,High,3,3.5
SV1628,Artificial Intelligence,92,High,3,6.5
SV1629,Data Science,51,Medium,2,3.1
SV1630,Cybersecurity,94,High,3,6.0
SV1631,Cloud Computing,29,Low,1,0.9
SV1632,Database Systems,56,Medium,2,4.1
SV1633,Data Science,78,High,3,6.6
SV1634,Computer Networks,81,High,3,5.5
SV1635,Software Engineering,98,High,3,5.9
SV1636,Data Science,29,Low,1,2.0
SV1637,Cloud Computing,97,High,3,6.7
SV1638,Mobile App Development,41,Low,1,1.0
SV1639,Software Engineering,10,Low,1,0.9
SV1640,Machine Learning,26,Low,1,1.0
SV1641,Artificial Intelligence,23,Low,1,0.9
SV1642,Machine Learning,98,Medium,2,6.3
SV1643,Data Science,38,Low,1,1.8
SV1644,Machine Learning,71,Medium,2,2.9
SV1645,Cloud Computing,17,Low,1,0.9
SV1646,Computer Networks,76,High,3,6.4
SV1647,Database Systems,44,Low,1,1.2
SV1648,Artificial Intelligence,87,High,3,6.2
SV1649,Machine Learning,86,High,3,5.6
SV1650,Machine Learning,11,Low,1,2.0
SV1651,Data Science,48,Medium,2,3.8
SV1652,Database Systems,93,High,3,6.1
SV1653,Cybersecurity,30,Low,1,1.1
SV1654,Machine Learning,91,High,3,6.6
SV1655,Cloud Computing,21,Low,1,1.6
SV1656,Mobile App Development,43,Low,1,2.3
SV1657,Artificial Intelligence,91,High,3,5.9
SV1658,Machine Learning,63,Medium,2,4.0
SV1659,Cloud Computing,76,High,3,5.9
SV1660,Cloud Computing,24,Low,1,1.7
SV1661,Artificial Intelligence,50,Medium,2,4.1
SV1662,Cybersecurity,6,Low,1,1.4
SV1663,Cloud Computing,5,Low,1,2.3
SV1664,Mobile App Development,23,Low,1,1.4
SV1665,Cloud Computing,18,Low,1,1.6
SV1666,Cloud Computing,82,Medium,2,6.5
SV1667,Cloud Computing,99,High,3,5.9
SV1668,Computer Networks,8,Low,1,2.1
SV1669,Computer Networks,35,Low,1,1.1
SV1670,Cybersecurity,39,Medium,2,2.0
SV1671,Machine Learning,92,High,3,5.5
SV1672,Cloud Computing,23,Low,1,0.7
SV1673,Database Systems,47,Medium,2,3.9
SV1674,Machine Learning,62,Medium,2,3.9
SV1675,Cybersecurity,68,Medium,2,3.3
SV1676,Web Development,52,High,3,3.1
SV1677,Machine Learning,53,Medium,2,3.2
SV1678,Machine Learning,41,Low,1,1.5
SV1679,Software Engineering,44,Low,1,1.8
SV1680,Data Science,89,High,3,6.1
SV1681,Software Engineering,13,Low,1,1.7
SV1682,Mobile App Development,28,Low,1,1.7
SV1683,Computer Networks,5,Low,1,1.0
SV1684,Computer Networks,6,Low,1,2.2
SV1685,Data Science,36,Low,1,1.2
SV1686,Artificial Intelligence,52,Medium,2,4.2
SV1687,Artificial Intelligence,17,Low,1,2.0
SV1688,Cybersecurity,86,Medium,2,5.2
SV1689,Data Science,37,Low,1,1.9
SV1690,Machine Learning,58,Medium,2,4.2
SV1691,Artificial Intelligence,0,Low,1,1.1
SV1692,Cloud Computing,67,High,3,3.0
SV1693,Database Systems,43,Low,1,1.5
SV1694,Machine Learning,46,Low,1,3.2
SV1695,Mobile App Development,34,Low,1,2.1
SV1696,Cloud Computing,86,High,3,6.2
SV1697,Cloud Computing,90,High,3,5.7
SV1698,Data Science,59,Medium,2,3.4
SV1699,Cybersecurity,89,Medium,2,5.5
SV1700,Mobile App Development,51,Medium,2,3.4
SV1701,Artificial Intelligence,7,Low,1,1.6
SV1702,Data Science,79,High,3,5.3
SV1703,Artificial Intelligence,40,Medium,2,0.9
SV1704,Data Science,2,Low,1,0.7
SV1705,Data Science,95,High,3,5.2
SV1706,Data Science,68,Medium,2,3.3
SV1707,Cybersecurity,83,High,3,5.8
SV1708,Data Science,13,Low,1,1.9
SV1709,Web Development,95,Medium,2,6.7
SV1710,Database Systems,25,Low,1,1.5
SV1711,Artificial Intelligence,69,Medium,2,3.3
SV1712,Machine Learning,57,Medium,2,3.9
SV1713,Software Engineering,99,High,3,6.7
SV1714,Mobile App Development,39,Low,1,1.5
SV1715,Computer Networks,50,Medium,2,3.1
SV1716,Cybersecurity,4,Low,1,1.2
SV1717,Machine Learning,76,High,3,5.8
SV1718,Cloud Computing,31,Low,1,2.2
SV1719,Web Development,79,High,3,6.0
SV1720,Computer Networks,0,Low,1,1.7
SV1721,Software Engineering,76,Medium,2,5.4
SV1722,Machine Learning,53,Low,1,3.4
SV1723,Computer Networks,10,Low,1,1.2
SV1724,Machine Learning,52,Medium,2,4.2
SV1725,Web Development,7,Low,1,1.8
SV1726,Software Engineering,24,Low,1,0.9
SV1727,Cloud Computing,39,Low,1,0.9
SV1728,Data Science,31,Low,1,1.6
SV1729,Artificial Intelligence,87,Medium,2,5.4
SV1730,Cloud Computing,27,Low,1,1.7
SV1731,Data Science,77,High,3,6.1
SV1732,Cybersecurity,2,Low,1,1.3
SV1733,Database Systems,99,Medium,2,5.6
SV1734,Mobile App Development,90,High,3,6.8
SV1735,Mobile App Development,83,High,3,6.7
SV1736,Artificial Intelligence,78,High,3,5.3
SV1737,Software Engineering,61,High,3,2.9
SV1738,Web Development,26,Low,1,1.1
SV1739,Software Engineering,44,Low,1,1.7
SV1740,Web Development,91,High,3,5.6
SV1741,Software Engineering,24,Low,1,1.2
SV1742,Database Systems,60,High,3,4.0
SV1743,Cybersecurity,43,Low,1,1.0
SV1744,Cybersecurity,96,High,3,5.5
SV1745,Data Science,45,Low,1,1.3
SV1746,Computer Networks,13,Low,1,0.9
SV1747,Cybersecurity,7,Low,1,1.5
SV1748,Cybersecurity,47,Medium,2,3.6
SV1749,Cloud Computing,13,Low,1,1.4
SV1750,Cloud Computing,64,Medium,2,2.9
SV1751,Data Science,79,High,3,6.6
SV1752,Computer Networks,81,High,3,5.4
SV1753,Artificial Intelligence,6,Low,1,1.7
SV1754,Cloud Computing,78,High,3,5.8
SV1755,Artificial Intelligence,87,High,3,6.3
SV1756,Machine Learning,48,High,3,2.8
SV1757,Cloud Computing,54,Medium,2,2.8
SV1758,Database Systems,12,Low,1,2.0
SV1759,Computer Networks,72,Medium,2,2.8
SV1760,Data Science,55,Medium,2,3.2
SV1761,Machine Learning,55,Medium,2,3.1
SV1762,Computer Networks,14,Low,1,1.9
SV1763,Database Systems,56,Medium,2,3.4
SV1764,Computer Networks,57,Medium,2,4.0
SV1765,Database Systems,34,Low,1,2.1
SV1766,Database Systems,87,High,3,6.7
SV1767,Artificial Intelligence,96,High,3,6.1
SV1768,Software Engineering,15,Medium,2,1.2
SV1769,Machine Learning,7,Low,1,0.8
SV1770,Computer Networks,92,High,3,6.4
SV1771,Web Development,86,High,3,5.4
SV1772,Machine Learning,44,Low,1,1.0
SV1773,Software Engineering,94,High,3,5.5
SV1774,Machine Learning,39,Medium,2,1.1
SV1775,Cybersecurity,53,Medium,2,4.1
SV1776,Web Development,13,Low,1,0.7
SV1777,Software Engineering,58,Medium,2,2.8
SV1778,Artificial Intelligence,93,High,3,6.1
SV1779,Computer Networks,52,Medium,2,3.6
SV1780,Mobile App Development,26,Low,1,2.0
SV1781,Software Engineering,46,High,3,4.1
SV1782,Data Science,79,High,3,5.7
SV1783,Computer Networks,5,Low,1,1.7
SV1784,Software Engineering,54,Medium,2,3.4
SV1785,Cybersecurity,96,High,3,5.5
SV1786,Mobile App Development,43,Low,1,0.8
SV1787,Cybersecurity,17,Low,1,0.8
SV1788,Mobile App Development,15,Low,1,1.2
SV1789,Data Science,11,Low,1,1.9
SV1790,Computer Networks,19,Low,1,1.8
SV1791,Artificial Intelligence,44,Low,1,1.5
SV1792,Cybersecurity,63,High,3,2.8
SV1793,Cybersecurity,58,Medium,2,4.1
SV1794,Database Systems,92,High,3,5.6
SV1795,Mobile App Development,93,High,3,6.3
SV1796,Cloud Computing,89,High,3,5.3
SV1797,Computer Networks,21,Low,1,1.2
SV1798,Mobile App Development,96,High,3,5.6
SV1799,Database Systems,46,Medium,2,3.0
SV1800,Machine Learning,28,Low,1,2.2
SV1801,Mobile App Development,85,High,3,5.5
SV1802,Artificial Intelligence,44,Low,1,2.2
SV1803,Computer Networks,76,High,3,6.5
SV1804,Database Systems,8,Low,1,2.0
SV1805,Machine Learning,23,Low,1,1.1
SV1806,Web Development,14,Low,1,2.0
SV1807,Database Systems,35,Low,1,2.1
SV1808,Web Development,12,Medium,2,1.1
SV1809,Computer Networks,90,High,3,5.2
SV1810,Cybersecurity,43,Low,1,0.9
SV1811,Database Systems,100,High,3,5.7
SV1812,Data Science,70,Medium,2,2.8
SV1813,Web Development,71,Medium,2,4.1
SV1814,Artificial Intelligence,100,Medium,2,5.9
SV1815,Data Science,77,Medium,2,5.8
SV1816,Software Engineering,75,Medium,2,3.1
SV1817,Software Engineering,35,Low,1,1.4
SV1818,Machine Learning,60,Medium,2,3.6
SV1819,Cybersecurity,80,High,3,5.6
SV1820,Computer Networks,39,Low,1,1.1
SV1821,Database Systems,92,High,3,6.0
SV1822,Cloud Computing,26,Low,1,2.2
SV1823,Artificial Intelligence,0,Low,1,1.2
SV1824,Web Development,33,Low,1,0.9
SV1825,Computer Networks,67,Medium,2,3.9
SV1826,Data Science,87,High,3,6.1
SV1827,Software Engineering,20,Low,1,1.6
SV1828,Artificial Intelligence,32,Low,1,1.6
SV1829,Cloud Computing,6,Low,1,1.8
SV1830,Database Systems,64,Medium,2,3.6
SV1831,Machine Learning,2,Low,1,1.3
SV1832,Cloud Computing,50,Medium,2,4.1
SV1833,Artificial Intelligence,78,Medium,2,6.7
SV1834,Cloud Computing,94,High,3,6.3
SV1835,Artificial Intelligence,53,Medium,2,3.4
SV1836,Artificial Intelligence,79,High,3,5.5
SV1837,Mobile App Development,73,Medium,2,3.8
SV1838,Web Development,92,High,3,6.6
SV1839,Software Engineering,58,Medium,2,3.5
SV1840,Mobile App Development,5,Low,1,2.3
SV1841,Database Systems,28,Low,1,1.9
SV1842,Mobile App Development,16,Low,1,1.7
SV1843,Cybersecurity,59,Medium,2,4.2
SV1844,Cybersecurity,21,Low,1,2.2
SV1845,Software Engineering,23,Low,1,1.6
SV1846,Cloud Computing,80,High,3,6.4
SV1847,Web Development,84,High,3,5.2
SV1848,Software Engineering,50,Low,1,3.5
SV1849,Artificial Intelligence,49,Low,1,4.3
SV1850,Data Science,10,Low,1,1.5
SV1851,Web Development,55,Low,1,3.5
SV1852,Web Development,70,Medium,2,2.8
SV1853,Artificial Intelligence,41,Low,1,1.3
SV1854,Artificial Intelligence,38,Medium,2,1.0
SV1855,Machine Learning,68,Medium,2,4.3
SV1856,Software Engineering,47,Medium,2,4.3
SV1857,Artificial Intelligence,56,High,3,3.5
SV1858,Cybersecurity,20,Low,1,0.9
SV1859,Database Systems,81,High,3,6.5
SV1860,Data Science,98,High,3,6.3
SV1861,Software Engineering,19,Low,1,1.1
SV1862,Computer Networks,14,Low,1,1.4
SV1863,Cybersecurity,68,Medium,2,4.1
SV1864,Cloud Computing,76,High,3,6.4
SV1865,Artificial Intelligence,50,Medium,2,3.3
SV1866,Computer Networks,75,Medium,2,3.6
SV1867,Artificial Intelligence,61,Medium,2,2.9
SV1868,Web Development,84,High,3,5.3
SV1869,Cybersecurity,36,Low,1,1.3
SV1870,Web Development,5,Low,1,2.2
SV1871,Machine Learning,70,Medium,2,3.6
SV1872,Web Development,25,Low,1,1.9
SV1873,Machine Learning,7,Low,1,1.7
SV1874,Machine Learning,72,Medium,2,4.0
SV1875,Computer Networks,90,High,3,5.8
SV1876,Artificial Intelligence,3,Medium,2,1.4
SV1877,Cloud Computing,20,Low,1,1.3
SV1878,Web Development,30,Low,1,0.9
SV1879,Cybersecurity,20,Low,1,0.8
SV1880,Machine Learning,24,Low,1,0.8
SV1881,Artificial Intelligence,14,Low,1,0.8
SV1882,Data Science,34,Low,1,1.1
SV1883,Software Engineering,48,Medium,2,4.2
SV1884,Computer Networks,42,Low,1,2.1
SV1885,Cloud Computing,40,Low,1,1.1
SV1886,Mobile App Development,36,Low,1,1.9
SV1887,Computer Networks,56,Low,1,3.6
SV1888,Data Science,41,Low,1,1.1
SV1889,Software Engineering,46,High,3,3.9
SV1890,Data Science,91,High,3,6.1
SV1891,Web Development,60,Medium,2,3.7
SV1892,Machine Learning,13,Medium,2,1.2
SV1893,Cloud Computing,67,Medium,2,3.8
SV1894,Database Systems,52,Medium,2,4.1
SV1895,Machine Learning,83,High,3,6.0
SV1896,Database Systems,33,Low,1,1.5
SV1897,Software Engineering,75,Medium,2,3.7
SV1898,Artificial Intelligence,96,Medium,2,6.1
SV1899,Mobile App Development,23,Low,1,1.9
SV1900,Cybersecurity,19,Low,1,1.5
SV1901,Machine Learning,68,Medium,2,2.8
SV1902,Cloud Computing,29,Low,1,1.3
SV1903,Data Science,87,High,3,5.7
SV1904,Cloud Computing,6,Medium,2,2.0
SV1905,Software Engineering,35,Low,1,2.2
SV1906,Database Systems,37,Low,1,1.2
SV1907,Data Science,79,High,3,6.5
SV1908,Cybersecurity,51,Medium,2,3.1
SV1909,Cybersecurity,14,Low,1,1.5
SV1910,Machine Learning,45,Low,1,2.1
SV1911,Software Engineering,22,Low,1,2.2
SV1912,Artificial Intelligence,11,Low,1,1.9
SV1913,Software Engineering,92,High,3,6.7
SV1914,Database Systems,43,Low,1,1.0
SV1915,Cloud Computing,14,Low,1,1.4
SV1916,Cybersecurity,92,High,3,6.7
SV1917,Cloud Computing,48,Medium,2,3.4
SV1918,Cloud Computing,20,Low,1,2.1
SV1919,Cloud Computing,14,Medium,2,1.5
SV1920,Cybersecurity,13,Low,1,2.0
SV1921,Computer Networks,41,Low,1,1.3
SV1922,Web Development,79,High,3,6.8
SV1923,Database Systems,14,Low,1,1.6
SV1924,Computer Networks,62,Medium,2,3.6
SV1925,Database Systems,67,Medium,2,3.2
SV1926,Data Science,26,Low,1,1.1
SV1927,Software Engineering,86,High,3,6.1
SV1928,Software Engineering,92,High,3,6.2
SV1929,Mobile App Development,52,Medium,2,3.4
SV1930,Software Engineering,51,Medium,2,3.5
SV1931,Cybersecurity,62,High,3,3.4
SV1932,Artificial Intelligence,72,Medium,2,2.8
SV1933,Machine Learning,52,Medium,2,4.1
SV1934,Mobile App Development,56,High,3,4.3
SV1935,Machine Learning,51,Medium,2,3.6
SV1936,Database Systems,42,Low,1,1.6
SV1937,Machine Learning,6,Low,1,2.1
SV1938,Machine Learning,41,Medium,2,1.4
SV1939,Mobile App Development,3,Low,1,0.9
SV1940,Data Science,68,Medium,2,3.2
SV1941,Cloud Computing,4,Medium,2,1.8
SV1942,Software Engineering,74,Medium,2,3.6
SV1943,Software Engineering,91,Medium,2,6.7
SV1944,Cybersecurity,79,High,3,6.8
SV1945,Mobile App Development,40,Low,1,1.8
SV1946,Cybersecurity,93,Medium,2,6.2
SV1947,Artificial Intelligence,3,Low,1,1.9
SV1948,Artificial Intelligence,1,Low,1,1.1
SV1949,Cybersecurity,66,High,3,4.3
SV1950,Mobile App Development,20,Low,1,2.2
SV1951,Cybersecurity,69,Medium,2,3.8
SV1952,Software Engineering,42,Low,1,2.2
SV1953,Computer Networks,81,High,3,6.0
SV1954,Web Development,68,Medium,2,3.2
SV1955,Machine Learning,8,Low,1,0.9
SV1956,Web Development,83,High,3,6.8
SV1957,Mobile App Development,27,Low,1,2.1
SV1958,Web Development,25,Low,1,1.2
SV1959,Artificial Intelligence,81,High,3,5.3
SV1960,Database Systems,82,High,3,5.4
SV1961,Machine Learning,2,Medium,2,0.8
SV1962,Cloud Computing,72,Medium,2,2.9
SV1963,Mobile App Development,99,Medium,2,6.4
SV1964,Machine Learning,94,High,3,6.3
SV1965,Web Development,48,Medium,2,2.9
SV1966,Artificial Intelligence,16,Medium,2,1.4
SV1967,Data Science,62,Medium,2,3.5
SV1968,Computer Networks,54,Medium,2,3.2
SV1969,Cloud Computing,22,Low,1,1.6
SV1970,Computer Networks,33,Low,1,1.3
SV1971,Machine Learning,68,Medium,2,3.8
SV1972,Artificial Intelligence,14,Low,1,1.2
SV1973,Artificial Intelligence,46,Medium,2,2.9
SV1974,Web Development,2,Low,1,0.8
SV1975,Software Engineering,82,High,3,6.4
SV1976,Web Development,27,Low,1,0.7
SV1977,Software Engineering,2,Low,1,1.4
SV1978,Software Engineering,3,Low,1,2.2
SV1979,Cloud Computing,87,High,3,5.5
SV1980,Web Development,30,Low,1,2.2
SV1981,Data Science,44,Low,1,1.8
SV1982,Cybersecurity,58,Medium,2,3.3
SV1983,Cybersecurity,44,Low,1,2.2
SV1984,Web Development,74,Medium,2,4.0
SV1985,Web Development,36,Low,1,1.0
SV1986,Computer Networks,64,Medium,2,3.0
SV1987,Cloud Computing,8,Low,1,1.2
SV1988,Web Development,16,Low,1,2.0
SV1989,Computer Networks,64,Medium,2,3.0
SV1990,Software Engineering,2,Low,1,2.3
SV1991,Artificial Intelligence,25,Low,1,0.8
SV1992,Artificial Intelligence,52,Low,1,3.2
SV1993,Software Engineering,30,Low,1,2.0
SV1994,Mobile App Development,25,Low,1,1.1
SV1995,Computer Networks,22,Low,1,1.1
SV1996,Computer Networks,29,Medium,2,1.5
SV1997,Software Engineering,9,Low,1,1.4
SV1998,Data Science,71,Medium,2,3.3
SV1999,Database Systems,88,High,3,6.2
SV2000,Machine Learning,63,Medium,2,3.2
SV2001,Software Engineering,21,Low,1,1.3
SV2002,Web Development,14,Low,1,1.7
SV2003,Web Development,55,High,3,2.8
SV2004,Cloud Computing,73,Medium,2,3.0
SV2005,Software Engineering,19,Low,1,1.4
SV2006,Cloud Computing,46,Medium,2,3.1
SV2007,Software Engineering,86,High,3,6.6
SV2008,Computer Networks,52,High,3,4.2
SV2009,Machine Learning,52,Medium,2,4.1
SV2010,Computer Networks,0,Low,1,1.0
SV2011,Database Systems,1,Low,1,1.8
SV2012,Artificial Intelligence,57,High,3,3.0
SV2013,Cybersecurity,18,Low,1,1.9
SV2014,Software Engineering,61,High,3,3.7
SV2015,Database Systems,77,High,3,5.8
SV2016,Artificial Intelligence,71,Medium,2,3.6
SV2017,Mobile App Development,11,Low,1,0.7
SV2018,Machine Learning,25,Low,1,1.9
SV2019,Cloud Computing,26,Low,1,1.3
SV2020,Cloud Computing,28,Low,1,1.3
SV2021,Computer Networks,14,Low,1,1.6
SV2022,Web Development,45,Low,1,0.8
SV2023,Artificial Intelligence,0,Low,1,0.7
SV2024,Mobile App Development,59,High,3,3.5
SV2025,Database Systems,91,High,3,5.3
SV2026,Machine Learning,56,Medium,2,3.3
SV2027,Artificial Intelligence,2,Low,1,1.3
SV2028,Mobile App Development,17,Low,1,2.1
SV2029,Cybersecurity,51,Medium,2,2.7
SV2030,Software Engineering,59,Medium,2,3.7
SV2031,Cloud Computing,33,Low,1,1.4
SV2032,Database Systems,95,Medium,2,6.1
SV2033,Cloud Computing,92,High,3,5.9
SV2034,Database Systems,88,High,3,5.3
SV2035,Computer Networks,59,Medium,2,2.9
SV2036,Web Development,25,Low,1,1.5
SV2037,Database Systems,71,High,3,2.8
SV2038,Cloud Computing,18,Low,1,1.5
SV2039,Computer Networks,21,Low,1,2.1
SV2040,Database Systems,92,High,3,5.3
SV2041,Cybersecurity,32,Low,1,1.3
SV2042,Web Development,37,Low,1,1.1
SV2043,Database Systems,34,Low,1,1.7
SV2044,Computer Networks,66,Medium,2,3.4
SV2045,Artificial Intelligence,82,High,3,5.9
SV2046,Data Science,9,Medium,2,0.8
SV2047,Mobile App Development,90,High,3,6.1
SV2048,Data Science,14,Low,1,1.4
SV2049,Data Science,10,Low,1,2.1
SV2050,Machine Learning,89,High,3,5.6
SV2051,Cybersecurity,23,Low,1,1.5
SV2052,Artificial Intelligence,76,High,3,5.7
SV2053,Software Engineering,95,High,3,6.3
SV2054,Database Systems,100,High,3,6.1
SV2055,Mobile App Development,3,Low,1,2.2
SV2056,Web Development,12,Low,1,1.9
SV2057,Artificial Intelligence,72,Medium,2,3.8
SV2058,Cloud Computing,56,Medium,2,3.1
SV2059,Software Engineering,97,High,3,6.0
SV2060,Machine Learning,36,Low,1,1.1
SV2061,Machine Learning,47,Medium,2,3.4
SV2062,Artificial Intelligence,70,Medium,2,3.2
SV2063,Computer Networks,0,Low,1,2.0
SV2064,Data Science,59,Medium,2,3.2
SV2065,Cloud Computing,11,Low,1,1.8
SV2066,Machine Learning,20,Low,1,1.8
SV2067,Mobile App Development,10,Low,1,1.3
SV2068,Machine Learning,43,Low,1,1.0
SV2069,Web Development,57,Medium,2,2.8
SV2070,Database Systems,43,Medium,2,2.0
SV2071,Machine Learning,77,High,3,6.7
SV2072,Web Development,97,High,3,6.6
SV2073,Artificial Intelligence,33,Low,1,0.7
SV2074,Artificial Intelligence,24,Low,1,0.8
SV2075,Software Engineering,3,Medium,2,1.8
SV2076,Machine Learning,63,Medium,2,3.1
SV2077,Mobile App Development,89,High,3,5.3
SV2078,Machine Learning,15,Low,1,1.0
SV2079,Mobile App Development,9,Low,1,1.1
SV2080,Cybersecurity,65,Low,1,3.5
SV2081,Software Engineering,34,Low,1,1.9
SV2082,Cybersecurity,82,High,3,5.7
SV2083,Machine Learning,5,Low,1,1.2
SV2084,Software Engineering,18,Low,1,2.0
SV2085,Cybersecurity,58,Medium,2,2.8
SV2086,Data Science,52,Medium,2,3.4
SV2087,Machine Learning,7,Low,1,1.3
SV2088,Cybersecurity,77,High,3,5.3
SV2089,Data Science,9,Low,1,1.3
SV2090,Data Science,66,Medium,2,4.2
SV2091,Artificial Intelligence,37,Low,1,2.3
SV2092,Machine Learning,28,Low,1,0.7
SV2093,Data Science,14,Low,1,1.3
SV2094,Artificial Intelligence,86,High,3,5.4
SV2095,Cybersecurity,22,Low,1,1.2
SV2096,Web Development,81,High,3,5.7
SV2097,Machine Learning,45,Low,1,1.2
SV2098,Software Engineering,82,High,3,6.2
SV2099,Mobile App Development,27,Low,1,1.1
SV2100,Mobile App Development,25,Low,1,1.6
SV2101,Cybersecurity,9,Low,1,1.0
SV2102,Computer Networks,46,Medium,2,4.1
SV2103,Computer Networks,3,Low,1,1.7
SV2104,Cybersecurity,54,Medium,2,4.1
SV2105,Data Science,65,Medium,2,3.5
SV2106,Machine Learning,66,High,3,3.9
SV2107,Mobile App Development,6,Low,1,1.0
SV2108,Mobile App Development,54,Medium,2,4.0
SV2109,Data Science,79,High,3,6.1
SV2110,Mobile App Development,30,Low,1,1.4
SV2111,Software Engineering,73,Medium,2,2.9
SV2112,Machine Learning,18,Medium,2,1.9
SV2113,Database Systems,27,Low,1,1.2
SV2114,Mobile App Development,80,High,3,5.9
SV2115,Cybersecurity,27,Low,1,1.7
SV2116,Software Engineering,18,Low,1,1.7
SV2117,Mobile App Development,100,High,3,5.2
SV2118,Software Engineering,86,High,3,6.4
SV2119,Artificial Intelligence,19,Low,1,1.7
SV2120,Database Systems,12,Low,1,2.3
SV2121,Cloud Computing,76,Medium,2,6.0
SV2122,Cybersecurity,42,Low,1,1.0
SV2123,Cybersecurity,10,Low,1,0.9
SV2124,Machine Learning,47,High,3,4.2
SV2125,Software Engineering,14,Low,1,1.7
SV2126,Data Science,16,Low,1,2.0
SV2127,Cybersecurity,53,Medium,2,2.7
SV2128,Software Engineering,49,Medium,2,3.9
SV2129,Software Engineering,27,Low,1,2.1
SV2130,Web Development,82,High,3,6.0
SV2131,Web Development,3,Low,1,2.3
SV2132,Cloud Computing,21,Low,1,1.2
SV2133,Artificial Intelligence,85,High,3,6.6
SV2134,Cloud Computing,100,High,3,5.4
SV2135,Mobile App Development,38,Medium,2,1.9
SV2136,Data Science,33,Low,1,0.8
SV2137,Mobile App Development,96,High,3,6.3
SV2138,Computer Networks,43,Low,1,1.8
SV2139,Mobile App Development,41,Low,1,1.3
SV2140,Machine Learning,39,Low,1,1.0
SV2141,Mobile App Development,96,High,3,5.3
SV2142,Cloud Computing,11,Low,1,1.3
SV2143,Cybersecurity,1,Low,1,1.7
SV2144,Cybersecurity,27,Low,1,1.7
SV2145,Web Development,73,Low,1,3.0
SV2146,Data Science,85,High,3,6.2
SV2147,Data Science,80,High,3,5.8
SV2148,Machine Learning,89,High,3,6.3
SV2149,Cloud Computing,66,High,3,3.0
SV2150,Web Development,70,Medium,2,3.7
SV2151,Computer Networks,71,High,3,3.0
SV2152,Data Science,83,High,3,5.8
SV2153,Cybersecurity,75,Medium,2,3.1
SV2154,Mobile App Development,98,Medium,2,6.1
SV2155,Mobile App Development,80,High,3,5.5
SV2156,Web Development,91,High,3,5.3
SV2157,Cloud Computing,9,Medium,2,1.6
SV2158,Cloud Computing,85,High,3,5.9
SV2159,Artificial Intelligence,56,High,3,3.5
SV2160,Database Systems,96,High,3,6.0
SV2161,Data Science,85,High,3,6.1
SV2162,Cloud Computing,36,Low,1,0.9
SV2163,Cybersecurity,76,High,3,6.0
SV2164,Web Development,90,Medium,2,5.8
SV2165,Computer Networks,63,Medium,2,4.0
SV2166,Artificial Intelligence,78,Medium,2,5.8
SV2167,Software Engineering,85,High,3,6.2
SV2168,Machine Learning,93,High,3,6.6
SV2169,Computer Networks,39,Low,1,1.5
SV2170,Software Engineering,100,High,3,6.7
SV2171,Mobile App Development,97,High,3,5.4
SV2172,Machine Learning,59,Medium,2,2.7
SV2173,Data Science,97,Medium,2,5.8
SV2174,Cybersecurity,47,High,3,4.1
SV2175,Machine Learning,98,High,3,6.1
SV2176,Database Systems,18,Low,1,1.0
SV2177,Software Engineering,71,Low,1,3.9
SV2178,Data Science,32,Low,1,2.1
SV2179,Database Systems,43,Low,1,1.1
SV2180,Mobile App Development,91,High,3,6.2
SV2181,Database Systems,36,Medium,2,1.8
SV2182,Artificial Intelligence,88,High,3,6.1
SV2183,Artificial Intelligence,35,Low,1,2.3
SV2184,Web Development,80,High,3,6.2
SV2185,Computer Networks,87,High,3,6.2
SV2186,Computer Networks,20,Low,1,0.7
SV2187,Data Science,1,Low,1,2.2
SV2188,Mobile App Development,30,Low,1,0.8
SV2189,Cloud Computing,96,High,3,5.6
SV2190,Artificial Intelligence,29,Low,1,1.2
SV2191,Data Science,75,Medium,2,3.6
SV2192,Cloud Computing,43,Low,1,1.8
SV2193,Computer Networks,11,Low,1,2.0
SV2194,Web Development,50,Medium,2,4.0
SV2195,Database Systems,48,Medium,2,3.8
SV2196,Artificial Intelligence,23,Low,1,1.8
SV2197,Data Science,23,Low,1,2.1
SV2198,Machine Learning,59,Low,1,2.9
SV2199,Cloud Computing,10,Low,1,1.9
SV2200,Database Systems,12,Low,1,2.2
SV2201,Artificial Intelligence,90,High,3,6.2
SV2202,Computer Networks,71,Medium,2,3.9
SV2203,Mobile App Development,73,Medium,2,3.5
SV2204,Cloud Computing,71,High,3,4.2
SV2205,Computer Networks,63,High,3,3.1
SV2206,Artificial Intelligence,19,Low,1,1.2
SV2207,Cloud Computing,71,Medium,2,3.2
SV2208,Database Systems,72,Medium,2,3.7
SV2209,Artificial Intelligence,70,Medium,2,3.9
SV2210,Software Engineering,77,High,3,5.3
SV2211,Data Science,27,Low,1,2.0
SV2212,Database Systems,1,Low,1,1.6
SV2213,Cloud Computing,42,Low,1,1.1
SV2214,Mobile App Development,7,Low,1,2.1
SV2215,Computer Networks,12,Medium,2,1.5
SV2216,Machine Learning,84,High,3,6.5
SV2217,Computer Networks,91,High,3,6.0
SV2218,Cloud Computing,34,Medium,2,2.0
SV2219,Computer Networks,22,Medium,2,1.0
SV2220,Data Science,45,Low,1,2.0
SV2221,Artificial Intelligence,14,Low,1,2.0
SV2222,Machine Learning,1,Low,1,2.0
SV2223,Cybersecurity,60,Medium,2,3.0
SV2224,Cloud Computing,75,Medium,2,3.8
SV2225,Web Development,63,Medium,2,3.4
SV2226,Cybersecurity,51,Medium,2,3.5
SV2227,Computer Networks,35,Low,1,0.8
SV2228,Cloud Computing,66,High,3,3.0
SV2229,Software Engineering,68,Medium,2,4.0
SV2230,Web Development,66,Medium,2,3.5
SV2231,Machine Learning,46,Medium,2,3.9
SV2232,Mobile App Development,82,High,3,6.6
SV2233,Software Engineering,1,Low,1,1.7
SV2234,Cybersecurity,43,Low,1,1.6
SV2235,Artificial Intelligence,100,High,3,6.2
SV2236,Data Science,63,High,3,3.4
SV2237,Mobile App Development,80,High,3,5.8
SV2238,Software Engineering,77,High,3,5.3
SV2239,Artificial Intelligence,27,Low,1,1.5
SV2240,Artificial Intelligence,90,High,3,5.8
SV2241,Cloud Computing,53,Medium,2,4.1
SV2242,Software Engineering,73,High,3,3.6
SV2243,Machine Learning,66,Low,1,4.3
SV2244,Computer Networks,35,Low,1,1.2
SV2245,Web Development,62,Medium,2,2.9
SV2246,Web Development,24,Low,1,0.8
SV2247,Cybersecurity,85,High,3,6.1
SV2248,Cybersecurity,47,Medium,2,4.0
SV2249,Web Development,38,Low,1,2.1
SV2250,Machine Learning,46,High,3,3.4
SV2251,Data Science,93,High,3,6.4
SV2252,Database Systems,20,Low,1,1.8
SV2253,Computer Networks,29,Low,1,2.1
SV2254,Data Science,91,High,3,6.1
SV2255,Cloud Computing,30,Low,1,1.2
SV2256,Database Systems,25,Low,1,1.5
SV2257,Database Systems,21,Low,1,1.0
SV2258,Software Engineering,20,Low,1,1.0
SV2259,Machine Learning,0,Low,1,1.5
SV2260,Machine Learning,36,Low,1,1.6
SV2261,Database Systems,76,Medium,2,5.4
SV2262,Software Engineering,84,High,3,6.1
SV2263,Computer Networks,45,Low,1,1.6
SV2264,Database Systems,8,Low,1,1.9
SV2265,Mobile App Development,16,Low,1,1.6
SV2266,Cybersecurity,46,Medium,2,2.8
SV2267,Cybersecurity,84,High,3,6.7
SV2268,Data Science,94,High,3,6.5
SV2269,Cloud Computing,58,Medium,2,3.7
SV2270,Cybersecurity,53,Medium,2,4.0
SV2271,Artificial Intelligence,85,High,3,5.7
SV2272,Data Science,11,Low,1,2.1
SV2273,Cybersecurity,63,Low,1,3.8
SV2274,Cloud Computing,5,Medium,2,1.8
SV2275,Machine Learning,52,High,3,3.8
SV2276,Machine Learning,15,Low,1,2.0
SV2277,Computer Networks,89,High,3,5.9
SV2278,Database Systems,4,Low,1,1.1
SV2279,Mobile App Development,72,Medium,2,3.3
SV2280,Machine Learning,45,Low,1,2.0
SV2281,Software Engineering,13,Low,1,1.0
SV2282,Cybersecurity,43,Low,1,1.8
SV2283,Software Engineering,62,High,3,2.7
SV2284,Cloud Computing,93,High,3,6.0
SV2285,Machine Learning,51,Medium,2,2.8
SV2286,Mobile App Development,25,Low,1,1.1
SV2287,Cloud Computing,52,Medium,2,3.5
SV2288,Artificial Intelligence,28,Low,1,1.9
SV2289,Artificial Intelligence,18,Low,1,1.6
SV2290,Software Engineering,46,Medium,2,4.3
SV2291,Database Systems,7,Low,1,1.1
SV2292,Data Science,22,Low,1,1.7
SV2293,Database Systems,34,Low,1,0.7
SV2294,Computer Networks,94,High,3,6.3
SV2295,Database Systems,52,Medium,2,2.8
SV2296,Computer Networks,98,High,3,6.7
SV2297,Computer Networks,95,High,3,5.7
SV2298,Mobile App Development,57,Medium,2,3.4
SV2299,Machine Learning,4,Low,1,1.8
SV2300,Mobile App Development,15,Medium,2,1.3
SV2301,Computer Networks,16,Low,1,2.1
SV2302,Cloud Computing,31,Low,1,2.2
SV2303,Artificial Intelligence,95,High,3,6.7
SV2304,Computer Networks,51,Medium,2,2.8
SV2305,Mobile App Development,19,Low,1,1.4
SV2306,Cloud Computing,65,Medium,2,4.2
SV2307,Mobile App Development,83,High,3,6.3
SV2308,Database Systems,81,High,3,6.4
SV2309,Cybersecurity,0,Low,1,1.4
SV2310,Software Engineering,57,High,3,3.0
SV2311,Data Science,92,High,3,5.3
SV2312,Mobile App Development,92,High,3,6.2
SV2313,Data Science,82,High,3,5.5
SV2314,Web Development,43,Low,1,1.0
SV2315,Mobile App Development,5,Low,1,1.1
SV2316,Cybersecurity,49,Medium,2,4.1
SV2317,Data Science,71,Medium,2,3.9
SV2318,Computer Networks,87,Medium,2,5.8
SV2319,Mobile App Development,19,Low,1,1.0
SV2320,Machine Learning,13,Low,1,2.1
SV2321,Software Engineering,4,Medium,2,0.8
SV2322,Cybersecurity,40,Low,1,2.2
SV2323,Data Science,39,Low,1,1.7
SV2324,Cybersecurity,33,Medium,2,2.3
SV2325,Cloud Computing,79,High,3,5.5
SV2326,Software Engineering,44,Low,1,2.1
SV2327,Computer Networks,70,High,3,3.7
SV2328,Mobile App Development,79,High,3,6.4
SV2329,Mobile App Development,70,Medium,2,4.0
SV2330,Mobile App Development,26,Low,1,1.6
SV2331,Software Engineering,77,High,3,6.4
SV2332,Machine Learning,77,High,3,5.7
SV2333,Web Development,43,Low,1,1.8
SV2334,Artificial Intelligence,32,Medium,2,1.0
SV2335,Database Systems,32,Low,1,1.1
SV2336,Data Science,43,Medium,2,0.9
SV2337,Machine Learning,19,Low,1,2.0
SV2338,Computer Networks,35,Low,1,2.2
SV2339,Data Science,6,Low,1,1.2
SV2340,Mobile App Development,31,Low,1,1.2
SV2341,Cybersecurity,66,Medium,2,4.1
SV2342,Computer Networks,38,Medium,2,0.8
SV2343,Data Science,92,High,3,6.1
SV2344,Mobile App Development,23,Low,1,1.3
SV2345,Data Science,85,High,3,6.1
SV2346,Cybersecurity,69,Medium,2,3.8
SV2347,Mobile App Development,87,High,3,6.5
SV2348,Web Development,86,High,3,6.6
SV2349,Machine Learning,53,Medium,2,4.1
SV2350,Cloud Computing,37,Low,1,1.4
SV2351,Database Systems,73,Medium,2,4.2
SV2352,Software Engineering,79,High,3,6.7
SV2353,Database Systems,74,Medium,2,3.7
SV2354,Computer Networks,31,Low,1,1.2
SV2355,Database Systems,44,Medium,2,1.2
SV2356,Mobile App Development,60,Low,1,3.8
SV2357,Web Development,69,Medium,2,3.2
SV2358,Cloud Computing,87,High,3,6.0
SV2359,Machine Learning,96,Medium,2,6.5
SV2360,Machine Learning,52,Medium,2,4.1
SV2361,Cybersecurity,50,Medium,2,3.8
SV2362,Software Engineering,75,Medium,2,3.5
SV2363,Data Science,55,Medium,2,3.2
SV2364,Web Development,26,Low,1,1.5
SV2365,Data Science,37,Low,1,0.9
SV2366,Cloud Computing,61,Medium,2,4.3
SV2367,Database Systems,17,Low,1,1.5
SV2368,Machine Learning,63,Medium,2,3.0
SV2369,Cloud Computing,76,High,3,5.3
SV2370,Database Systems,29,Low,1,1.6
SV2371,Machine Learning,48,High,3,3.5
SV2372,Database Systems,40,Low,1,1.6
SV2373,Software Engineering,12,Low,1,1.0
SV2374,Web Development,33,Low,1,1.5
SV2375,Computer Networks,99,Medium,2,6.0
SV2376,Cloud Computing,93,High,3,6.4
SV2377,Cloud Computing,24,Low,1,1.1
SV2378,Artificial Intelligence,65,Medium,2,4.1
SV2379,Mobile App Development,99,Medium,2,6.5
SV2380,Software Engineering,17,Low,1,1.6
SV2381,Software Engineering,4,Medium,2,1.9
SV2382,Data Science,18,Low,1,1.3
SV2383,Database Systems,41,Low,1,1.7
SV2384,Mobile App Development,17,Low,1,1.6
SV2385,Web Development,31,Low,1,0.9
SV2386,Web Development,20,Low,1,1.9
SV2387,Software Engineering,9,Medium,2,1.4
SV2388,Web Development,36,Low,1,0.9
SV2389,Artificial Intelligence,48,High,3,3.6
SV2390,Cloud Computing,85,High,3,6.5
SV2391,Cybersecurity,12,Low,1,1.5
SV2392,Computer Networks,54,High,3,2.8
SV2393,Data Science,16,Low,1,2.2
SV2394,Database Systems,8,Low,1,2.1
SV2395,Computer Networks,87,High,3,6.4
SV2396,Database Systems,43,Low,1,1.2
SV2397,Machine Learning,77,Medium,2,6.5
SV2398,Computer Networks,45,Low,1,1.7
SV2399,Cybersecurity,7,Low,1,0.8
SV2400,Software Engineering,36,Low,1,1.9
SV2401,Artificial Intelligence,18,Medium,2,1.9
SV2402,Cloud Computing,62,Medium,2,3.9
SV2403,Cloud Computing,91,High,3,5.9
SV2404,Artificial Intelligence,45,Medium,2,1.7
SV2405,Mobile App Development,93,High,3,5.3
SV2406,Machine Learning,70,Medium,2,3.6
SV2407,Database Systems,25,Low,1,1.1
SV2408,Cybersecurity,45,Low,1,1.0
SV2409,Web Development,45,Low,1,1.5
SV2410,Computer Networks,74,Medium,2,2.9
SV2411,Machine Learning,13,Low,1,1.4
SV2412,Computer Networks,84,High,3,6.4
SV2413,Cybersecurity,62,Medium,2,3.7
SV2414,Data Science,71,Medium,2,4.3
SV2415,Data Science,2,Medium,2,1.6
SV2416,Machine Learning,27,Low,1,2.0
SV2417,Software Engineering,28,Low,1,1.8
SV2418,Cybersecurity,86,High,3,6.2
SV2419,Cybersecurity,17,Low,1,2.1
SV2420,Artificial Intelligence,34,Low,1,1.9
SV2421,Software Engineering,76,High,3,5.8
SV2422,Database Systems,75,Medium,2,3.5
SV2423,Database Systems,46,Medium,2,4.3
SV2424,Web Development,4,Low,1,2.0
SV2425,Cloud Computing,74,Medium,2,4.0
SV2426,Data Science,58,Medium,2,3.8
SV2427,Database Systems,74,Medium,2,3.6
SV2428,Software Engineering,58,Medium,2,3.6
SV2429,Cybersecurity,46,High,3,4.1
SV2430,Database Systems,94,High,3,6.3
SV2431,Cybersecurity,94,High,3,6.5
SV2432,Database Systems,12,Low,1,1.4
SV2433,Data Science,77,High,3,5.2
SV2434,Computer Networks,88,High,3,5.2
SV2435,Database Systems,32,Low,1,1.4
SV2436,Software Engineering,96,High,3,6.4
SV2437,Database Systems,61,Medium,2,4.3
SV2438,Cloud Computing,78,High,3,5.9
SV2439,Data Science,15,Low,1,1.1
SV2440,Software Engineering,43,Low,1,1.4
SV2441,Artificial Intelligence,57,High,3,2.7
SV2442,Software Engineering,5,Low,1,1.0
SV2443,Cloud Computing,88,High,3,5.8
SV2444,Computer Networks,14,Low,1,0.9
SV2445,Data Science,3,Low,1,0.9
SV2446,Artificial Intelligence,55,Medium,2,2.9
SV2447,Cloud Computing,63,Medium,2,3.6
SV2448,Cloud Computing,67,Medium,2,3.4
SV2449,Machine Learning,93,High,3,5.4
SV2450,Data Science,33,Low,1,1.5
SV2451,Software Engineering,90,High,3,6.4
SV2452,Cybersecurity,94,High,3,6.4
SV2453,Computer Networks,55,Medium,2,3.7
SV2454,Cybersecurity,31,Low,1,1.8
SV2455,Software Engineering,8,Low,1,0.9
SV2456,Software Engineering,62,Medium,2,3.7
SV2457,Data Science,71,Medium,2,2.7
SV2458,Software Engineering,77,High,3,6.7
SV2459,Machine Learning,32,Low,1,2.3
SV2460,Artificial Intelligence,86,High,3,6.1
SV2461,Software Engineering,20,Low,1,1.5
SV2462,Cybersecurity,54,Low,1,3.6
SV2463,Software Engineering,75,Medium,2,3.9
SV2464,Machine Learning,56,Medium,2,3.9
SV2465,Database Systems,1,Low,1,1.0
SV2466,Database Systems,12,Low,1,1.9
SV2467,Cloud Computing,3,Medium,2,0.8
SV2468,Computer Networks,83,High,3,5.7
SV2469,Web Development,49,Medium,2,3.5
SV2470,Artificial Intelligence,47,Medium,2,2.7
SV2471,Mobile App Development,77,High,3,6.5
SV2472,Cloud Computing,29,Medium,2,1.0
SV2473,Computer Networks,28,Low,1,1.4
SV2474,Database Systems,7,Low,1,1.6
SV2475,Cybersecurity,11,Low,1,0.7
SV2476,Mobile App Development,40,Medium,2,2.0
SV2477,Computer Networks,25,Low,1,1.9
SV2478,Computer Networks,49,Medium,2,3.9
SV2479,Cloud Computing,1,Low,1,2.1
SV2480,Mobile App Development,54,Medium,2,3.2
SV2481,Data Science,55,Medium,2,3.2
SV2482,Web Development,13,Low,1,1.5
SV2483,Data Science,5,Low,1,1.5
SV2484,Mobile App Development,94,High,3,5.6
SV2485,Data Science,80,High,3,6.0
SV2486,Machine Learning,88,High,3,5.4
SV2487,Database Systems,60,Medium,2,3.3
SV2488,Machine Learning,95,High,3,5.8
SV2489,Software Engineering,11,Low,1,1.2
SV2490,Data Science,12,Low,1,1.7
SV2491,Software Engineering,18,Low,1,1.8
SV2492,Cybersecurity,43,Low,1,1.4
SV2493,Artificial Intelligence,88,High,3,5.6
SV2494,Cybersecurity,94,High,3,6.1
SV2495,Mobile App Development,58,Medium,2,4.1
SV2496,Computer Networks,36,Low,1,1.7
SV2497,Database Systems,24,Low,1,1.4
SV2498,Data Science,15,Low,1,0.8
SV2499,Cloud Computing,37,Low,1,2.0
SV2500,Artificial Intelligence,42,Low,1,1.0
SV2501,Web Development,86,High,3,5.2
SV2502,Web Development,13,Low,1,1.6
SV2503,Web Development,5,Low,1,1.9
SV2504,Data Science,88,High,3,6.0
SV2505,Web Development,22,Low,1,1.5
SV2506,Machine Learning,59,Medium,2,4.1
SV2507,Artificial Intelligence,11,Low,1,1.3
SV2508,Machine Learning,12,Low,1,1.7
SV2509,Computer Networks,99,Medium,2,6.0
SV2510,Artificial Intelligence,97,High,3,6.1
SV2511,Machine Learning,5,Low,1,2.0
SV2512,Artificial Intelligence,62,Medium,2,3.9
SV2513,Computer Networks,37,Low,1,1.0
SV2514,Software Engineering,49,High,3,3.0
SV2515,Data Science,51,High,3,2.7
SV2516,Data Science,39,Low,1,1.0
SV2517,Web Development,7,Low,1,1.9
SV2518,Cybersecurity,60,Medium,2,4.0
SV2519,Web Development,7,Low,1,1.4
SV2520,Mobile App Development,96,High,3,5.9
SV2521,Machine Learning,33,Low,1,1.7
SV2522,Artificial Intelligence,78,High,3,6.4
SV2523,Cybersecurity,99,High,3,6.2
SV2524,Computer Networks,59,Medium,2,3.1
SV2525,Mobile App Development,56,Medium,2,3.1
SV2526,Computer Networks,98,High,3,6.5
SV2527,Data Science,45,Low,1,1.6
SV2528,Data Science,21,Low,1,2.2
SV2529,Web Development,86,High,3,6.5
SV2530,Machine Learning,39,Medium,2,1.9
SV2531,Cybersecurity,44,Medium,2,1.7
SV2532,Database Systems,54,Medium,2,3.0
SV2533,Mobile App Development,50,Medium,2,2.7
SV2534,Mobile App Development,85,High,3,5.6
SV2535,Web Development,4,Low,1,1.3
SV2536,Data Science,94,High,3,6.7
SV2537,Web Development,12,Low,1,1.9
SV2538,Artificial Intelligence,27,Low,1,1.1
SV2539,Cybersecurity,83,High,3,5.8
SV2540,Machine Learning,96,High,3,6.2
SV2541,Software Engineering,79,High,3,6.4
SV2542,Cloud Computing,61,Medium,2,3.9
SV2543,Cloud Computing,92,High,3,6.6
SV2544,Web Development,86,High,3,5.9
SV2545,Artificial Intelligence,23,Medium,2,1.3
SV2546,Cybersecurity,97,High,3,5.5
SV2547,Database Systems,6,Medium,2,1.8
SV2548,Cloud Computing,37,Low,1,0.8
SV2549,Cybersecurity,36,Low,1,1.9
SV2550,Machine Learning,67,Medium,2,3.2
SV2551,Computer Networks,97,High,3,5.4
SV2552,Artificial Intelligence,41,Low,1,1.1
SV2553,Data Science,85,High,3,5.5
SV2554,Cybersecurity,4,Low,1,0.8
SV2555,Machine Learning,63,High,3,3.5
SV2556,Database Systems,49,Medium,2,3.6
SV2557,Software Engineering,86,High,3,6.7
SV2558,Data Science,14,Low,1,1.2
SV2559,Software Engineering,94,High,3,5.8
SV2560,Database Systems,72,Low,1,2.9
SV2561,Machine Learning,52,Low,1,4.3
SV2562,Cloud Computing,24,Low,1,2.2
SV2563,Software Engineering,88,High,3,6.2
SV2564,Data Science,84,Medium,2,5.3
SV2565,Web Development,8,Low,1,1.3
SV2566,Mobile App Development,37,Low,1,1.4
SV2567,Cybersecurity,21,Medium,2,1.6
SV2568,Cloud Computing,86,High,3,6.6
SV2569,Software Engineering,48,Medium,2,3.1
SV2570,Computer Networks,67,Medium,2,2.9
SV2571,Cybersecurity,92,High,3,5.7
SV2572,Web Development,14,Low,1,2.3
SV2573,Database Systems,64,Medium,2,3.6
SV2574,Mobile App Development,53,Low,1,3.2
SV2575,Machine Learning,29,Low,1,2.2
SV2576,Web Development,92,High,3,5.3
SV2577,Web Development,19,Low,1,0.9
SV2578,Database Systems,32,Low,1,1.7
SV2579,Artificial Intelligence,99,Medium,2,5.9
SV2580,Database Systems,85,High,3,5.9
SV2581,Artificial Intelligence,76,Medium,2,6.8
SV2582,Artificial Intelligence,6,Low,1,1.9
SV2583,Cloud Computing,7,Low,1,1.5
SV2584,Cloud Computing,27,Low,1,1.2
SV2585,Data Science,44,Low,1,1.3
SV2586,Software Engineering,72,Medium,2,3.8
SV2587,Software Engineering,88,High,3,6.1
SV2588,Machine Learning,79,High,3,6.3
SV2589,Software Engineering,73,Medium,2,4.1
SV2590,Cloud Computing,10,Low,1,1.4
SV2591,Data Science,30,Low,1,2.1
SV2592,Data Science,11,Medium,2,2.2
SV2593,Artificial Intelligence,94,Medium,2,6.7
SV2594,Database Systems,77,Medium,2,5.6
SV2595,Machine Learning,50,Medium,2,3.5
SV2596,Artificial Intelligence,43,Low,1,1.5
SV2597,Database Systems,95,High,3,5.6
SV2598,Software Engineering,49,Medium,2,4.2
SV2599,Artificial Intelligence,16,Low,1,1.7
SV2600,Cybersecurity,34,Low,1,1.5
SV2601,Software Engineering,0,Low,1,1.0
SV2602,Database Systems,28,Low,1,0.9
SV2603,Machine Learning,50,Medium,2,2.8
SV2604,Database Systems,63,Medium,2,3.8
SV2605,Artificial Intelligence,3,Medium,2,1.9
SV2606,Artificial Intelligence,86,High,3,6.7
SV2607,Web Development,27,Low,1,1.6
SV2608,Machine Learning,15,Low,1,1.4
SV2609,Computer Networks,62,Medium,2,3.0
SV2610,Software Engineering,75,Medium,2,3.9
SV2611,Data Science,52,High,3,4.1
SV2612,Machine Learning,84,High,3,6.2
SV2613,Data Science,16,Low,1,1.4
SV2614,Machine Learning,39,Medium,2,2.2
SV2615,Machine Learning,12,Low,1,0.9
SV2616,Database Systems,51,Medium,2,4.2
SV2617,Machine Learning,57,Medium,2,3.5
SV2618,Web Development,95,High,3,6.1
SV2619,Computer Networks,36,Medium,2,1.4
SV2620,Artificial Intelligence,78,High,3,6.5
SV2621,Mobile App Development,75,Medium,2,4.1
SV2622,Data Science,60,Medium,2,3.4
SV2623,Artificial Intelligence,78,High,3,5.8
SV2624,Mobile App Development,33,Low,1,2.2
SV2625,Computer Networks,69,Medium,2,3.3
SV2626,Computer Networks,16,Low,1,1.8
SV2627,Data Science,19,Medium,2,1.7
SV2628,Data Science,72,Medium,2,3.6
SV2629,Computer Networks,58,Low,1,3.9
SV2630,Mobile App Development,68,Medium,2,3.8
SV2631,Machine Learning,86,High,3,6.5
SV2632,Software Engineering,32,Low,1,2.2
SV2633,Cybersecurity,77,High,3,6.1
SV2634,Artificial Intelligence,16,Low,1,1.4
SV2635,Database Systems,56,Medium,2,2.7
SV2636,Artificial Intelligence,82,Medium,2,5.3
SV2637,Database Systems,96,High,3,6.0
SV2638,Mobile App Development,0,Low,1,0.9
SV2639,Database Systems,12,Low,1,1.2
SV2640,Data Science,26,Low,1,1.7
SV2641,Software Engineering,69,Medium,2,3.3
SV2642,Software Engineering,58,Medium,2,3.1
SV2643,Data Science,5,Low,1,1.1
SV2644,Web Development,96,High,3,6.5
SV2645,Mobile App Development,93,High,3,5.5
SV2646,Web Development,98,High,3,6.5
SV2647,Web Development,22,Low,1,1.2
SV2648,Artificial Intelligence,9,Low,1,0.9
SV2649,Computer Networks,50,Medium,2,2.7
SV2650,Artificial Intelligence,18,Low,1,0.8
SV2651,Computer Networks,50,Medium,2,3.4
SV2652,Cybersecurity,91,High,3,5.3
SV2653,Database Systems,86,High,3,6.4
SV2654,Computer Networks,67,Medium,2,3.8
SV2655,Data Science,83,High,3,5.9
SV2656,Artificial Intelligence,82,High,3,6.7
SV2657,Mobile App Development,41,Low,1,0.8
SV2658,Database Systems,90,High,3,6.7
SV2659,Cybersecurity,56,High,3,3.5
SV2660,Computer Networks,97,High,3,6.2
SV2661,Cybersecurity,67,Medium,2,3.7
SV2662,Mobile App Development,37,Low,1,1.9
SV2663,Web Development,61,Medium,2,3.4
SV2664,Software Engineering,6,Low,1,1.4
SV2665,Mobile App Development,70,Medium,2,2.7
SV2666,Cloud Computing,49,Medium,2,3.5
SV2667,Mobile App Development,51,Medium,2,3.1
SV2668,Cybersecurity,25,Low,1,1.3
SV2669,Data Science,25,Low,1,2.2
SV2670,Artificial Intelligence,18,Low,1,0.8
SV2671,Data Science,8,Low,1,1.3
SV2672,Cybersecurity,60,High,3,3.2
SV2673,Artificial Intelligence,19,Low,1,1.6
SV2674,Cloud Computing,49,Medium,2,3.0
SV2675,Software Engineering,79,High,3,5.3
SV2676,Database Systems,80,High,3,5.3
SV2677,Cybersecurity,21,Medium,2,1.5
SV2678,Computer Networks,12,Low,1,2.3
SV2679,Cybersecurity,11,Medium,2,1.7
SV2680,Cybersecurity,9,Low,1,1.5
SV2681,Artificial Intelligence,64,Medium,2,3.5
SV2682,Machine Learning,95,High,3,5.2
SV2683,Mobile App Development,29,Low,1,1.8
SV2684,Machine Learning,7,Low,1,1.6
SV2685,Cloud Computing,20,Low,1,1.8
SV2686,Computer Networks,21,Low,1,1.7
SV2687,Software Engineering,17,Low,1,1.5
SV2688,Web Development,65,Medium,2,3.8
SV2689,Cloud Computing,47,Medium,2,3.6
SV2690,Web Development,43,Medium,2,1.0
SV2691,Web Development,8,Low,1,1.8
SV2692,Software Engineering,66,Medium,2,3.2
SV2693,Data Science,53,Medium,2,4.1
SV2694,Machine Learning,25,Low,1,0.8
SV2695,Cybersecurity,84,High,3,5.4
SV2696,Database Systems,93,High,3,6.2
SV2697,Web Development,91,High,3,6.5
SV2698,Computer Networks,99,High,3,5.8
SV2699,Cloud Computing,25,Low,1,1.4
SV2700,Data Science,33,Medium,2,1.9
SV2701,Web Development,7,Low,1,2.1
SV2702,Data Science,9,Low,1,0.9
SV2703,Data Science,47,Medium,2,4.1
SV2704,Web Development,54,Medium,2,3.2
SV2705,Artificial Intelligence,53,Medium,2,3.2
SV2706,Mobile App Development,77,High,3,5.6
SV2707,Computer Networks,39,Low,1,2.1
SV2708,Cybersecurity,14,Low,1,1.0
SV2709,Cybersecurity,80,High,3,6.4
SV2710,Computer Networks,17,Medium,2,1.0
SV2711,Artificial Intelligence,95,High,3,6.1
SV2712,Cybersecurity,22,Low,1,1.5
SV2713,Data Science,61,Medium,2,3.0
SV2714,Software Engineering,45,Low,1,1.8
SV2715,Cloud Computing,86,High,3,6.3
SV2716,Machine Learning,98,High,3,5.7
SV2717,Cybersecurity,38,Low,1,1.4
SV2718,Computer Networks,14,Low,1,1.8
SV2719,Software Engineering,52,Medium,2,3.3
SV2720,Web Development,87,Medium,2,6.8
SV2721,Mobile App Development,63,Medium,2,2.9
SV2722,Computer Networks,62,Medium,2,3.9
SV2723,Data Science,91,High,3,6.1
SV2724,Mobile App Development,79,High,3,5.4
SV2725,Cloud Computing,15,Low,1,1.9
SV2726,Cloud Computing,69,Medium,2,2.9
SV2727,Artificial Intelligence,65,Medium,2,3.7
SV2728,Database Systems,12,Low,1,1.3
SV2729,Artificial Intelligence,46,Medium,2,3.0
SV2730,Software Engineering,8,Low,1,0.7
SV2731,Mobile App Development,62,Medium,2,3.3
SV2732,Database Systems,33,Low,1,1.8
SV2733,Web Development,80,High,3,5.7
SV2734,Data Science,90,High,3,6.8
SV2735,Mobile App Development,28,Low,1,2.0
SV2736,Artificial Intelligence,36,Low,1,1.3
SV2737,Machine Learning,42,Low,1,0.8
SV2738,Database Systems,85,High,3,5.9
SV2739,Database Systems,63,Low,1,3.1
SV2740,Data Science,23,Low,1,0.9
SV2741,Cybersecurity,70,Medium,2,3.1
SV2742,Cloud Computing,33,Low,1,2.1
SV2743,Cloud Computing,47,Medium,2,3.3
SV2744,Machine Learning,11,Low,1,2.2
SV2745,Software Engineering,22,Low,1,1.4
SV2746,Software Engineering,78,High,3,5.7
SV2747,Web Development,96,High,3,6.8
SV2748,Mobile App Development,12,Medium,2,1.1
SV2749,Computer Networks,86,High,3,6.7
SV2750,Cybersecurity,95,High,3,5.5
SV2751,Artificial Intelligence,44,Low,1,1.2
SV2752,Computer Networks,98,High,3,6.6
SV2753,Computer Networks,64,Medium,2,2.8
SV2754,Database Systems,46,Medium,2,3.7
SV2755,Machine Learning,57,Medium,2,3.5
SV2756,Cloud Computing,4,Low,1,2.1
SV2757,Web Development,76,High,3,6.5
SV2758,Software Engineering,4,Low,1,1.8
SV2759,Machine Learning,59,Medium,2,2.9
SV2760,Database Systems,95,High,3,5.5
SV2761,Artificial Intelligence,20,Low,1,1.3
SV2762,Web Development,23,Low,1,1.1
SV2763,Database Systems,17,Low,1,0.7
SV2764,Cloud Computing,20,Low,1,1.4
SV2765,Cloud Computing,53,Medium,2,2.8
SV2766,Cloud Computing,9,Low,1,2.0
SV2767,Machine Learning,23,Low,1,2.1
SV2768,Machine Learning,84,Medium,2,6.7
SV2769,Software Engineering,88,High,3,6.8
SV2770,Software Engineering,59,Medium,2,3.5
SV2771,Artificial Intelligence,56,Medium,2,3.3
SV2772,Web Development,22,Low,1,1.9
SV2773,Data Science,21,Medium,2,1.7
SV2774,Data Science,67,Medium,2,2.8
SV2775,Database Systems,33,Medium,2,1.6
SV2776,Cloud Computing,69,Medium,2,3.4
SV2777,Web Development,27,Low,1,2.2
SV2778,Computer Networks,94,High,3,5.7
SV2779,Machine Learning,98,High,3,6.5
SV2780,Mobile App Development,38,Low,1,0.8
SV2781,Cybersecurity,41,Low,1,1.5
SV2782,Artificial Intelligence,22,Low,1,0.8
SV2783,Cloud Computing,69,High,3,4.2
SV2784,Cloud Computing,79,High,3,6.4
SV2785,Cloud Computing,1,Low,1,1.1
SV2786,Machine Learning,23,Low,1,1.5
SV2787,Machine Learning,16,Low,1,1.2
SV2788,Cybersecurity,64,Medium,2,3.5
SV2789,Computer Networks,69,Medium,2,3.0
SV2790,Web Development,68,Medium,2,3.2
SV2791,Cloud Computing,59,Medium,2,3.9
SV2792,Data Science,49,Medium,2,3.3
SV2793,Software Engineering,92,High,3,6.7
SV2794,Data Science,11,Low,1,0.9
SV2795,Database Systems,46,Medium,2,2.9
SV2796,Data Science,66,Medium,2,3.5
SV2797,Database Systems,64,Medium,2,2.8
SV2798,Mobile App Development,26,Low,1,2.1
SV2799,Software Engineering,47,Low,1,3.5
SV2800,Data Science,87,High,3,5.8
SV2801,Mobile App Development,61,Medium,2,3.6
SV2802,Artificial Intelligence,43,Low,1,1.0
SV2803,Web Development,18,Low,1,1.7
SV2804,Mobile App Development,58,High,3,2.9
SV2805,Web Development,7,Low,1,1.3
SV2806,Data Science,54,Medium,2,3.1
SV2807,Computer Networks,46,Medium,2,2.8
SV2808,Mobile App Development,1,Medium,2,1.6
SV2809,Software Engineering,93,High,3,5.8
SV2810,Data Science,93,High,3,5.5
SV2811,Cloud Computing,38,Low,1,1.3
SV2812,Machine Learning,44,Low,1,1.9
SV2813,Mobile App Development,31,Low,1,1.6
SV2814,Software Engineering,64,Medium,2,4.0
SV2815,Artificial Intelligence,37,Low,1,1.8
SV2816,Cloud Computing,76,High,3,6.7
SV2817,Artificial Intelligence,10,Low,1,1.7
SV2818,Data Science,9,Low,1,1.7
SV2819,Machine Learning,58,Medium,2,3.3
SV2820,Mobile App Development,89,High,3,5.9
SV2821,Mobile App Development,54,Medium,2,3.4
SV2822,Computer Networks,19,Low,1,1.9
SV2823,Computer Networks,80,High,3,5.3
SV2824,Data Science,16,Low,1,2.1
SV2825,Data Science,67,Medium,2,3.2
SV2826,Machine Learning,4,Medium,2,0.8
SV2827,Computer Networks,59,High,3,3.1
SV2828,Software Engineering,22,Low,1,1.4
SV2829,Software Engineering,45,Low,1,1.6
SV2830,Machine Learning,51,Medium,2,4.0
SV2831,Software Engineering,9,Low,1,1.4
SV2832,Database Systems,45,Low,1,0.8
SV2833,Web Development,27,Low,1,0.8
SV2834,Machine Learning,96,High,3,6.1
SV2835,Machine Learning,42,Low,1,1.6
SV2836,Cybersecurity,25,Low,1,1.4
SV2837,Cloud Computing,54,Medium,2,3.4
SV2838,Cloud Computing,47,Medium,2,3.9
SV2839,Database Systems,28,Low,1,1.9
SV2840,Computer Networks,26,Low,1,1.4
SV2841,Data Science,17,Low,1,1.8
SV2842,Data Science,59,Low,1,3.2
SV2843,Artificial Intelligence,73,Medium,2,2.7
SV2844,Database Systems,68,Medium,2,3.9
SV2845,Machine Learning,73,Medium,2,3.9
SV2846,Database Systems,20,Low,1,1.8
SV2847,Database Systems,23,Low,1,1.7
SV2848,Database Systems,2,Low,1,1.5
SV2849,Cloud Computing,94,High,3,6.6
SV2850,Database Systems,61,Medium,2,3.2
SV2851,Web Development,100,High,3,6.1
SV2852,Data Science,1,Low,1,1.8
SV2853,Artificial Intelligence,65,High,3,4.0
SV2854,Web Development,41,Low,1,1.0
SV2855,Artificial Intelligence,33,Low,1,1.5
SV2856,Cybersecurity,41,Low,1,1.2
SV2857,Artificial Intelligence,19,Low,1,1.5
SV2858,Data Science,96,High,3,6.3
SV2859,Data Science,67,High,3,3.8
SV2860,Database Systems,44,Low,1,1.4
SV2861,Mobile App Development,74,Medium,2,4.0
SV2862,Cybersecurity,41,Low,1,1.5
SV2863,Machine Learning,46,Medium,2,3.8
SV2864,Software Engineering,4,Low,1,2.0
SV2865,Artificial Intelligence,88,High,3,5.9
SV2866,Mobile App Development,48,Medium,2,3.9
SV2867,Database Systems,36,Low,1,1.6
SV2868,Cloud Computing,33,Low,1,1.4
SV2869,Machine Learning,72,Low,1,4.1
SV2870,Computer Networks,69,Medium,2,4.1
SV2871,Mobile App Development,17,Low,1,0.7
SV2872,Cloud Computing,77,High,3,5.4
SV2873,Cybersecurity,18,Low,1,2.0
SV2874,Database Systems,77,High,3,5.4
SV2875,Machine Learning,39,Low,1,2.1
SV2876,Machine Learning,16,Low,1,1.4
SV2877,Machine Learning,59,Medium,2,2.8
SV2878,Cybersecurity,98,High,3,6.6
SV2879,Artificial Intelligence,92,High,3,6.1
SV2880,Computer Networks,41,Low,1,1.0
SV2881,Cybersecurity,80,High,3,6.2
SV2882,Software Engineering,71,High,3,4.0
SV2883,Computer Networks,64,High,3,4.1
SV2884,Data Science,52,Medium,2,2.8
SV2885,Database Systems,99,High,3,6.2
SV2886,Cybersecurity,6,Low,1,0.8
SV2887,Cloud Computing,4,Low,1,1.2
SV2888,Computer Networks,23,Low,1,1.8
SV2889,Software Engineering,27,Medium,2,2.0
SV2890,Data Science,61,Medium,2,3.3
SV2891,Artificial Intelligence,16,Low,1,1.3
SV2892,Cloud Computing,100,High,3,6.8
SV2893,Computer Networks,19,Low,1,0.9
SV2894,Database Systems,2,Low,1,1.6
SV2895,Cloud Computing,36,Low,1,0.8
SV2896,Data Science,89,High,3,5.6
SV2897,Cloud Computing,14,Low,1,0.8
SV2898,Web Development,50,Medium,2,2.9
SV2899,Mobile App Development,47,Low,1,3.3
SV2900,Artificial Intelligence,7,Low,1,0.9
SV2901,Data Science,12,Low,1,1.4
SV2902,Cloud Computing,47,Medium,2,3.5
SV2903,Mobile App Development,2,Low,1,0.8
SV2904,Mobile App Development,64,Medium,2,3.1
SV2905,Cloud Computing,72,Low,1,3.4
SV2906,Database Systems,30,Medium,2,1.9
SV2907,Web Development,25,Low,1,2.1
SV2908,Cybersecurity,80,High,3,6.4
SV2909,Web Development,55,Medium,2,3.3
SV2910,Cloud Computing,33,Low,1,1.8
SV2911,Artificial Intelligence,8,Medium,2,1.4
SV2912,Cybersecurity,61,Medium,2,3.5
SV2913,Data Science,12,Low,1,1.4
SV2914,Web Development,68,Medium,2,3.3
SV2915,Cloud Computing,40,Low,1,2.1
SV2916,Web Development,76,High,3,5.6
SV2917,Cybersecurity,0,Low,1,1.2
SV2918,Software Engineering,88,High,3,6.4
SV2919,Computer Networks,46,Medium,2,2.8
SV2920,Web Development,3,Low,1,1.9
SV2921,Data Science,99,High,3,6.2
SV2922,Data Science,62,Medium,2,3.9
SV2923,Machine Learning,51,Medium,2,3.4
SV2924,Web Development,9,Low,1,1.2
SV2925,Computer Networks,27,Low,1,1.8
SV2926,Database Systems,5,Low,1,1.2
SV2927,Mobile App Development,26,Low,1,1.8
SV2928,Computer Networks,11,Low,1,2.0
SV2929,Mobile App Development,61,Medium,2,3.8
SV2930,Mobile App Development,51,Medium,2,4.3
SV2931,Software Engineering,47,Medium,2,3.0
SV2932,Machine Learning,66,Medium,2,3.8
SV2933,Computer Networks,45,Medium,2,1.0
SV2934,Computer Networks,96,Medium,2,6.6
SV2935,Software Engineering,73,High,3,3.1
SV2936,Web Development,94,High,3,6.3
SV2937,Web Development,14,Low,1,2.1
SV2938,Web Development,70,Medium,2,2.8
SV2939,Artificial Intelligence,35,Low,1,1.2
SV2940,Mobile App Development,13,Low,1,0.8
SV2941,Artificial Intelligence,77,High,3,5.5
SV2942,Machine Learning,2,Medium,2,1.3
SV2943,Software Engineering,66,Medium,2,3.1
SV2944,Computer Networks,85,High,3,6.1
SV2945,Mobile App Development,18,Low,1,1.9
SV2946,Artificial Intelligence,98,High,3,6.3
SV2947,Artificial Intelligence,75,Medium,2,4.1
SV2948,Cloud Computing,53,Medium,2,4.3
SV2949,Artificial Intelligence,68,Medium,2,2.8
SV2950,Database Systems,9,Low,1,1.6
SV2951,Computer Networks,32,Low,1,1.6
SV2952,Database Systems,12,Low,1,1.2
SV2953,Computer Networks,98,High,3,5.3
SV2954,Software Engineering,50,Medium,2,3.8
SV2955,Computer Networks,31,Low,1,1.7
SV2956,Database Systems,74,Low,1,2.9
SV2957,Computer Networks,23,Low,1,1.3
SV2958,Software Engineering,34,Low,1,2.0
SV2959,Software Engineering,82,High,3,5.5
SV2960,Machine Learning,69,Medium,2,3.9
SV2961,Computer Networks,39,Low,1,2.0
SV2962,Cloud Computing,53,Medium,2,3.0
SV2963,Web Development,43,Low,1,1.9
SV2964,Data Science,61,Medium,2,2.9
SV2965,Software Engineering,98,High,3,5.7
SV2966,Cybersecurity,67,Medium,2,2.9
SV2967,Web Development,32,Low,1,1.6
SV2968,Mobile App Development,76,High,3,5.2
SV2969,Computer Networks,55,Low,1,3.2
SV2970,Database Systems,35,Low,1,0.9
SV2971,Data Science,53,Medium,2,2.9
SV2972,Cybersecurity,18,Low,1,1.0
SV2973,Web Development,42,Low,1,1.8
SV2974,Computer Networks,11,Low,1,2.0
SV2975,Machine Learning,10,Low,1,0.9
SV2976,Mobile App Development,69,Medium,2,3.9
SV2977,Data Science,11,Low,1,1.4
SV2978,Cloud Computing,90,High,3,5.3
SV2979,Machine Learning,40,Medium,2,1.6
SV2980,Cybersecurity,24,Low,1,1.8
SV2981,Data Science,2,Low,1,0.8
SV2982,Machine Learning,2,Low,1,0.9
SV2983,Mobile App Development,83,High,3,6.2
SV2984,Cloud Computing,27,Low,1,1.8
SV2985,Machine Learning,22,Low,1,0.9
SV2986,Artificial Intelligence,47,Medium,2,2.8
SV2987,Cloud Computing,66,Medium,2,4.2
SV2988,Cybersecurity,41,Low,1,0.8
SV2989,Mobile App Development,87,High,3,6.6
SV2990,Computer Networks,39,Low,1,0.8
SV2991,Database Systems,5,Medium,2,2.0
SV2992,Database Systems,19,Low,1,2.2
SV2993,Database Systems,10,Low,1,1.3
SV2994,Data Science,95,High,3,6.5
SV2995,Cybersecurity,26,Low,1,0.8
SV2996,Mobile App Development,20,Medium,2,0.9
SV2997,Cloud Computing,12,Low,1,1.7
SV2998,Data Science,85,High,3,5.5
SV2999,Cybersecurity,34,Low,1,1.4
SV3000,Computer Networks,46,Medium,2,3.5
SV3001,Artificial Intelligence,85,High,3,6.0
SV3002,Mobile App Development,27,Low,1,1.3
SV3003,Database Systems,20,Low,1,1.4
SV3004,Machine Learning,17,Low,1,2.2
SV3005,Mobile App Development,30,Low,1,0.8
SV3006,Software Engineering,59,High,3,3.8
SV3007,Cybersecurity,36,Low,1,1.1
SV3008,Web Development,20,Low,1,1.9
SV3009,Computer Networks,13,Low,1,1.1
SV3010,Artificial Intelligence,88,High,3,6.2
SV3011,Computer Networks,90,High,3,5.4
SV3012,Mobile App Development,59,Medium,2,3.9
SV3013,Web Development,22,Low,1,1.3
SV3014,Software Engineering,94,High,3,5.8
SV3015,Cloud Computing,28,Medium,2,1.9
SV3016,Machine Learning,46,Medium,2,3.3
SV3017,Web Development,29,Low,1,1.7
SV3018,Cybersecurity,89,High,3,6.5
SV3019,Database Systems,83,High,3,6.0
SV3020,Software Engineering,37,Low,1,1.9
SV3021,Machine Learning,82,High,3,6.7
SV3022,Artificial Intelligence,26,Low,1,1.1
SV3023,Database Systems,88,High,3,6.4
SV3024,Mobile App Development,86,High,3,5.3
SV3025,Web Development,92,High,3,5.4
SV3026,Machine Learning,14,Low,1,0.9
SV3027,Data Science,58,Medium,2,2.7
SV3028,Cloud Computing,2,Low,1,1.3
SV3029,Cloud Computing,9,Low,1,1.2
SV3030,Software Engineering,78,High,3,6.7
SV3031,Artificial Intelligence,79,High,3,5.7
SV3032,Software Engineering,16,Low,1,1.7
SV3033,Data Science,82,High,3,6.2
SV3034,Cybersecurity,10,Medium,2,1.0
SV3035,Artificial Intelligence,47,High,3,4.0
SV3036,Computer Networks,4,Low,1,1.8
SV3037,Cybersecurity,68,Medium,2,2.8
SV3038,Artificial Intelligence,63,Medium,2,4.2
SV3039,Artificial Intelligence,13,Low,1,1.3
SV3040,Data Science,49,Medium,2,3.5
SV3041,Mobile App Development,25,Low,1,1.9
SV3042,Data Science,71,Medium,2,3.0
SV3043,Artificial Intelligence,68,High,3,3.1
SV3044,Machine Learning,6,Low,1,0.9
SV3045,Cybersecurity,15,Low,1,1.3
SV3046,Data Science,54,Medium,2,4.0
SV3047,Mobile App Development,77,Medium,2,6.5
SV3048,Web Development,100,High,3,6.8
SV3049,Software Engineering,55,Medium,2,2.8
SV3050,Artificial Intelligence,3,Low,1,2.1
SV3051,Computer Networks,99,High,3,5.8
SV3052,Web Development,47,Medium,2,3.5
SV3053,Cloud Computing,16,Medium,2,2.2
SV3054,Database Systems,35,Medium,2,2.1
SV3055,Mobile App Development,69,High,3,3.0
SV3056,Computer Networks,79,High,3,6.3
SV3057,Database Systems,92,High,3,6.1
SV3058,Mobile App Development,99,Medium,2,6.2
SV3059,Machine Learning,37,Low,1,1.1
SV3060,Software Engineering,100,High,3,6.2
SV3061,Web Development,61,Medium,2,3.3
SV3062,Cybersecurity,47,Medium,2,4.2
SV3063,Mobile App Development,9,Low,1,0.7
SV3064,Cybersecurity,35,Low,1,1.9
SV3065,Software Engineering,28,Low,1,1.3
SV3066,Artificial Intelligence,77,High,3,5.9
SV3067,Cloud Computing,3,Low,1,1.4
SV3068,Web Development,43,Low,1,2.3
SV3069,Software Engineering,55,Medium,2,3.8
SV3070,Software Engineering,41,Low,1,1.2
SV3071,Machine Learning,99,High,3,5.5
SV3072,Database Systems,12,Low,1,1.0
SV3073,Cloud Computing,45,Low,1,1.8
SV3074,Web Development,81,Medium,2,6.6
SV3075,Artificial Intelligence,32,Low,1,1.1
SV3076,Artificial Intelligence,20,Low,1,1.5
SV3077,Data Science,79,High,3,5.4
SV3078,Software Engineering,78,High,3,6.2
SV3079,Mobile App Development,56,Medium,2,3.3
SV3080,Machine Learning,68,Medium,2,3.6
SV3081,Cloud Computing,69,Medium,2,3.3
SV3082,Artificial Intelligence,66,Medium,2,3.5
SV3083,Web Development,47,Medium,2,3.4
SV3084,Data Science,75,Medium,2,4.1
SV3085,Web Development,99,High,3,6.1
SV3086,Machine Learning,32,Low,1,1.7
SV3087,Mobile App Development,35,Low,1,1.3
SV3088,Data Science,32,Medium,2,2.1
SV3089,Data Science,30,Low,1,1.6
SV3090,Database Systems,20,Low,1,1.0
SV3091,Cloud Computing,26,Low,1,1.9
SV3092,Data Science,90,High,3,6.6
SV3093,Database Systems,71,Medium,2,3.5
SV3094,Database Systems,100,High,3,6.0
SV3095,Machine Learning,61,Medium,2,4.3
SV3096,Cybersecurity,95,High,3,5.4
SV3097,Web Development,25,Low,1,1.8
SV3098,Mobile App Development,65,Medium,2,3.9
SV3099,Computer Networks,11,Low,1,1.7
SV3100,Web Development,21,Low,1,1.6
SV3101,Data Science,16,Low,1,0.8
SV3102,Mobile App Development,6,Low,1,1.6
SV3103,Artificial Intelligence,67,Medium,2,4.1
SV3104,Cybersecurity,36,Medium,2,2.0
SV3105,Artificial Intelligence,37,Low,1,1.8
SV3106,Artificial Intelligence,95,High,3,5.6
SV3107,Cloud Computing,10,Low,1,0.8
SV3108,Web Development,0,Low,1,1.4
SV3109,Computer Networks,24,Medium,2,1.2
SV3110,Machine Learning,41,Medium,2,1.1
SV3111,Computer Networks,51,Medium,2,3.5
SV3112,Artificial Intelligence,23,Low,1,0.8
SV3113,Data Science,52,Medium,2,3.4
SV3114,Cybersecurity,55,Medium,2,3.8
SV3115,Software Engineering,62,Medium,2,3.0
SV3116,Computer Networks,80,High,3,5.7
SV3117,Artificial Intelligence,7,Low,1,1.9
SV3118,Cybersecurity,58,High,3,3.5
SV3119,Mobile App Development,44,Low,1,1.2
SV3120,Web Development,26,Low,1,1.4
SV3121,Database Systems,51,Medium,2,4.1
SV3122,Cloud Computing,17,Low,1,2.1
SV3123,Cybersecurity,90,High,3,6.0
SV3124,Data Science,85,High,3,5.8
SV3125,Data Science,15,Medium,2,0.9
SV3126,Cybersecurity,65,Medium,2,3.8
SV3127,Data Science,4,Medium,2,1.9
SV3128,Web Development,81,High,3,5.4
SV3129,Data Science,2,Low,1,0.9
SV3130,Computer Networks,90,High,3,6.4
SV3131,Database Systems,80,High,3,6.2
SV3132,Data Science,79,High,3,5.4
SV3133,Database Systems,69,Medium,2,2.9
SV3134,Artificial Intelligence,6,Low,1,1.0
SV3135,Machine Learning,49,Medium,2,3.8
SV3136,Web Development,13,Low,1,0.9
SV3137,Machine Learning,37,Low,1,1.2
SV3138,Artificial Intelligence,78,High,3,5.4
SV3139,Web Development,46,Medium,2,3.9
SV3140,Cybersecurity,32,Low,1,1.9
SV3141,Cybersecurity,42,Low,1,1.9
SV3142,Database Systems,90,High,3,5.5
SV3143,Artificial Intelligence,28,Low,1,1.3
SV3144,Database Systems,56,Medium,2,3.9
SV3145,Cloud Computing,100,High,3,5.3
SV3146,Data Science,4,Low,1,1.8
SV3147,Software Engineering,92,High,3,5.7
SV3148,Cloud Computing,95,High,3,5.4
SV3149,Data Science,59,Medium,2,3.2
SV3150,Web Development,69,Medium,2,4.0
SV3151,Database Systems,1,Low,1,2.2
SV3152,Web Development,69,Medium,2,4.2
SV3153,Web Development,42,Low,1,1.7
SV3154,Data Science,3,Low,1,1.9
SV3155,Artificial Intelligence,55,Medium,2,3.5
SV3156,Data Science,92,High,3,5.8
SV3157,Mobile App Development,58,Medium,2,3.7
SV3158,Cybersecurity,88,High,3,5.9
SV3159,Cybersecurity,8,Low,1,2.2
SV3160,Cloud Computing,2,Low,1,0.9
SV3161,Cybersecurity,89,High,3,6.8
SV3162,Data Science,47,Medium,2,4.2
SV3163,Computer Networks,42,Low,1,1.9
SV3164,Database Systems,90,High,3,5.7
SV3165,Data Science,99,High,3,6.2
SV3166,Data Science,95,High,3,6.5
SV3167,Software Engineering,0,Low,1,2.1
SV3168,Database Systems,56,Medium,2,3.5
SV3169,Mobile App Development,52,Medium,2,4.0
SV3170,Cybersecurity,15,Low,1,1.1
SV3171,Database Systems,50,Medium,2,2.9
SV3172,Cybersecurity,74,Medium,2,3.2
SV3173,Cloud Computing,89,High,3,6.7
SV3174,Database Systems,54,Medium,2,4.0
SV3175,Cybersecurity,0,Low,1,2.0
SV3176,Mobile App Development,89,High,3,6.2
SV3177,Machine Learning,27,Medium,2,1.0
SV3178,Web Development,52,High,3,3.3
SV3179,Web Development,57,Medium,2,2.9
SV3180,Mobile App Development,72,Medium,2,3.7
SV3181,Software Engineering,59,High,3,4.3
SV3182,Machine Learning,58,High,3,3.3
SV3183,Cloud Computing,21,Medium,2,1.4
SV3184,Mobile App Development,7,Low,1,1.0
SV3185,Web Development,48,Medium,2,4.2
SV3186,Web Development,41,Medium,2,1.8
SV3187,Web Development,26,Low,1,1.0
SV3188,Artificial Intelligence,38,Low,1,1.7
SV3189,Mobile App Development,82,Medium,2,5.4
SV3190,Data Science,24,Low,1,1.9
SV3191,Cloud Computing,37,Low,1,1.4
SV3192,Web Development,84,High,3,6.1
SV3193,Cybersecurity,23,Low,1,1.8
SV3194,Mobile App Development,23,Low,1,1.4
SV3195,Artificial Intelligence,59,Medium,2,4.1
SV3196,Mobile App Development,82,High,3,5.6
SV3197,Cloud Computing,49,Medium,2,3.3
SV3198,Artificial Intelligence,65,Medium,2,3.2
SV3199,Cloud Computing,13,Low,1,0.8
SV3200,Mobile App Development,52,Medium,2,3.2
SV3201,Data Science,31,Low,1,2.2
SV3202,Cloud Computing,95,High,3,6.5
SV3203,Artificial Intelligence,91,High,3,6.7
SV3204,Artificial Intelligence,47,Medium,2,2.8
SV3205,Cloud Computing,38,Low,1,1.6
SV3206,Computer Networks,39,Low,1,1.1
SV3207,Mobile App Development,41,Medium,2,2.2
SV3208,Computer Networks,76,High,3,6.8
SV3209,Software Engineering,75,Medium,2,2.7
SV3210,Mobile App Development,7,Low,1,0.7
SV3211,Cloud Computing,78,Medium,2,5.6
SV3212,Machine Learning,25,Low,1,2.1
SV3213,Cloud Computing,11,Low,1,1.7
SV3214,Computer Networks,42,Medium,2,1.5
SV3215,Data Science,50,Medium,2,3.4
SV3216,Cloud Computing,90,High,3,6.7
SV3217,Cloud Computing,81,High,3,6.0
SV3218,Data Science,99,High,3,6.3
SV3219,Cloud Computing,62,High,3,2.7
SV3220,Web Development,48,Medium,2,2.7
SV3221,Machine Learning,26,Low,1,1.0
SV3222,Cybersecurity,8,Low,1,0.8
SV3223,Machine Learning,38,Low,1,1.2
SV3224,Cloud Computing,64,Medium,2,3.9
SV3225,Web Development,70,Medium,2,3.1
SV3226,Mobile App Development,89,High,3,6.1
SV3227,Cloud Computing,70,Medium,2,2.7
SV3228,Computer Networks,6,Low,1,1.4
SV3229,Web Development,71,Medium,2,4.1
SV3230,Data Science,79,High,3,6.2
SV3231,Web Development,66,Medium,2,3.8
SV3232,Data Science,9,Low,1,1.7
SV3233,Software Engineering,70,Medium,2,3.9
SV3234,Cybersecurity,84,High,3,5.7
SV3235,Database Systems,52,Medium,2,3.0
SV3236,Web Development,100,High,3,6.5
SV3237,Artificial Intelligence,94,High,3,6.0
SV3238,Computer Networks,86,High,3,5.4
SV3239,Cloud Computing,56,Medium,2,4.1
SV3240,Computer Networks,90,High,3,5.4
SV3241,Machine Learning,85,High,3,6.8
SV3242,Database Systems,26,Low,1,1.7
SV3243,Machine Learning,53,Medium,2,3.9
SV3244,Software Engineering,3,Medium,2,0.9
SV3245,Database Systems,87,High,3,6.3
SV3246,Database Systems,22,Low,1,2.1
SV3247,Machine Learning,47,High,3,3.5
SV3248,Data Science,82,High,3,5.9
SV3249,Machine Learning,41,Low,1,1.1
SV3250,Computer Networks,2,Low,1,2.3
SV3251,Data Science,90,High,3,5.3
SV3252,Computer Networks,2,Low,1,1.7
SV3253,Software Engineering,27,Medium,2,1.1
SV3254,Cloud Computing,62,Low,1,3.5
SV3255,Mobile App Development,80,Medium,2,5.6
SV3256,Data Science,30,Low,1,1.1
SV3257,Software Engineering,9,Low,1,2.2
SV3258,Artificial Intelligence,48,Medium,2,3.4
SV3259,Software Engineering,85,High,3,6.3
SV3260,Machine Learning,93,High,3,6.3
SV3261,Machine Learning,20,Low,1,2.1
SV3262,Mobile App Development,99,High,3,6.6
SV3263,Software Engineering,52,Medium,2,3.1
SV3264,Cybersecurity,86,High,3,6.1
SV3265,Cloud Computing,75,High,3,2.8
SV3266,Machine Learning,88,High,3,6.7
SV3267,Mobile App Development,53,Medium,2,4.2
SV3268,Cloud Computing,56,High,3,4.1
SV3269,Software Engineering,19,Low,1,1.7
SV3270,Software Engineering,48,Medium,2,3.9
SV3271,Database Systems,6,Low,1,2.3
SV3272,Mobile App Development,28,Low,1,2.3
SV3273,Machine Learning,47,Low,1,2.9
SV3274,Cybersecurity,92,High,3,5.8
SV3275,Software Engineering,12,Low,1,1.0
SV3276,Cybersecurity,2,Medium,2,1.2
SV3277,Software Engineering,1,Low,1,1.1
SV3278,Machine Learning,15,Low,1,0.8
SV3279,Cloud Computing,93,High,3,6.4
SV3280,Web Development,5,Low,1,1.1
SV3281,Cloud Computing,44,Low,1,0.8
SV3282,Software Engineering,70,Medium,2,2.7
SV3283,Computer Networks,4,Low,1,1.8
SV3284,Web Development,55,Low,1,4.1
SV3285,Web Development,70,High,3,2.9
SV3286,Cybersecurity,97,High,3,5.7
SV3287,Mobile App Development,31,Low,1,0.7
SV3288,Cybersecurity,48,Medium,2,3.7
SV3289,Cybersecurity,12,Low,1,2.0
SV3290,Computer Networks,29,Low,1,1.3
SV3291,Cloud Computing,24,Low,1,2.2
SV3292,Cloud Computing,84,Medium,2,5.7
SV3293,Artificial Intelligence,59,Medium,2,3.5
SV3294,Software Engineering,58,Medium,2,3.2
SV3295,Computer Networks,84,High,3,6.2
SV3296,Artificial Intelligence,27,Low,1,0.9
SV3297,Machine Learning,57,Medium,2,3.3
SV3298,Software Engineering,19,Low,1,2.2
SV3299,Software Engineering,33,Low,1,0.7
SV3300,Database Systems,4,Low,1,2.0
SV3301,Database Systems,81,High,3,6.0
SV3302,Data Science,59,Medium,2,3.4
SV3303,Data Science,42,Low,1,2.3
SV3304,Cybersecurity,56,Medium,2,3.8
SV3305,Machine Learning,56,Medium,2,3.3
SV3306,Web Development,74,Medium,2,3.5
SV3307,Web Development,53,High,3,3.4
SV3308,Database Systems,80,Medium,2,6.3
SV3309,Database Systems,44,Low,1,1.1
SV3310,Database Systems,85,High,3,6.4
SV3311,Computer Networks,36,Low,1,0.7
SV3312,Mobile App Development,83,High,3,5.9
SV3313,Data Science,47,High,3,3.5
SV3314,Computer Networks,53,Medium,2,3.1
SV3315,Cloud Computing,47,Medium,2,3.9
SV3316,Web Development,5,Medium,2,0.8
SV3317,Software Engineering,33,Low,1,1.8
SV3318,Data Science,62,Low,1,3.4
SV3319,Artificial Intelligence,77,High,3,5.9
SV3320,Cloud Computing,47,High,3,2.8
SV3321,Data Science,22,Low,1,1.6
SV3322,Computer Networks,83,High,3,6.8
SV3323,Machine Learning,12,Low,1,2.1
SV3324,Software Engineering,46,Medium,2,3.1
SV3325,Data Science,43,Medium,2,1.4
SV3326,Mobile App Development,31,Low,1,1.3
SV3327,Database Systems,25,Low,1,1.7
SV3328,Database Systems,52,Medium,2,3.7
SV3329,Software Engineering,13,Low,1,1.4
SV3330,Computer Networks,51,Medium,2,2.7
SV3331,Database Systems,35,Low,1,1.6
SV3332,Data Science,7,Low,1,1.5
SV3333,Artificial Intelligence,39,Low,1,1.8
SV3334,Web Development,85,High,3,5.8
SV3335,Web Development,21,Low,1,1.7
SV3336,Cloud Computing,15,Low,1,1.1
SV3337,Cybersecurity,90,Medium,2,6.6
SV3338,Machine Learning,59,Medium,2,2.9
SV3339,Software Engineering,59,Medium,2,3.8
SV3340,Cloud Computing,9,Low,1,2.1
SV3341,Cybersecurity,24,Low,1,1.4
SV3342,Computer Networks,30,Low,1,1.3
SV3343,Mobile App Development,20,Low,1,2.1
SV3344,Mobile App Development,90,High,3,6.6
SV3345,Machine Learning,80,Medium,2,5.6
SV3346,Database Systems,32,Low,1,1.3
SV3347,Data Science,30,Low,1,1.3
SV3348,Cloud Computing,89,High,3,5.3
SV3349,Cloud Computing,20,Low,1,1.9
SV3350,Software Engineering,35,Low,1,1.9
SV3351,Software Engineering,64,Medium,2,2.9
SV3352,Mobile App Development,3,Low,1,1.9
SV3353,Mobile App Development,67,Medium,2,3.3
SV3354,Artificial Intelligence,89,Medium,2,5.2
SV3355,Artificial Intelligence,3,Low,1,0.7
SV3356,Database Systems,8,Low,1,1.4
SV3357,Artificial Intelligence,29,Low,1,0.9
SV3358,Data Science,44,Low,1,1.6
SV3359,Data Science,3,Medium,2,1.3
SV3360,Cloud Computing,68,Medium,2,3.0
SV3361,Web Development,22,Low,1,0.9
SV3362,Data Science,15,Low,1,2.2
SV3363,Cybersecurity,21,Low,1,2.2
SV3364,Mobile App Development,100,High,3,5.7
SV3365,Software Engineering,71,Medium,2,3.8
SV3366,Artificial Intelligence,47,Medium,2,4.2
SV3367,Cloud Computing,61,Low,1,3.8
SV3368,Machine Learning,96,High,3,5.5
SV3369,Software Engineering,59,Medium,2,3.5
SV3370,Cybersecurity,79,High,3,5.5
SV3371,Artificial Intelligence,4,Low,1,1.4
SV3372,Cybersecurity,79,High,3,5.4
SV3373,Mobile App Development,6,Low,1,2.3
SV3374,Mobile App Development,50,High,3,3.5
SV3375,Database Systems,64,High,3,3.8
SV3376,Cloud Computing,8,Low,1,0.9
SV3377,Software Engineering,81,High,3,6.2
SV3378,Computer Networks,44,Low,1,2.1
SV3379,Computer Networks,46,Medium,2,2.8
SV3380,Software Engineering,66,Medium,2,2.8
SV3381,Machine Learning,23,Low,1,1.4
SV3382,Cloud Computing,91,High,3,5.5
SV3383,Cybersecurity,9,Low,1,1.2
SV3384,Machine Learning,72,Medium,2,3.4
SV3385,Web Development,76,High,3,6.7
SV3386,Software Engineering,47,Medium,2,2.9
SV3387,Cybersecurity,34,Low,1,1.5
SV3388,Computer Networks,53,Medium,2,3.0
SV3389,Data Science,86,High,3,6.7
SV3390,Database Systems,80,High,3,5.4
SV3391,Computer Networks,70,Medium,2,4.0
SV3392,Cloud Computing,15,Low,1,0.8
SV3393,Mobile App Development,52,Medium,2,2.9
SV3394,Data Science,39,Low,1,1.6
SV3395,Database Systems,99,High,3,6.3
SV3396,Database Systems,19,Low,1,0.9
SV3397,Web Development,87,High,3,6.7
SV3398,Web Development,68,Medium,2,3.7
SV3399,Artificial Intelligence,44,Low,1,1.4
SV3400,Computer Networks,5,Low,1,1.3
SV3401,Computer Networks,91,Medium,2,6.8
SV3402,Computer Networks,68,Medium,2,3.5
SV3403,Artificial Intelligence,48,Medium,2,3.6
SV3404,Machine Learning,38,Low,1,1.3
SV3405,Database Systems,1,Low,1,1.1
SV3406,Data Science,38,Low,1,1.6
SV3407,Cloud Computing,20,Low,1,0.9
SV3408,Database Systems,39,Low,1,1.1
SV3409,Web Development,100,High,3,6.5
SV3410,Cybersecurity,81,High,3,6.7
SV3411,Mobile App Development,53,Medium,2,4.3
SV3412,Artificial Intelligence,11,Low,1,1.1
SV3413,Software Engineering,80,High,3,5.8
SV3414,Cybersecurity,36,Low,1,1.2
SV3415,Cloud Computing,37,Low,1,1.1
SV3416,Computer Networks,14,Low,1,2.2
SV3417,Web Development,6,Low,1,2.3
SV3418,Web Development,77,High,3,6.3
SV3419,Web Development,49,Medium,2,2.9
SV3420,Computer Networks,64,Medium,2,3.2
SV3421,Software Engineering,66,Medium,2,3.0
SV3422,Artificial Intelligence,100,High,3,6.0
SV3423,Cybersecurity,43,Low,1,0.9
SV3424,Computer Networks,30,Low,1,2.2
SV3425,Cloud Computing,42,Low,1,1.2
SV3426,Artificial Intelligence,76,High,3,5.4
SV3427,Cloud Computing,47,Medium,2,3.7
SV3428,Artificial Intelligence,81,High,3,6.1
SV3429,Software Engineering,80,High,3,6.5
SV3430,Mobile App Development,80,High,3,5.2
SV3431,Cloud Computing,60,Medium,2,2.8
SV3432,Computer Networks,74,Medium,2,3.9
SV3433,Artificial Intelligence,83,High,3,5.6
SV3434,Web Development,9,Low,1,1.0
SV3435,Database Systems,28,Low,1,1.5
SV3436,Web Development,47,Low,1,3.8
SV3437,Machine Learning,97,High,3,6.5
SV3438,Mobile App Development,80,High,3,6.6
SV3439,Mobile App Development,61,High,3,4.2
SV3440,Web Development,12,Low,1,2.0
SV3441,Cybersecurity,43,Low,1,1.0
SV3442,Software Engineering,46,Medium,2,3.8
SV3443,Cloud Computing,63,High,3,3.6
SV3444,Computer Networks,90,High,3,6.3
SV3445,Mobile App Development,52,High,3,3.0
SV3446,Web Development,89,High,3,6.1
SV3447,Web Development,91,High,3,5.2
SV3448,Software Engineering,76,High,3,6.6
SV3449,Software Engineering,75,Low,1,3.4
SV3450,Data Science,43,Low,1,2.2
SV3451,Data Science,27,Medium,2,1.4
SV3452,Cybersecurity,1,Medium,2,0.8
SV3453,Cybersecurity,100,High,3,6.2
SV3454,Machine Learning,56,Medium,2,3.5
SV3455,Cybersecurity,56,Medium,2,4.1
SV3456,Artificial Intelligence,33,Low,1,1.7
SV3457,Software Engineering,86,High,3,5.5
SV3458,Computer Networks,57,High,3,3.9
SV3459,Artificial Intelligence,51,High,3,3.2
SV3460,Cloud Computing,28,Low,1,1.5
SV3461,Web Development,34,Low,1,1.0
SV3462,Cybersecurity,74,Medium,2,3.3
SV3463,Web Development,47,Medium,2,3.2
SV3464,Mobile App Development,32,Low,1,1.9
SV3465,Machine Learning,74,Medium,2,3.5
SV3466,Mobile App Development,72,Medium,2,4.2
SV3467,Machine Learning,77,High,3,6.3
SV3468,Data Science,8,Low,1,1.6
SV3469,Web Development,47,Medium,2,4.3
SV3470,Machine Learning,66,High,3,4.1
SV3471,Database Systems,92,Medium,2,6.7
SV3472,Artificial Intelligence,82,High,3,6.5
SV3473,Machine Learning,35,Low,1,1.2
SV3474,Machine Learning,95,High,3,5.4
SV3475,Artificial Intelligence,70,Medium,2,4.1
SV3476,Web Development,91,Medium,2,5.4
SV3477,Web Development,43,Low,1,1.3
SV3478,Artificial Intelligence,81,High,3,5.5
SV3479,Mobile App Development,59,Medium,2,4.2
SV3480,Database Systems,62,Medium,2,2.8
SV3481,Computer Networks,4,Low,1,1.7
SV3482,Cloud Computing,86,High,3,6.0
SV3483,Database Systems,85,High,3,5.3
SV3484,Web Development,89,High,3,5.8
SV3485,Computer Networks,75,Medium,2,4.2
SV3486,Data Science,39,Low,1,0.8
SV3487,Cybersecurity,18,Low,1,1.4
SV3488,Machine Learning,46,High,3,3.7
SV3489,Artificial Intelligence,64,Medium,2,3.8
SV3490,Artificial Intelligence,66,Medium,2,3.7
SV3491,Machine Learning,90,High,3,6.6
SV3492,Cybersecurity,17,Low,1,1.9
SV3493,Cloud Computing,49,High,3,4.0
SV3494,Cybersecurity,29,Low,1,2.2
SV3495,Computer Networks,65,Medium,2,3.5
SV3496,Cybersecurity,4,Low,1,1.2
SV3497,Computer Networks,92,High,3,6.4
SV3498,Cybersecurity,96,High,3,6.8
SV3499,Cloud Computing,41,Low,1,1.9
SV3500,Cloud Computing,83,High,3,5.7
SV3501,Web Development,93,High,3,6.6
SV3502,Machine Learning,4,Low,1,2.0
SV3503,Cloud Computing,49,Medium,2,3.1
SV3504,Computer Networks,84,High,3,5.8
SV3505,Cloud Computing,57,High,3,2.7
SV3506,Web Development,78,High,3,6.8
SV3507,Artificial Intelligence,83,High,3,6.0
SV3508,Computer Networks,7,Medium,2,1.3
SV3509,Web Development,30,Low,1,1.1
SV3510,Mobile App Development,11,Medium,2,0.7
SV3511,Mobile App Development,20,Low,1,0.8
SV3512,Data Science,93,High,3,5.3
SV3513,Cybersecurity,61,Medium,2,3.6
SV3514,Machine Learning,90,High,3,6.3
SV3515,Software Engineering,89,High,3,6.0
SV3516,Database Systems,32,Low,1,1.6
SV3517,Web Development,25,Low,1,2.1
SV3518,Artificial Intelligence,89,High,3,6.5
SV3519,Database Systems,99,High,3,5.5
SV3520,Artificial Intelligence,39,Low,1,1.0
SV3521,Database Systems,64,Medium,2,3.8
SV3522,Web Development,58,High,3,2.7
SV3523,Software Engineering,14,Low,1,0.8
SV3524,Database Systems,0,Low,1,2.0
SV3525,Web Development,10,Low,1,1.9
SV3526,Cloud Computing,54,Medium,2,3.2
SV3527,Software Engineering,1,Low,1,0.8
SV3528,Computer Networks,64,Medium,2,3.9
SV3529,Artificial Intelligence,94,High,3,5.7
SV3530,Mobile App Development,43,Low,1,2.2
SV3531,Cybersecurity,15,Low,1,1.9
SV3532,Mobile App Development,21,Low,1,0.8
SV3533,Software Engineering,17,Low,1,1.2
SV3534,Computer Networks,46,Medium,2,3.8
SV3535,Artificial Intelligence,80,High,3,6.4
SV3536,Computer Networks,29,Low,1,1.2
SV3537,Database Systems,9,Low,1,1.6
SV3538,Artificial Intelligence,98,Medium,2,6.6
SV3539,Database Systems,57,Medium,2,4.1
SV3540,Web Development,61,Medium,2,3.4
SV3541,Software Engineering,84,High,3,5.9
SV3542,Web Development,79,High,3,6.6
SV3543,Data Science,5,Low,1,0.9
SV3544,Computer Networks,66,Medium,2,4.3
SV3545,Database Systems,40,Low,1,2.0
SV3546,Cloud Computing,42,Low,1,1.3
SV3547,Web Development,84,High,3,6.4
SV3548,Data Science,76,High,3,6.1
SV3549,Machine Learning,17,Low,1,1.9
SV3550,Mobile App Development,57,Medium,2,2.9
SV3551,Artificial Intelligence,59,Medium,2,3.5
SV3552,Data Science,87,High,3,6.1
SV3553,Software Engineering,26,Low,1,1.5
SV3554,Web Development,67,Medium,2,3.6
SV3555,Software Engineering,21,Low,1,1.2
SV3556,Mobile App Development,23,Medium,2,1.0
SV3557,Cloud Computing,39,Low,1,2.2
SV3558,Computer Networks,73,Medium,2,4.1
SV3559,Computer Networks,65,Medium,2,3.5
SV3560,Software Engineering,39,Low,1,0.7
SV3561,Database Systems,5,Low,1,1.3
SV3562,Cloud Computing,17,Low,1,2.2
SV3563,Computer Networks,80,Medium,2,5.7
SV3564,Cloud Computing,86,High,3,5.9
SV3565,Data Science,29,Low,1,1.4
SV3566,Cloud Computing,20,Low,1,1.8
SV3567,Cybersecurity,61,Medium,2,3.5
SV3568,Mobile App Development,9,Low,1,1.0
SV3569,Computer Networks,12,Low,1,1.1
SV3570,Cloud Computing,75,Medium,2,4.2
SV3571,Software Engineering,8,Low,1,1.0
SV3572,Machine Learning,67,Medium,2,3.3
SV3573,Cybersecurity,38,Low,1,1.4
SV3574,Cybersecurity,23,Low,1,1.6
SV3575,Database Systems,33,Low,1,0.8
SV3576,Cloud Computing,60,Low,1,3.1
SV3577,Database Systems,40,Low,1,1.2
SV3578,Database Systems,4,Low,1,1.8
SV3579,Machine Learning,78,High,3,6.6
SV3580,Data Science,49,Medium,2,4.1
SV3581,Cloud Computing,3,Low,1,1.3
SV3582,Web Development,50,Medium,2,2.9
SV3583,Computer Networks,51,High,3,2.9
SV3584,Database Systems,38,Low,1,1.2
SV3585,Mobile App Development,7,Low,1,0.9
SV3586,Artificial Intelligence,44,Low,1,1.2
SV3587,Mobile App Development,87,High,3,5.7
SV3588,Machine Learning,27,Low,1,1.7
SV3589,Machine Learning,26,Medium,2,1.1
SV3590,Software Engineering,64,Medium,2,4.3
SV3591,Data Science,33,Low,1,1.5
SV3592,Computer Networks,80,High,3,6.7
SV3593,Database Systems,100,High,3,6.5
SV3594,Mobile App Development,61,Medium,2,3.3
SV3595,Artificial Intelligence,61,Medium,2,4.1
SV3596,Machine Learning,37,Medium,2,1.4
SV3597,Machine Learning,25,Low,1,1.0
SV3598,Data Science,23,Low,1,1.7
SV3599,Artificial Intelligence,38,Low,1,1.3
SV3600,Artificial Intelligence,20,Low,1,2.0
SV3601,Data Science,93,High,3,6.8
SV3602,Machine Learning,46,Medium,2,3.6
SV3603,Computer Networks,47,Medium,2,4.3
SV3604,Cloud Computing,12,Low,1,1.8
SV3605,Cloud Computing,100,High,3,6.6
SV3606,Data Science,2,Low,1,1.1
SV3607,Artificial Intelligence,31,Low,1,2.1
SV3608,Database Systems,34,Low,1,1.4
SV3609,Data Science,18,Low,1,1.9
SV3610,Computer Networks,13,Low,1,1.7
SV3611,Data Science,47,Medium,2,4.2
SV3612,Cybersecurity,85,High,3,6.5
SV3613,Mobile App Development,80,High,3,5.8
SV3614,Artificial Intelligence,67,Medium,2,2.8
SV3615,Software Engineering,44,Low,1,1.5
SV3616,Software Engineering,18,Low,1,1.2
SV3617,Artificial Intelligence,63,Medium,2,4.2
SV3618,Computer Networks,100,High,3,5.4
SV3619,Cybersecurity,65,Medium,2,4.3
SV3620,Cybersecurity,78,High,3,6.2
SV3621,Machine Learning,65,Medium,2,4.1
SV3622,Mobile App Development,74,Medium,2,3.7
SV3623,Cloud Computing,44,Low,1,2.1
SV3624,Web Development,86,High,3,6.7
SV3625,Computer Networks,73,Medium,2,3.8
SV3626,Web Development,66,Low,1,3.9
SV3627,Web Development,68,Medium,2,3.3
SV3628,Artificial Intelligence,2,Low,1,0.9
SV3629,Software Engineering,37,Low,1,1.2
SV3630,Software Engineering,76,High,3,5.8
SV3631,Cloud Computing,41,Low,1,0.8
SV3632,Artificial Intelligence,82,High,3,6.0
SV3633,Web Development,39,Medium,2,2.1
SV3634,Database Systems,49,Medium,2,3.9
SV3635,Software Engineering,34,Low,1,1.6
SV3636,Computer Networks,23,Low,1,1.3
SV3637,Computer Networks,87,High,3,6.4
SV3638,Machine Learning,16,Low,1,1.9
SV3639,Data Science,39,Low,1,0.8
SV3640,Database Systems,73,Medium,2,4.0
SV3641,Software Engineering,65,High,3,3.6
SV3642,Cybersecurity,43,Low,1,1.9
SV3643,Software Engineering,22,Low,1,1.0
SV3644,Machine Learning,5,Low,1,1.2
SV3645,Computer Networks,65,Medium,2,4.3
SV3646,Web Development,20,Low,1,1.9
SV3647,Cybersecurity,34,Low,1,1.0
SV3648,Artificial Intelligence,28,Low,1,1.6
SV3649,Mobile App Development,6,Low,1,2.3
SV3650,Web Development,92,High,3,6.6
SV3651,Mobile App Development,52,Medium,2,3.8
SV3652,Database Systems,36,Low,1,0.8
SV3653,Data Science,22,Low,1,0.7
SV3654,Cybersecurity,96,High,3,6.4
SV3655,Cloud Computing,7,Low,1,1.7
SV3656,Cybersecurity,75,Medium,2,4.0
SV3657,Software Engineering,47,Medium,2,3.9
SV3658,Computer Networks,9,Low,1,1.2
SV3659,Software Engineering,78,High,3,5.5
SV3660,Software Engineering,23,Low,1,1.0
SV3661,Database Systems,89,High,3,6.3
SV3662,Web Development,46,Medium,2,3.4
SV3663,Cloud Computing,52,Medium,2,4.2
SV3664,Cloud Computing,38,Low,1,1.4
SV3665,Software Engineering,66,Medium,2,3.0
SV3666,Mobile App Development,65,Medium,2,3.3
SV3667,Database Systems,5,Low,1,1.1
SV3668,Software Engineering,20,Low,1,1.5
SV3669,Data Science,72,Medium,2,3.8
SV3670,Computer Networks,73,High,3,2.9
SV3671,Web Development,35,Low,1,1.6
SV3672,Artificial Intelligence,2,Low,1,1.2
SV3673,Data Science,87,High,3,6.3
SV3674,Mobile App Development,85,High,3,6.1
SV3675,Cybersecurity,77,High,3,5.9
SV3676,Cybersecurity,41,Low,1,2.1
SV3677,Data Science,44,Low,1,2.3
SV3678,Software Engineering,43,Low,1,0.7
SV3679,Artificial Intelligence,90,High,3,6.2
SV3680,Machine Learning,32,Low,1,1.5
SV3681,Machine Learning,59,Medium,2,3.0
SV3682,Mobile App Development,85,High,3,6.6
SV3683,Software Engineering,92,High,3,6.3
SV3684,Cloud Computing,82,High,3,5.5
SV3685,Cloud Computing,82,High,3,6.3
SV3686,Web Development,69,Medium,2,2.7
SV3687,Artificial Intelligence,82,High,3,6.6
SV3688,Artificial Intelligence,76,High,3,6.2
SV3689,Cybersecurity,25,Medium,2,0.9
SV3690,Database Systems,85,High,3,5.9
SV3691,Mobile App Development,20,Low,1,2.0
SV3692,Machine Learning,99,High,3,5.3
SV3693,Mobile App Development,1,Low,1,0.8
SV3694,Cloud Computing,46,Medium,2,3.8
SV3695,Cloud Computing,29,Low,1,1.7
SV3696,Data Science,26,Low,1,1.1
SV3697,Web Development,70,Medium,2,3.8
SV3698,Artificial Intelligence,19,Low,1,1.2
SV3699,Computer Networks,49,Medium,2,4.3
SV3700,Mobile App Development,94,High,3,5.8
SV3701,Cloud Computing,22,Low,1,0.8
SV3702,Database Systems,12,Low,1,1.2
SV3703,Cybersecurity,80,High,3,5.9
SV3704,Machine Learning,3,Low,1,1.3
SV3705,Web Development,13,Low,1,0.7
SV3706,Database Systems,19,Low,1,2.2
SV3707,Web Development,12,Low,1,1.6
SV3708,Data Science,2,Low,1,1.5
SV3709,Computer Networks,89,High,3,5.6
SV3710,Cloud Computing,89,High,3,5.4
SV3711,Cybersecurity,81,Medium,2,6.4
SV3712,Database Systems,95,High,3,6.0
SV3713,Web Development,77,High,3,6.0
SV3714,Artificial Intelligence,46,Medium,2,3.3
SV3715,Data Science,2,Low,1,1.5
SV3716,Artificial Intelligence,0,Low,1,1.8
SV3717,Cybersecurity,89,High,3,5.9
SV3718,Database Systems,23,Low,1,1.6
SV3719,Data Science,34,Low,1,2.1
SV3720,Database Systems,13,Low,1,2.1
SV3721,Cloud Computing,66,Medium,2,4.3
SV3722,Software Engineering,12,Low,1,2.2
SV3723,Data Science,46,Medium,2,2.8
SV3724,Artificial Intelligence,49,Medium,2,4.3
SV3725,Cybersecurity,77,High,3,5.5
SV3726,Computer Networks,84,High,3,6.2
SV3727,Cloud Computing,25,Low,1,1.8
SV3728,Software Engineering,2,Medium,2,2.1
SV3729,Computer Networks,50,Medium,2,3.2
SV3730,Machine Learning,39,Low,1,1.3
SV3731,Cloud Computing,67,Medium,2,3.9
SV3732,Cybersecurity,35,Low,1,2.1
SV3733,Web Development,50,High,3,2.7
SV3734,Data Science,0,Medium,2,1.8
SV3735,Database Systems,32,Low,1,1.3
SV3736,Cybersecurity,6,Low,1,1.2
SV3737,Data Science,51,Medium,2,2.8
SV3738,Computer Networks,10,Low,1,1.1
SV3739,Database Systems,26,Low,1,1.6
SV3740,Mobile App Development,13,Low,1,1.4
SV3741,Artificial Intelligence,85,Medium,2,6.6
SV3742,Machine Learning,79,High,3,5.4
SV3743,Cloud Computing,45,Low,1,1.5
SV3744,Cybersecurity,75,Low,1,3.7
SV3745,Machine Learning,9,Low,1,1.9
SV3746,Web Development,23,Low,1,2.1
SV3747,Data Science,60,Medium,2,4.2
SV3748,Data Science,17,Low,1,1.5
SV3749,Cybersecurity,85,High,3,5.6
SV3750,Software Engineering,8,Low,1,1.7
SV3751,Software Engineering,16,Low,1,1.7
SV3752,Mobile App Development,57,Medium,2,3.0
SV3753,Artificial Intelligence,12,Medium,2,2.1
SV3754,Database Systems,49,Medium,2,3.6
SV3755,Web Development,100,High,3,6.4
SV3756,Machine Learning,5,Medium,2,1.3
SV3757,Software Engineering,84,High,3,6.0
SV3758,Mobile App Development,50,Medium,2,4.2
SV3759,Mobile App Development,35,Low,1,1.4
SV3760,Cybersecurity,70,Medium,2,3.1
SV3761,Web Development,99,High,3,6.7
SV3762,Computer Networks,24,Low,1,2.0
SV3763,Database Systems,10,Low,1,1.6
SV3764,Artificial Intelligence,43,Medium,2,1.2
SV3765,Cloud Computing,13,Low,1,1.5
SV3766,Cybersecurity,28,Low,1,1.0
SV3767,Database Systems,73,Medium,2,4.3
SV3768,Cloud Computing,49,Medium,2,3.9
SV3769,Cloud Computing,4,Low,1,1.8
SV3770,Web Development,71,Low,1,3.0
SV3771,Web Development,68,Low,1,2.7
SV3772,Machine Learning,87,High,3,5.8
SV3773,Mobile App Development,56,Medium,2,2.8
SV3774,Database Systems,25,Low,1,1.1
SV3775,Cybersecurity,5,Low,1,0.7
SV3776,Data Science,15,Low,1,2.2
SV3777,Cybersecurity,59,Medium,2,3.9
SV3778,Machine Learning,99,High,3,5.5
SV3779,Artificial Intelligence,11,Medium,2,1.9
SV3780,Mobile App Development,74,Medium,2,3.3
SV3781,Data Science,2,Low,1,1.7
SV3782,Software Engineering,62,Medium,2,3.8
SV3783,Artificial Intelligence,63,Low,1,3.3
SV3784,Web Development,61,Medium,2,3.1
SV3785,Cloud Computing,100,High,3,5.4
SV3786,Software Engineering,5,Low,1,1.5
SV3787,Cybersecurity,18,Low,1,2.2
SV3788,Cybersecurity,17,Low,1,1.9
SV3789,Web Development,79,High,3,6.2
SV3790,Machine Learning,86,High,3,6.8
SV3791,Database Systems,42,Low,1,1.6
SV3792,Software Engineering,100,High,3,5.4
SV3793,Software Engineering,72,Low,1,3.8
SV3794,Computer Networks,2,Low,1,0.9
SV3795,Artificial Intelligence,71,Medium,2,3.1
SV3796,Mobile App Development,37,Low,1,2.2
SV3797,Artificial Intelligence,67,Medium,2,3.0
SV3798,Database Systems,75,Medium,2,2.9
SV3799,Cybersecurity,43,Low,1,0.8
SV3800,Cybersecurity,94,High,3,5.7
SV3801,Cybersecurity,88,High,3,6.6
SV3802,Computer Networks,79,High,3,6.0
SV3803,Cybersecurity,62,Medium,2,3.8
SV3804,Database Systems,41,Low,1,0.8
SV3805,Web Development,63,Medium,2,3.2
SV3806,Mobile App Development,53,Medium,2,4.1
SV3807,Database Systems,77,High,3,5.7
SV3808,Mobile App Development,76,High,3,6.1
SV3809,Database Systems,70,Medium,2,2.8
SV3810,Cybersecurity,75,Medium,2,4.2
SV3811,Web Development,36,Low,1,2.2
SV3812,Software Engineering,3,Medium,2,1.1
SV3813,Artificial Intelligence,1,Low,1,1.1
SV3814,Cloud Computing,98,High,3,6.5
SV3815,Web Development,43,Low,1,1.8
SV3816,Software Engineering,66,Medium,2,3.3
SV3817,Machine Learning,67,Medium,2,2.8
SV3818,Database Systems,75,Medium,2,4.3
SV3819,Machine Learning,82,High,3,5.9
SV3820,Software Engineering,73,Medium,2,3.1
SV3821,Web Development,61,Medium,2,3.5
SV3822,Database Systems,0,Low,1,1.5
SV3823,Cloud Computing,16,Medium,2,1.7
SV3824,Cybersecurity,15,Low,1,0.9
SV3825,Database Systems,8,Medium,2,1.9
SV3826,Database Systems,52,Medium,2,3.4
SV3827,Web Development,72,Medium,2,3.5
SV3828,Web Development,58,Medium,2,3.8
SV3829,Software Engineering,8,Medium,2,1.0
SV3830,Data Science,11,Low,1,1.9
SV3831,Database Systems,40,Low,1,1.7
SV3832,Artificial Intelligence,14,Low,1,1.2
SV3833,Database Systems,65,Medium,2,3.6
SV3834,Software Engineering,74,Medium,2,3.9
SV3835,Mobile App Development,10,Low,1,0.7
SV3836,Machine Learning,7,Low,1,0.8
SV3837,Cybersecurity,54,Medium,2,4.1
SV3838,Data Science,95,High,3,6.6
SV3839,Cloud Computing,5,Low,1,1.2
SV3840,Cloud Computing,52,Medium,2,3.4
SV3841,Cloud Computing,19,Low,1,1.1
SV3842,Web Development,38,Medium,2,1.6
SV3843,Cloud Computing,98,High,3,5.3
SV3844,Cybersecurity,71,Medium,2,4.1
SV3845,Machine Learning,33,Low,1,0.8
SV3846,Cloud Computing,56,Medium,2,3.4
SV3847,Database Systems,18,Low,1,1.9
SV3848,Database Systems,70,Medium,2,3.3
SV3849,Web Development,30,Low,1,1.5
SV3850,Cybersecurity,81,High,3,6.7
SV3851,Machine Learning,39,Low,1,1.8
SV3852,Data Science,13,Low,1,1.4
SV3853,Software Engineering,99,Medium,2,5.4
SV3854,Machine Learning,80,High,3,5.7
SV3855,Software Engineering,36,Low,1,1.9
SV3856,Mobile App Development,43,Medium,2,1.7
SV3857,Software Engineering,8,Low,1,1.2
SV3858,Artificial Intelligence,57,Medium,2,3.2
SV3859,Database Systems,19,Low,1,1.5
SV3860,Cybersecurity,91,High,3,5.4
SV3861,Computer Networks,49,Low,1,3.1
SV3862,Web Development,19,Low,1,2.0
SV3863,Artificial Intelligence,35,Low,1,1.9
SV3864,Software Engineering,26,Low,1,0.8
SV3865,Cloud Computing,71,Medium,2,3.6
SV3866,Cybersecurity,31,Low,1,2.1
SV3867,Artificial Intelligence,0,Low,1,1.0
SV3868,Web Development,16,Low,1,1.8
SV3869,Database Systems,8,Low,1,0.8
SV3870,Cybersecurity,83,High,3,5.7
SV3871,Web Development,44,Low,1,1.5
SV3872,Mobile App Development,95,High,3,5.3
SV3873,Mobile App Development,65,Medium,2,3.6
SV3874,Web Development,31,Low,1,1.9
SV3875,Artificial Intelligence,44,Medium,2,1.1
SV3876,Cybersecurity,8,Low,1,2.2
SV3877,Artificial Intelligence,29,Low,1,1.4
SV3878,Data Science,83,High,3,6.4
SV3879,Software Engineering,37,Low,1,2.2
SV3880,Data Science,59,Medium,2,3.2
SV3881,Mobile App Development,0,Low,1,1.4
SV3882,Database Systems,4,Low,1,1.4
SV3883,Machine Learning,62,Medium,2,3.5
SV3884,Software Engineering,98,High,3,6.5
SV3885,Mobile App Development,35,Low,1,1.0
SV3886,Artificial Intelligence,64,Medium,2,4.0
SV3887,Artificial Intelligence,77,High,3,6.3
SV3888,Artificial Intelligence,72,Medium,2,3.1
SV3889,Database Systems,93,High,3,5.3
SV3890,Data Science,23,Low,1,1.0
SV3891,Machine Learning,3,Low,1,1.5
SV3892,Artificial Intelligence,77,High,3,6.3
SV3893,Computer Networks,88,High,3,6.4
SV3894,Software Engineering,67,Medium,2,3.7
SV3895,Cybersecurity,24,Low,1,1.4
SV3896,Computer Networks,73,Medium,2,4.2
SV3897,Machine Learning,98,High,3,6.6
SV3898,Database Systems,6,Low,1,1.2
SV3899,Machine Learning,12,Low,1,1.7
SV3900,Cybersecurity,67,Medium,2,4.1
SV3901,Software Engineering,42,Low,1,1.7
SV3902,Cybersecurity,56,Medium,2,4.2
SV3903,Web Development,35,Low,1,1.5
SV3904,Software Engineering,13,Low,1,1.6
SV3905,Machine Learning,81,High,3,5.7
SV3906,Artificial Intelligence,71,Medium,2,2.8
SV3907,Machine Learning,95,High,3,6.3
SV3908,Machine Learning,26,Medium,2,2.2
SV3909,Software Engineering,36,Low,1,1.7
SV3910,Web Development,86,High,3,6.3
SV3911,Machine Learning,70,Low,1,3.2
SV3912,Computer Networks,75,Medium,2,3.2
SV3913,Mobile App Development,24,Low,1,2.0
SV3914,Cloud Computing,66,Medium,2,2.8
SV3915,Cloud Computing,89,Medium,2,5.6
SV3916,Machine Learning,3,Low,1,1.9
SV3917,Computer Networks,99,High,3,6.5
SV3918,Artificial Intelligence,78,High,3,6.0
SV3919,Database Systems,95,High,3,6.2
SV3920,Database Systems,92,High,3,6.7
SV3921,Software Engineering,73,Medium,2,3.5
SV3922,Cloud Computing,84,High,3,5.3
SV3923,Machine Learning,15,Low,1,1.1
SV3924,Database Systems,18,Low,1,1.1
SV3925,Machine Learning,28,Low,1,1.4
SV3926,Software Engineering,50,Medium,2,3.1
SV3927,Cloud Computing,17,Low,1,1.7
SV3928,Cybersecurity,57,High,3,3.8
SV3929,Mobile App Development,43,Low,1,1.3
SV3930,Mobile App Development,15,Low,1,1.4
SV3931,Database Systems,64,Medium,2,3.4
SV3932,Mobile App Development,1,Low,1,2.3
SV3933,Cybersecurity,55,Low,1,2.8
SV3934,Machine Learning,78,High,3,5.8
SV3935,Software Engineering,27,Low,1,2.1
SV3936,Cybersecurity,64,Low,1,3.2
SV3937,Software Engineering,4,Low,1,2.2
SV3938,Software Engineering,21,Low,1,2.2
SV3939,Cloud Computing,99,High,3,6.0
SV3940,Machine Learning,12,Low,1,1.0
SV3941,Computer Networks,64,Medium,2,3.8
SV3942,Mobile App Development,15,Low,1,0.8
SV3943,Computer Networks,85,High,3,6.2
SV3944,Cloud Computing,63,Medium,2,3.3
SV3945,Software Engineering,31,Low,1,1.6
SV3946,Database Systems,79,High,3,6.5
SV3947,Mobile App Development,50,High,3,2.8
SV3948,Mobile App Development,78,High,3,6.0
SV3949,Machine Learning,57,Medium,2,4.1
SV3950,Web Development,45,Low,1,2.0
SV3951,Data Science,51,Medium,2,3.7
SV3952,Data Science,62,Medium,2,3.1
SV3953,Data Science,75,Low,1,3.1
SV3954,Web Development,59,Medium,2,4.0
SV3955,Machine Learning,64,Medium,2,3.9
SV3956,Web Development,80,High,3,6.5
SV3957,Data Science,54,High,3,3.1
SV3958,Cloud Computing,56,Medium,2,3.7
SV3959,Cybersecurity,91,High,3,6.2
SV3960,Software Engineering,70,Medium,2,3.1
SV3961,Web Development,72,Low,1,3.6
SV3962,Machine Learning,85,High,3,6.4
SV3963,Machine Learning,25,Low,1,2.0
SV3964,Computer Networks,11,Low,1,1.2
SV3965,Cybersecurity,70,Low,1,2.9
SV3966,Database Systems,45,Low,1,2.0
SV3967,Mobile App Development,46,Medium,2,3.2
SV3968,Data Science,78,High,3,6.7
SV3969,Database Systems,37,Low,1,1.7
SV3970,Computer Networks,20,Low,1,1.5
SV3971,Data Science,13,Low,1,2.0
SV3972,Cybersecurity,1,Low,1,2.0
SV3973,Computer Networks,71,Medium,2,4.0
SV3974,Data Science,69,Medium,2,3.4
SV3975,Cybersecurity,100,High,3,5.3
SV3976,Artificial Intelligence,100,High,3,6.1
SV3977,Database Systems,32,Low,1,2.0
SV3978,Database Systems,5,Low,1,1.5
SV3979,Mobile App Development,89,High,3,5.3
SV3980,Cybersecurity,36,Low,1,1.7
SV3981,Web Development,13,Low,1,1.4
SV3982,Artificial Intelligence,36,Low,1,1.3
SV3983,Cloud Computing,7,Low,1,1.6
SV3984,Data Science,76,High,3,6.5
SV3985,Artificial Intelligence,12,Low,1,1.1
SV3986,Cybersecurity,39,Low,1,2.0
SV3987,Software Engineering,91,Medium,2,5.6
SV3988,Data Science,57,High,3,3.7
SV3989,Machine Learning,17,Low,1,1.1
SV3990,Database Systems,56,Medium,2,4.1
SV3991,Cybersecurity,82,High,3,5.9
SV3992,Machine Learning,37,Low,1,1.9
SV3993,Mobile App Development,31,Low,1,1.5
SV3994,Computer Networks,85,High,3,5.7
SV3995,Cloud Computing,65,Medium,2,3.8
SV3996,Cloud Computing,76,High,3,6.6
SV3997,Machine Learning,86,Medium,2,6.5
SV3998,Database Systems,24,Low,1,1.7
SV3999,Mobile App Development,91,Medium,2,6.2
SV4000,Software Engineering,57,Medium,2,3.3
SV4001,Database Systems,74,Medium,2,3.6
SV4002,Artificial Intelligence,32,Low,1,1.2
SV4003,Cloud Computing,87,High,3,5.6
SV4004,Artificial Intelligence,65,High,3,3.3
SV4005,Data Science,29,Low,1,2.0
SV4006,Web Development,80,High,3,5.4
SV4007,Cybersecurity,33,Medium,2,1.7
SV4008,Mobile App Development,85,High,3,5.8
SV4009,Database Systems,68,Medium,2,3.1
SV4010,Cloud Computing,47,Medium,2,2.9
SV4011,Artificial Intelligence,39,Low,1,1.7
SV4012,Computer Networks,50,Medium,2,3.0
SV4013,Data Science,79,High,3,6.4
SV4014,Cybersecurity,12,Low,1,2.0
SV4015,Cybersecurity,89,High,3,6.4
SV4016,Database Systems,30,Low,1,1.6
SV4017,Mobile App Development,38,Medium,2,2.3
SV4018,Software Engineering,62,Medium,2,3.4
SV4019,Computer Networks,47,Low,1,4.1
SV4020,Database Systems,86,High,3,5.8
SV4021,Artificial Intelligence,47,Medium,2,4.2
SV4022,Web Development,60,Medium,2,3.2
SV4023,Machine Learning,11,Low,1,1.1
SV4024,Software Engineering,77,High,3,6.7
SV4025,Mobile App Development,55,Medium,2,3.4
SV4026,Data Science,17,Low,1,1.4
SV4027,Software Engineering,26,Low,1,2.3
SV4028,Cloud Computing,27,Low,1,1.2
SV4029,Mobile App Development,81,High,3,5.4
SV4030,Web Development,79,High,3,6.7
SV4031,Cloud Computing,51,Medium,2,2.7
SV4032,Software Engineering,15,Low,1,0.9
SV4033,Machine Learning,76,High,3,6.5
SV4034,Machine Learning,57,Medium,2,3.4
SV4035,Web Development,92,High,3,6.1
SV4036,Cybersecurity,8,Low,1,1.2
SV4037,Computer Networks,25,Low,1,1.6
SV4038,Data Science,27,Low,1,1.2
SV4039,Cybersecurity,76,High,3,6.2
SV4040,Machine Learning,35,Low,1,2.2
SV4041,Machine Learning,8,Low,1,2.2
SV4042,Artificial Intelligence,46,Low,1,3.2
SV4043,Cloud Computing,77,Medium,2,5.6
SV4044,Software Engineering,50,Medium,2,2.8
SV4045,Data Science,75,Medium,2,2.9
SV4046,Web Development,56,Medium,2,4.0
SV4047,Software Engineering,31,Low,1,1.9
SV4048,Artificial Intelligence,66,Medium,2,4.2
SV4049,Machine Learning,56,Medium,2,3.4
SV4050,Web Development,53,Medium,2,4.2
SV4051,Machine Learning,15,Low,1,1.8
SV4052,Data Science,61,Medium,2,3.1
SV4053,Cloud Computing,83,High,3,6.2
SV4054,Software Engineering,95,High,3,6.2
SV4055,Software Engineering,55,Medium,2,4.0
SV4056,Cybersecurity,22,Medium,2,2.1
SV4057,Web Development,16,Low,1,1.3
SV4058,Computer Networks,79,High,3,6.2
SV4059,Artificial Intelligence,37,Low,1,2.2
SV4060,Computer Networks,71,Medium,2,3.5
SV4061,Cybersecurity,82,Medium,2,5.3
SV4062,Data Science,29,Low,1,2.2
SV4063,Artificial Intelligence,57,Medium,2,3.4
SV4064,Cloud Computing,97,High,3,6.2
SV4065,Computer Networks,77,High,3,5.7
SV4066,Cloud Computing,21,Low,1,1.0
SV4067,Computer Networks,16,Low,1,1.0
SV4068,Cloud Computing,14,Low,1,1.2
SV4069,Computer Networks,47,Medium,2,3.0
SV4070,Cloud Computing,31,Low,1,0.8
SV4071,Cybersecurity,76,High,3,6.0
SV4072,Mobile App Development,84,High,3,6.6
SV4073,Artificial Intelligence,39,Medium,2,1.7
SV4074,Web Development,96,High,3,6.2
SV4075,Data Science,56,Medium,2,2.9
SV4076,Database Systems,57,Medium,2,3.3
SV4077,Machine Learning,90,High,3,6.0
SV4078,Web Development,98,High,3,5.8
SV4079,Machine Learning,15,Low,1,2.3
SV4080,Artificial Intelligence,27,Low,1,1.1
SV4081,Web Development,97,High,3,6.0
SV4082,Cloud Computing,0,Low,1,1.3
SV4083,Cloud Computing,40,Low,1,1.0
SV4084,Database Systems,47,Low,1,3.4
SV4085,Machine Learning,30,Low,1,1.6
SV4086,Data Science,35,Low,1,1.0
SV4087,Artificial Intelligence,32,Low,1,2.1
SV4088,Cloud Computing,32,Low,1,2.1
SV4089,Mobile App Development,81,High,3,6.5
SV4090,Cybersecurity,22,Low,1,1.2
SV4091,Cybersecurity,59,Medium,2,4.0
SV4092,Computer Networks,86,High,3,6.8
SV4093,Data Science,78,Medium,2,5.3
SV4094,Cybersecurity,89,High,3,6.4
SV4095,Computer Networks,29,Medium,2,1.3
SV4096,Machine Learning,88,Medium,2,6.2
SV4097,Cloud Computing,44,Low,1,1.4
SV4098,Cloud Computing,79,High,3,5.3
SV4099,Mobile App Development,38,Low,1,1.4
SV4100,Web Development,44,Low,1,1.7
SV4101,Cybersecurity,77,High,3,5.5
SV4102,Machine Learning,80,High,3,5.5
SV4103,Software Engineering,11,Low,1,2.3
SV4104,Cybersecurity,92,High,3,6.2
SV4105,Data Science,31,Low,1,1.2
SV4106,Web Development,55,High,3,4.3
SV4107,Cybersecurity,23,Low,1,1.2
SV4108,Machine Learning,12,Low,1,0.9
SV4109,Cybersecurity,19,Low,1,2.0
SV4110,Data Science,78,High,3,6.8
SV4111,Software Engineering,55,High,3,4.2
SV4112,Artificial Intelligence,52,Medium,2,3.1
SV4113,Database Systems,67,Medium,2,3.4
SV4114,Software Engineering,53,Medium,2,3.4
SV4115,Computer Networks,33,Low,1,0.8
SV4116,Cybersecurity,27,Low,1,0.7
SV4117,Cloud Computing,49,Medium,2,3.7
SV4118,Mobile App Development,1,Low,1,2.2
SV4119,Cloud Computing,93,Medium,2,6.1
SV4120,Software Engineering,25,Low,1,2.0
SV4121,Cloud Computing,50,Low,1,4.2
SV4122,Machine Learning,46,High,3,3.6
SV4123,Cloud Computing,25,Low,1,0.8
SV4124,Web Development,83,High,3,5.9
SV4125,Artificial Intelligence,91,High,3,5.8
SV4126,Cybersecurity,83,High,3,5.4
SV4127,Cloud Computing,74,Medium,2,2.9
SV4128,Data Science,73,Low,1,3.6
SV4129,Artificial Intelligence,60,Medium,2,3.7
SV4130,Artificial Intelligence,22,Low,1,1.8
SV4131,Cloud Computing,36,Low,1,1.3
SV4132,Artificial Intelligence,40,Low,1,1.8
SV4133,Mobile App Development,51,Medium,2,2.7
SV4134,Cloud Computing,82,High,3,6.7
SV4135,Machine Learning,81,High,3,6.5
SV4136,Software Engineering,48,Medium,2,3.5
SV4137,Web Development,26,Low,1,2.0
SV4138,Database Systems,5,Low,1,1.2
SV4139,Computer Networks,73,Medium,2,3.4
SV4140,Artificial Intelligence,65,Medium,2,3.3
SV4141,Machine Learning,23,Low,1,2.1
SV4142,Cybersecurity,37,Low,1,1.6
SV4143,Cybersecurity,27,Low,1,1.5
SV4144,Computer Networks,27,Low,1,0.8
SV4145,Web Development,65,Medium,2,3.3
SV4146,Artificial Intelligence,60,Medium,2,4.2
SV4147,Mobile App Development,45,Medium,2,2.1
SV4148,Computer Networks,68,Medium,2,4.2
SV4149,Web Development,74,Medium,2,3.3
SV4150,Artificial Intelligence,73,Medium,2,2.7
SV4151,Machine Learning,42,Low,1,2.0
SV4152,Software Engineering,58,Medium,2,3.3
SV4153,Mobile App Development,1,Low,1,2.1
SV4154,Database Systems,14,Low,1,1.3
SV4155,Cybersecurity,36,Low,1,1.2
SV4156,Data Science,70,High,3,3.4
SV4157,Machine Learning,19,Low,1,1.5
SV4158,Cybersecurity,97,High,3,6.2
SV4159,Cloud Computing,34,Low,1,1.3
SV4160,Data Science,33,Low,1,2.2
SV4161,Cybersecurity,85,High,3,6.7
SV4162,Web Development,30,Medium,2,2.0
SV4163,Mobile App Development,86,High,3,6.6
SV4164,Cybersecurity,18,Low,1,0.9
SV4165,Database Systems,67,Medium,2,4.3
SV4166,Software Engineering,23,Low,1,2.1
SV4167,Web Development,83,Medium,2,5.7
SV4168,Machine Learning,38,Low,1,0.8
SV4169,Machine Learning,91,High,3,5.5
SV4170,Machine Learning,53,Medium,2,2.8
SV4171,Machine Learning,38,Low,1,0.7
SV4172,Software Engineering,16,Low,1,1.7
SV4173,Cybersecurity,18,Low,1,1.3
SV4174,Artificial Intelligence,47,Medium,2,3.9
SV4175,Cybersecurity,34,Low,1,0.9
SV4176,Cloud Computing,31,Low,1,1.1
SV4177,Mobile App Development,46,Medium,2,3.9
SV4178,Data Science,46,Medium,2,3.0
SV4179,Artificial Intelligence,63,Medium,2,4.2
SV4180,Artificial Intelligence,45,Low,1,2.1
SV4181,Cybersecurity,34,Low,1,1.7
SV4182,Artificial Intelligence,93,High,3,5.3
SV4183,Computer Networks,16,Low,1,1.7
SV4184,Computer Networks,41,Low,1,2.1
SV4185,Cloud Computing,28,Low,1,1.3
SV4186,Data Science,69,Medium,2,3.3
SV4187,Database Systems,16,Low,1,1.1
SV4188,Software Engineering,80,High,3,6.0
SV4189,Cybersecurity,13,Low,1,1.1
SV4190,Software Engineering,23,Low,1,1.5
SV4191,Database Systems,56,Medium,2,4.0
SV4192,Cybersecurity,49,Medium,2,3.2
SV4193,Cybersecurity,56,High,3,4.1
SV4194,Data Science,100,High,3,6.3
SV4195,Software Engineering,60,Medium,2,3.1
SV4196,Computer Networks,38,Low,1,2.3
SV4197,Machine Learning,54,Medium,2,4.1
SV4198,Software Engineering,95,High,3,5.9
SV4199,Mobile App Development,35,Medium,2,1.9
SV4200,Mobile App Development,36,Medium,2,1.9
SV4201,Cybersecurity,13,Low,1,1.5
SV4202,Machine Learning,26,Medium,2,1.6
SV4203,Web Development,82,High,3,5.9
SV4204,Database Systems,30,Low,1,0.9
SV4205,Cloud Computing,72,Medium,2,2.9
SV4206,Machine Learning,80,High,3,6.5
SV4207,Cloud Computing,82,High,3,6.5
SV4208,Software Engineering,43,Low,1,2.2
SV4209,Software Engineering,67,Medium,2,2.8
SV4210,Cloud Computing,47,Medium,2,3.9
SV4211,Database Systems,56,Medium,2,4.3
SV4212,Machine Learning,74,Medium,2,4.2
SV4213,Web Development,21,Low,1,1.5
SV4214,Cybersecurity,3,Low,1,1.2
SV4215,Data Science,80,High,3,5.9
SV4216,Software Engineering,71,Low,1,3.1
SV4217,Mobile App Development,45,Low,1,2.1
SV4218,Database Systems,58,Medium,2,3.9
SV4219,Data Science,33,Medium,2,1.7
SV4220,Web Development,10,Medium,2,1.2
SV4221,Artificial Intelligence,30,Low,1,1.3
SV4222,Cybersecurity,10,Low,1,2.1
SV4223,Software Engineering,55,Medium,2,3.2
SV4224,Cybersecurity,37,Low,1,1.5
SV4225,Data Science,20,Low,1,1.6
SV4226,Cybersecurity,93,High,3,6.5
SV4227,Artificial Intelligence,9,Low,1,1.3
SV4228,Data Science,25,Low,1,1.5
SV4229,Software Engineering,90,High,3,5.8
SV4230,Machine Learning,7,Low,1,2.2
SV4231,Mobile App Development,7,Low,1,1.7
SV4232,Data Science,59,Medium,2,2.9
SV4233,Computer Networks,71,Medium,2,3.7
SV4234,Artificial Intelligence,33,Low,1,2.0
SV4235,Data Science,15,Medium,2,1.3
SV4236,Data Science,12,Low,1,1.8
SV4237,Computer Networks,86,High,3,6.6
SV4238,Software Engineering,75,Low,1,3.0
SV4239,Data Science,90,High,3,6.3
SV4240,Mobile App Development,21,Low,1,1.5
SV4241,Cybersecurity,95,High,3,5.6
SV4242,Software Engineering,26,Low,1,0.8
SV4243,Mobile App Development,63,Medium,2,3.7
SV4244,Software Engineering,1,Low,1,1.9
SV4245,Mobile App Development,96,High,3,6.7
SV4246,Artificial Intelligence,25,Low,1,1.8
SV4247,Mobile App Development,91,High,3,6.0
SV4248,Cloud Computing,82,High,3,5.2
SV4249,Mobile App Development,68,Medium,2,3.6
SV4250,Machine Learning,96,High,3,6.7
SV4251,Machine Learning,83,High,3,6.0
SV4252,Database Systems,29,Low,1,1.4
SV4253,Cloud Computing,7,Low,1,0.7
SV4254,Cloud Computing,37,Low,1,0.9
SV4255,Cybersecurity,60,Medium,2,3.5
SV4256,Cloud Computing,80,High,3,5.9
SV4257,Cybersecurity,64,Medium,2,4.2
SV4258,Database Systems,66,Low,1,4.1
SV4259,Database Systems,45,Low,1,1.7
SV4260,Artificial Intelligence,89,High,3,6.7
SV4261,Machine Learning,94,High,3,6.1
SV4262,Mobile App Development,71,High,3,4.1
SV4263,Mobile App Development,42,Low,1,2.3
SV4264,Computer Networks,58,Medium,2,3.0
SV4265,Computer Networks,45,Low,1,1.2
SV4266,Web Development,71,Medium,2,3.9
SV4267,Software Engineering,34,Low,1,0.8
SV4268,Artificial Intelligence,38,Low,1,1.2
SV4269,Web Development,91,High,3,6.7
SV4270,Web Development,50,High,3,4.0
SV4271,Data Science,3,Low,1,1.6
SV4272,Data Science,79,High,3,5.6
SV4273,Web Development,76,High,3,5.3
SV4274,Cloud Computing,83,High,3,6.7
SV4275,Software Engineering,50,Medium,2,3.5
SV4276,Artificial Intelligence,4,Low,1,2.1
SV4277,Web Development,54,Medium,2,3.1
SV4278,Mobile App Development,100,High,3,5.9
SV4279,Software Engineering,19,Medium,2,1.0
SV4280,Data Science,23,Low,1,2.1
SV4281,Mobile App Development,35,Low,1,2.1
SV4282,Data Science,33,Low,1,1.8
SV4283,Data Science,53,Medium,2,2.8
SV4284,Software Engineering,33,Low,1,0.7
SV4285,Data Science,82,High,3,6.7
SV4286,Database Systems,16,Low,1,2.2
SV4287,Machine Learning,4,Low,1,1.2
SV4288,Database Systems,88,High,3,6.4
SV4289,Machine Learning,17,Low,1,2.1
SV4290,Computer Networks,54,Low,1,4.2
SV4291,Computer Networks,52,Medium,2,4.1
SV4292,Data Science,49,Medium,2,4.0
SV4293,Artificial Intelligence,71,Medium,2,3.0
SV4294,Artificial Intelligence,90,High,3,5.6
SV4295,Machine Learning,78,High,3,6.5
SV4296,Mobile App Development,44,Low,1,1.1
SV4297,Software Engineering,12,Low,1,2.0
SV4298,Data Science,15,Low,1,1.6
SV4299,Software Engineering,85,High,3,6.6
SV4300,Database Systems,83,High,3,6.5
SV4301,Artificial Intelligence,12,Low,1,1.4
SV4302,Cloud Computing,19,Low,1,1.8
SV4303,Database Systems,65,High,3,3.9
SV4304,Database Systems,98,Medium,2,6.0
SV4305,Machine Learning,46,Medium,2,3.8
SV4306,Cybersecurity,18,Low,1,1.6
SV4307,Database Systems,44,Low,1,2.2
SV4308,Data Science,36,Low,1,1.1
SV4309,Web Development,53,Medium,2,4.2
SV4310,Web Development,5,Low,1,1.3
SV4311,Data Science,13,Low,1,0.8
SV4312,Cybersecurity,3,Low,1,1.7
SV4313,Cybersecurity,85,High,3,6.2
SV4314,Machine Learning,54,Medium,2,2.7
SV4315,Artificial Intelligence,99,High,3,5.8
SV4316,Software Engineering,33,Low,1,0.8
SV4317,Cybersecurity,26,Low,1,2.0
SV4318,Cloud Computing,6,Low,1,2.0
SV4319,Machine Learning,2,Low,1,1.9
SV4320,Computer Networks,46,Medium,2,4.3
SV4321,Mobile App Development,96,High,3,5.5
SV4322,Computer Networks,1,Low,1,2.3
SV4323,Machine Learning,79,High,3,6.5
SV4324,Database Systems,24,Low,1,1.5
SV4325,Software Engineering,59,High,3,3.8
SV4326,Mobile App Development,78,High,3,5.7
SV4327,Computer Networks,23,Low,1,2.1
SV4328,Mobile App Development,14,Low,1,2.2
SV4329,Cloud Computing,94,High,3,6.7
SV4330,Cloud Computing,13,Low,1,1.8
SV4331,Cloud Computing,53,Medium,2,3.7
SV4332,Machine Learning,77,High,3,6.7
SV4333,Software Engineering,5,Low,1,1.1
SV4334,Machine Learning,77,High,3,5.7
SV4335,Web Development,80,High,3,5.4
SV4336,Database Systems,17,Low,1,1.2
SV4337,Database Systems,19,Low,1,2.2
SV4338,Cloud Computing,61,Medium,2,2.9
SV4339,Web Development,80,High,3,6.7
SV4340,Cybersecurity,79,Medium,2,6.5
SV4341,Cybersecurity,39,Low,1,1.8
SV4342,Cloud Computing,38,Low,1,1.8
SV4343,Computer Networks,51,Low,1,3.9
SV4344,Machine Learning,31,Low,1,1.4
SV4345,Cloud Computing,72,Medium,2,4.0
SV4346,Artificial Intelligence,26,Low,1,1.4
SV4347,Mobile App Development,51,Medium,2,3.9
SV4348,Database Systems,96,High,3,6.5
SV4349,Cybersecurity,62,Low,1,3.0
SV4350,Data Science,73,Medium,2,4.2
SV4351,Cybersecurity,62,Low,1,2.8
SV4352,Database Systems,16,Low,1,1.7
SV4353,Mobile App Development,48,Medium,2,4.0
SV4354,Database Systems,99,Medium,2,5.5
SV4355,Data Science,80,High,3,6.2
SV4356,Cloud Computing,81,High,3,5.4
SV4357,Web Development,22,Medium,2,1.2
SV4358,Data Science,97,High,3,6.0
SV4359,Database Systems,71,Medium,2,4.1
SV4360,Database Systems,12,Low,1,1.3
SV4361,Artificial Intelligence,22,Low,1,1.1
SV4362,Artificial Intelligence,56,Medium,2,3.2
SV4363,Software Engineering,61,Medium,2,3.0
SV4364,Artificial Intelligence,53,Low,1,3.1
SV4365,Machine Learning,19,Low,1,1.5
SV4366,Web Development,85,High,3,6.4
SV4367,Mobile App Development,51,Medium,2,3.8
SV4368,Data Science,22,Low,1,2.3
SV4369,Database Systems,34,Medium,2,2.1
SV4370,Software Engineering,66,Medium,2,3.3
SV4371,Software Engineering,33,Low,1,2.2
SV4372,Mobile App Development,32,Low,1,1.6
SV4373,Web Development,45,Low,1,1.6
SV4374,Data Science,80,High,3,6.1
SV4375,Cybersecurity,44,Low,1,2.2
SV4376,Artificial Intelligence,18,Low,1,2.1
SV4377,Cloud Computing,93,High,3,5.9
SV4378,Software Engineering,86,High,3,5.6
SV4379,Artificial Intelligence,14,Low,1,1.7
SV4380,Artificial Intelligence,77,High,3,6.2
SV4381,Machine Learning,65,Medium,2,3.2
SV4382,Web Development,38,Low,1,0.9
SV4383,Cloud Computing,17,Low,1,0.8
SV4384,Cybersecurity,69,Low,1,3.1
SV4385,Database Systems,58,Low,1,3.1
SV4386,Machine Learning,31,Low,1,0.8
SV4387,Artificial Intelligence,20,Low,1,2.2
SV4388,Artificial Intelligence,39,Low,1,1.2
SV4389,Computer Networks,91,High,3,5.7
SV4390,Cloud Computing,26,Low,1,2.3
SV4391,Cloud Computing,1,Low,1,1.4
SV4392,Computer Networks,96,High,3,6.3
SV4393,Cloud Computing,79,High,3,5.5
SV4394,Artificial Intelligence,38,Low,1,2.2
SV4395,Software Engineering,85,Medium,2,6.5
SV4396,Data Science,55,Low,1,3.5
SV4397,Artificial Intelligence,12,Low,1,1.8
SV4398,Machine Learning,55,Low,1,3.4
SV4399,Web Development,65,Medium,2,2.8
SV4400,Computer Networks,77,High,3,6.3
SV4401,Cybersecurity,55,Medium,2,3.0
SV4402,Database Systems,27,Low,1,2.2
SV4403,Cybersecurity,63,Low,1,3.7
SV4404,Artificial Intelligence,70,Low,1,2.7
SV4405,Machine Learning,81,High,3,5.9
SV4406,Artificial Intelligence,63,Medium,2,3.2
SV4407,Web Development,55,Medium,2,3.4
SV4408,Software Engineering,40,Low,1,1.5
SV4409,Database Systems,99,High,3,6.5
SV4410,Web Development,40,Low,1,1.2
SV4411,Computer Networks,99,High,3,5.5
SV4412,Computer Networks,3,Low,1,2.2
SV4413,Artificial Intelligence,56,Low,1,3.4
SV4414,Machine Learning,29,Low,1,1.8
SV4415,Web Development,87,High,3,6.8
SV4416,Mobile App Development,83,High,3,5.5
SV4417,Machine Learning,45,Low,1,2.0
SV4418,Software Engineering,55,Low,1,2.9
SV4419,Computer Networks,30,Low,1,1.7
SV4420,Artificial Intelligence,87,High,3,5.8
SV4421,Cloud Computing,6,Low,1,2.3
SV4422,Computer Networks,89,High,3,6.3
SV4423,Database Systems,76,High,3,6.3
SV4424,Data Science,53,Medium,2,3.1
SV4425,Cloud Computing,7,Low,1,1.6
SV4426,Artificial Intelligence,54,Medium,2,4.3
SV4427,Mobile App Development,68,Low,1,2.8
SV4428,Cloud Computing,43,Low,1,1.9
SV4429,Database Systems,12,Low,1,1.7
SV4430,Machine Learning,92,High,3,5.9
SV4431,Mobile App Development,19,Low,1,2.1
SV4432,Computer Networks,77,High,3,6.7
SV4433,Mobile App Development,31,Low,1,0.9
SV4434,Web Development,59,Medium,2,4.3
SV4435,Database Systems,49,Medium,2,2.8
SV4436,Cloud Computing,26,Low,1,1.4
SV4437,Web Development,24,Low,1,0.9
SV4438,Mobile App Development,51,Medium,2,2.8
SV4439,Web Development,67,Medium,2,3.2
SV4440,Cybersecurity,20,Low,1,1.5
SV4441,Database Systems,17,Low,1,1.2
SV4442,Software Engineering,38,Medium,2,1.2
SV4443,Machine Learning,14,Low,1,1.5
SV4444,Mobile App Development,52,Medium,2,4.0
SV4445,Database Systems,37,Low,1,2.1
SV4446,Software Engineering,47,Medium,2,3.9
SV4447,Software Engineering,51,Low,1,2.7
SV4448,Artificial Intelligence,87,High,3,6.6
SV4449,Web Development,71,Medium,2,3.0
SV4450,Software Engineering,27,Low,1,1.8
SV4451,Cybersecurity,84,High,3,5.5
SV4452,Database Systems,15,Low,1,1.4
SV4453,Data Science,15,Low,1,1.8
SV4454,Data Science,34,Low,1,1.7
SV4455,Mobile App Development,16,Low,1,1.8
SV4456,Computer Networks,72,High,3,4.1
SV4457,Web Development,98,High,3,5.7
SV4458,Computer Networks,51,Medium,2,4.1
SV4459,Software Engineering,92,High,3,5.6
SV4460,Database Systems,81,High,3,5.9
SV4461,Mobile App Development,11,Low,1,0.9
SV4462,Cloud Computing,82,High,3,5.9
SV4463,Software Engineering,47,Low,1,3.9
SV4464,Web Development,21,Low,1,1.9
SV4465,Data Science,48,Medium,2,3.8
SV4466,Artificial Intelligence,51,Low,1,3.2
SV4467,Database Systems,78,High,3,6.5
SV4468,Machine Learning,0,Low,1,0.7
SV4469,Computer Networks,65,Medium,2,3.5
SV4470,Mobile App Development,63,High,3,4.2
SV4471,Computer Networks,7,Low,1,1.0
SV4472,Database Systems,85,High,3,6.5
SV4473,Computer Networks,24,Low,1,0.9
SV4474,Database Systems,65,Medium,2,3.1
SV4475,Computer Networks,72,Low,1,3.3
SV4476,Cybersecurity,72,Medium,2,3.5
SV4477,Cloud Computing,76,High,3,5.4
SV4478,Software Engineering,69,Medium,2,4.2
SV4479,Software Engineering,93,High,3,5.8
SV4480,Web Development,78,High,3,5.3
SV4481,Machine Learning,50,Medium,2,4.3
SV4482,Machine Learning,52,Medium,2,3.5
SV4483,Web Development,14,Low,1,1.7
SV4484,Artificial Intelligence,49,Medium,2,3.7
SV4485,Software Engineering,70,Low,1,3.6
SV4486,Artificial Intelligence,74,Medium,2,3.0
SV4487,Database Systems,37,Low,1,1.1
SV4488,Database Systems,39,Low,1,1.7
SV4489,Data Science,65,Medium,2,3.2
SV4490,Computer Networks,38,Medium,2,1.9
SV4491,Machine Learning,73,Medium,2,2.9
SV4492,Data Science,16,Low,1,2.2
SV4493,Cloud Computing,6,Low,1,1.2
SV4494,Web Development,38,Low,1,2.0
SV4495,Web Development,67,Medium,2,3.2
SV4496,Database Systems,34,Low,1,1.4
SV4497,Software Engineering,50,Medium,2,3.5
SV4498,Artificial Intelligence,46,Medium,2,4.0
SV4499,Machine Learning,35,Low,1,0.9
SV4500,Data Science,63,Medium,2,2.9
SV4501,Artificial Intelligence,94,High,3,6.7
SV4502,Data Science,88,High,3,6.1
SV4503,Computer Networks,12,Low,1,2.3
SV4504,Cloud Computing,17,Low,1,1.7
SV4505,Cloud Computing,20,Low,1,1.1
SV4506,Artificial Intelligence,64,Medium,2,3.9
SV4507,Artificial Intelligence,99,High,3,5.4
SV4508,Artificial Intelligence,7,Low,1,1.3
SV4509,Data Science,47,High,3,3.8
SV4510,Computer Networks,84,High,3,6.8
SV4511,Cybersecurity,42,Medium,2,1.5
SV4512,Artificial Intelligence,52,High,3,3.3
SV4513,Software Engineering,84,High,3,5.6
SV4514,Machine Learning,26,Low,1,1.5
SV4515,Machine Learning,18,Low,1,1.8
SV4516,Data Science,22,Low,1,0.8
SV4517,Artificial Intelligence,49,Medium,2,3.0
SV4518,Database Systems,50,Medium,2,3.6
SV4519,Web Development,42,Low,1,1.2
SV4520,Cybersecurity,98,High,3,6.5
SV4521,Software Engineering,50,High,3,4.0
SV4522,Computer Networks,68,Medium,2,3.0
SV4523,Database Systems,40,Low,1,2.2
SV4524,Cloud Computing,71,Medium,2,3.1
SV4525,Database Systems,10,Low,1,1.9
SV4526,Data Science,79,High,3,5.3
SV4527,Cybersecurity,87,High,3,6.1
SV4528,Mobile App Development,84,High,3,5.8
SV4529,Mobile App Development,51,Medium,2,3.4
SV4530,Artificial Intelligence,22,Low,1,1.6
SV4531,Artificial Intelligence,48,Medium,2,3.8
SV4532,Data Science,37,Low,1,1.5
SV4533,Computer Networks,46,Medium,2,2.8
SV4534,Artificial Intelligence,71,Low,1,3.6
SV4535,Web Development,6,Low,1,1.0
SV4536,Cybersecurity,65,Medium,2,3.7
SV4537,Data Science,93,High,3,5.5
SV4538,Machine Learning,76,High,3,5.3
SV4539,Cloud Computing,61,Medium,2,3.6
SV4540,Data Science,86,High,3,6.6
SV4541,Data Science,28,Low,1,1.5
SV4542,Mobile App Development,37,Low,1,1.9
SV4543,Software Engineering,100,Medium,2,6.5
SV4544,Computer Networks,83,High,3,6.5
SV4545,Software Engineering,32,Low,1,1.7
SV4546,Web Development,28,Low,1,2.1
SV4547,Machine Learning,78,High,3,6.0
SV4548,Mobile App Development,22,Low,1,0.9
SV4549,Machine Learning,2,Low,1,1.2
SV4550,Web Development,100,High,3,6.6
SV4551,Software Engineering,92,High,3,6.7
SV4552,Data Science,44,Low,1,2.1
SV4553,Artificial Intelligence,7,Low,1,1.9
SV4554,Artificial Intelligence,85,High,3,5.2
SV4555,Database Systems,28,Low,1,0.7
SV4556,Cloud Computing,1,Medium,2,0.9
SV4557,Computer Networks,49,Medium,2,4.0
SV4558,Web Development,64,Medium,2,3.5
SV4559,Cloud Computing,19,Low,1,1.0
SV4560,Computer Networks,51,Medium,2,3.2
SV4561,Cloud Computing,84,High,3,6.1
SV4562,Software Engineering,36,Low,1,2.2
SV4563,Computer Networks,71,Medium,2,3.5
SV4564,Software Engineering,26,Low,1,1.2
SV4565,Data Science,46,Medium,2,3.6
SV4566,Mobile App Development,98,High,3,5.7
SV4567,Software Engineering,5,Low,1,1.5
SV4568,Artificial Intelligence,59,Low,1,3.8
SV4569,Cloud Computing,44,Low,1,1.5
SV4570,Database Systems,43,Low,1,2.1
SV4571,Cybersecurity,82,Medium,2,6.6
SV4572,Computer Networks,17,Low,1,2.1
SV4573,Web Development,64,Medium,2,2.9
SV4574,Database Systems,24,Low,1,1.8
SV4575,Artificial Intelligence,26,Low,1,0.9
SV4576,Software Engineering,6,Low,1,1.8
SV4577,Mobile App Development,43,Low,1,1.9
SV4578,Data Science,28,Low,1,1.9
SV4579,Cybersecurity,94,High,3,5.6
SV4580,Machine Learning,43,Medium,2,0.7
SV4581,Database Systems,35,Low,1,1.9
SV4582,Mobile App Development,18,Low,1,0.7
SV4583,Machine Learning,5,Low,1,1.7
SV4584,Cybersecurity,24,Medium,2,1.6
SV4585,Web Development,30,Low,1,1.2
SV4586,Web Development,8,Low,1,0.7
SV4587,Cloud Computing,83,High,3,5.9
SV4588,Cybersecurity,73,Medium,2,2.8
SV4589,Cybersecurity,36,Low,1,2.1
SV4590,Machine Learning,26,Medium,2,1.7
SV4591,Mobile App Development,12,Low,1,1.9
SV4592,Computer Networks,40,Low,1,1.8
SV4593,Machine Learning,65,Medium,2,3.9
SV4594,Data Science,84,High,3,6.4
SV4595,Web Development,96,High,3,5.6
SV4596,Web Development,23,Medium,2,1.0
SV4597,Cloud Computing,43,Medium,2,1.2
SV4598,Data Science,97,High,3,6.5
SV4599,Web Development,59,Low,1,4.0
SV4600,Machine Learning,8,Low,1,2.1
SV4601,Data Science,1,Low,1,1.8
SV4602,Machine Learning,55,Medium,2,2.8
SV4603,Computer Networks,29,Low,1,1.0
SV4604,Computer Networks,21,Low,1,1.7
SV4605,Web Development,74,Medium,2,3.0
SV4606,Web Development,80,High,3,5.4
SV4607,Mobile App Development,99,High,3,5.3
SV4608,Computer Networks,12,Medium,2,1.0
SV4609,Database Systems,70,Medium,2,3.6
SV4610,Database Systems,15,Low,1,1.7
SV4611,Cloud Computing,96,High,3,5.3
SV4612,Computer Networks,44,Low,1,1.3
SV4613,Machine Learning,64,Medium,2,3.0
SV4614,Machine Learning,10,Medium,2,0.9
SV4615,Artificial Intelligence,69,Medium,2,3.6
SV4616,Data Science,19,Low,1,1.4
SV4617,Software Engineering,98,High,3,6.4
SV4618,Database Systems,62,Medium,2,4.1
SV4619,Web Development,100,High,3,6.7
SV4620,Cloud Computing,89,High,3,6.3
SV4621,Software Engineering,11,Low,1,1.6
SV4622,Cybersecurity,61,Medium,2,3.6
SV4623,Cloud Computing,93,High,3,6.1
SV4624,Cybersecurity,91,High,3,5.9
SV4625,Computer Networks,90,High,3,5.4
SV4626,Cybersecurity,41,Low,1,2.1
SV4627,Cybersecurity,82,High,3,6.4
SV4628,Mobile App Development,68,Medium,2,3.4
SV4629,Mobile App Development,57,Medium,2,2.9
SV4630,Mobile App Development,4,Low,1,1.7
SV4631,Computer Networks,26,Low,1,1.5
SV4632,Software Engineering,27,Low,1,1.0
SV4633,Cloud Computing,25,Low,1,1.7
SV4634,Cloud Computing,90,Medium,2,6.8
SV4635,Web Development,48,Medium,2,3.5
SV4636,Mobile App Development,20,Low,1,1.6
SV4637,Computer Networks,0,Low,1,2.2
SV4638,Web Development,91,High,3,5.5
SV4639,Data Science,57,Medium,2,2.9
SV4640,Web Development,78,Medium,2,6.2
SV4641,Software Engineering,54,Medium,2,3.6
SV4642,Database Systems,80,High,3,6.2
SV4643,Cybersecurity,25,Low,1,1.7
SV4644,Mobile App Development,83,High,3,6.2
SV4645,Database Systems,24,Low,1,2.1
SV4646,Web Development,76,High,3,6.8
SV4647,Computer Networks,32,Low,1,2.2
SV4648,Cybersecurity,88,High,3,6.4
SV4649,Cloud Computing,71,Low,1,2.8
SV4650,Machine Learning,68,Medium,2,3.5
SV4651,Cybersecurity,5,Low,1,1.2
SV4652,Software Engineering,22,Low,1,1.8
SV4653,Software Engineering,29,Medium,2,0.8
SV4654,Web Development,77,High,3,6.5
SV4655,Data Science,53,Medium,2,3.3
SV4656,Software Engineering,86,Medium,2,5.2
SV4657,Software Engineering,10,Low,1,0.9
SV4658,Computer Networks,30,Low,1,2.1
SV4659,Web Development,5,Low,1,1.7
SV4660,Cybersecurity,10,Low,1,2.0
SV4661,Data Science,76,High,3,6.0
SV4662,Database Systems,11,Medium,2,2.1
SV4663,Machine Learning,65,Medium,2,3.9
SV4664,Mobile App Development,52,Medium,2,3.1
SV4665,Cloud Computing,98,Medium,2,5.2
SV4666,Software Engineering,35,Low,1,2.1
SV4667,Web Development,16,Low,1,2.3
SV4668,Mobile App Development,27,Low,1,1.1
SV4669,Cloud Computing,91,High,3,5.6
SV4670,Cloud Computing,21,Medium,2,2.1
SV4671,Database Systems,6,Low,1,2.2
SV4672,Database Systems,14,Low,1,0.8
SV4673,Database Systems,95,High,3,6.2
SV4674,Artificial Intelligence,10,Low,1,1.9
SV4675,Artificial Intelligence,23,Low,1,1.5
SV4676,Cloud Computing,66,Low,1,4.2
SV4677,Database Systems,29,Low,1,1.0
SV4678,Computer Networks,69,Medium,2,3.0
SV4679,Software Engineering,65,Medium,2,2.8
SV4680,Mobile App Development,60,Medium,2,4.2
SV4681,Mobile App Development,77,High,3,5.5
SV4682,Artificial Intelligence,40,Low,1,1.5
SV4683,Cloud Computing,81,High,3,6.3
SV4684,Web Development,50,Medium,2,3.3
SV4685,Cybersecurity,43,Low,1,0.8
SV4686,Cybersecurity,94,High,3,6.4
SV4687,Artificial Intelligence,12,Low,1,1.8
SV4688,Web Development,89,High,3,6.3
SV4689,Artificial Intelligence,11,Low,1,1.0
SV4690,Cybersecurity,81,High,3,5.6
SV4691,Web Development,8,Medium,2,1.7
SV4692,Database Systems,84,High,3,6.7
SV4693,Cloud Computing,47,Medium,2,3.2
SV4694,Mobile App Development,48,Medium,2,3.0
SV4695,Computer Networks,52,High,3,3.5
SV4696,Data Science,55,Medium,2,3.3
SV4697,Cloud Computing,39,Low,1,0.8
SV4698,Database Systems,23,Medium,2,2.2
SV4699,Cybersecurity,97,High,3,6.4
SV4700,Database Systems,71,Medium,2,4.1
SV4701,Artificial Intelligence,32,Low,1,1.4
SV4702,Web Development,22,Low,1,1.9
SV4703,Mobile App Development,76,High,3,6.6
SV4704,Software Engineering,53,Low,1,4.0
SV4705,Artificial Intelligence,52,Medium,2,3.2
SV4706,Cloud Computing,48,Medium,2,3.4
SV4707,Artificial Intelligence,77,High,3,6.1
SV4708,Cloud Computing,77,High,3,5.5
SV4709,Software Engineering,79,High,3,5.8
SV4710,Machine Learning,48,Medium,2,3.7
SV4711,Mobile App Development,59,High,3,3.8
SV4712,Computer Networks,89,Medium,2,6.5
SV4713,Computer Networks,89,High,3,6.0
SV4714,Data Science,64,High,3,3.6
SV4715,Database Systems,31,Low,1,1.2
SV4716,Machine Learning,78,High,3,5.6
SV4717,Computer Networks,20,Low,1,0.7
SV4718,Artificial Intelligence,17,Low,1,1.3
SV4719,Database Systems,93,High,3,5.7
SV4720,Machine Learning,59,High,3,3.2
SV4721,Web Development,12,Low,1,0.9
SV4722,Web Development,23,Low,1,0.8
SV4723,Database Systems,29,Low,1,1.9
SV4724,Cloud Computing,1,Low,1,1.3
SV4725,Cloud Computing,82,Medium,2,6.5
SV4726,Artificial Intelligence,24,Low,1,0.8
SV4727,Machine Learning,49,Medium,2,4.2
SV4728,Machine Learning,13,Low,1,1.5
SV4729,Database Systems,5,Low,1,1.7
SV4730,Cybersecurity,75,High,3,4.3
SV4731,Web Development,83,High,3,5.8
SV4732,Machine Learning,86,High,3,5.8
SV4733,Database Systems,29,Medium,2,1.8
SV4734,Software Engineering,29,Low,1,0.7
SV4735,Data Science,37,Low,1,2.3
SV4736,Software Engineering,57,Medium,2,3.0
SV4737,Mobile App Development,93,Medium,2,5.8
SV4738,Artificial Intelligence,40,Medium,2,2.3
SV4739,Machine Learning,93,High,3,6.4
SV4740,Mobile App Development,56,Medium,2,3.6
SV4741,Computer Networks,35,Low,1,1.8
SV4742,Mobile App Development,63,Medium,2,3.8
SV4743,Database Systems,97,High,3,5.6
SV4744,Machine Learning,15,Low,1,2.1
SV4745,Data Science,87,High,3,5.3
SV4746,Database Systems,77,High,3,6.3
SV4747,Database Systems,89,High,3,6.2
SV4748,Artificial Intelligence,71,Medium,2,3.4
SV4749,Artificial Intelligence,13,Low,1,1.0
SV4750,Web Development,30,Low,1,0.7
SV4751,Web Development,65,Medium,2,2.9
SV4752,Cloud Computing,67,Medium,2,2.7
SV4753,Cybersecurity,64,Medium,2,3.2
SV4754,Machine Learning,54,Low,1,3.7
SV4755,Machine Learning,83,High,3,5.4
SV4756,Mobile App Development,77,High,3,6.8
SV4757,Machine Learning,39,Medium,2,0.7
SV4758,Machine Learning,24,Low,1,1.3
SV4759,Cybersecurity,24,Low,1,1.2
SV4760,Computer Networks,2,Low,1,1.5
SV4761,Web Development,68,Medium,2,3.9
SV4762,Web Development,25,Low,1,1.2
SV4763,Data Science,39,Low,1,1.3
SV4764,Machine Learning,37,Medium,2,1.9
SV4765,Cybersecurity,37,Medium,2,1.8
SV4766,Web Development,67,Medium,2,3.3
SV4767,Cybersecurity,6,Low,1,1.4
SV4768,Software Engineering,93,High,3,5.9
SV4769,Computer Networks,29,Low,1,1.9
SV4770,Machine Learning,18,Low,1,1.4
SV4771,Data Science,34,Low,1,0.8
SV4772,Mobile App Development,32,Low,1,0.8
SV4773,Web Development,32,Low,1,1.7
SV4774,Software Engineering,77,High,3,6.4
SV4775,Cybersecurity,37,Low,1,0.9
SV4776,Artificial Intelligence,9,Low,1,1.5
SV4777,Database Systems,56,Medium,2,3.7
SV4778,Machine Learning,27,Low,1,1.5
SV4779,Machine Learning,77,High,3,6.0
SV4780,Software Engineering,99,High,3,6.0
SV4781,Cybersecurity,37,Low,1,1.5
SV4782,Cloud Computing,15,Low,1,1.7
SV4783,Machine Learning,20,Low,1,1.4
SV4784,Cloud Computing,91,Medium,2,5.9
SV4785,Artificial Intelligence,96,Medium,2,6.3
SV4786,Software Engineering,5,Low,1,2.2
SV4787,Cybersecurity,40,Low,1,1.6
SV4788,Cybersecurity,14,Low,1,2.2
SV4789,Computer Networks,2,Low,1,0.9
SV4790,Database Systems,42,Low,1,1.7
SV4791,Web Development,46,Medium,2,4.1
SV4792,Web Development,98,High,3,6.7
SV4793,Mobile App Development,13,Low,1,2.3
SV4794,Data Science,65,Medium,2,3.8
SV4795,Software Engineering,28,Low,1,0.8
SV4796,Artificial Intelligence,3,Low,1,0.9
SV4797,Cybersecurity,25,Low,1,1.6
SV4798,Database Systems,11,Low,1,2.1
SV4799,Cloud Computing,1,Low,1,1.8
SV4800,Software Engineering,16,Low,1,1.2
SV4801,Mobile App Development,34,Low,1,1.2
SV4802,Software Engineering,9,Low,1,1.6
SV4803,Mobile App Development,85,High,3,6.5
SV4804,Cybersecurity,42,Low,1,1.8
SV4805,Data Science,20,Low,1,1.9
SV4806,Mobile App Development,14,Medium,2,1.9
SV4807,Cybersecurity,34,Low,1,0.9
SV4808,Cybersecurity,84,High,3,5.9
SV4809,Data Science,84,Medium,2,6.4
SV4810,Web Development,84,High,3,5.3
SV4811,Software Engineering,59,High,3,3.5
SV4812,Machine Learning,43,Low,1,1.8
SV4813,Machine Learning,95,High,3,5.2
SV4814,Cloud Computing,4,Low,1,1.9
SV4815,Cloud Computing,72,Medium,2,3.5
SV4816,Machine Learning,17,Low,1,1.9
SV4817,Artificial Intelligence,20,Low,1,0.9
SV4818,Machine Learning,71,Medium,2,3.9
SV4819,Cloud Computing,97,High,3,6.3
SV4820,Database Systems,73,Low,1,4.2
SV4821,Cloud Computing,50,Medium,2,3.7
SV4822,Artificial Intelligence,40,Low,1,1.6
SV4823,Software Engineering,23,Low,1,1.7
SV4824,Machine Learning,23,Medium,2,1.6
SV4825,Data Science,95,High,3,6.7
SV4826,Database Systems,96,High,3,6.3
SV4827,Cybersecurity,37,Medium,2,0.8
SV4828,Artificial Intelligence,43,Low,1,1.1
SV4829,Cloud Computing,56,Medium,2,4.0
SV4830,Data Science,58,High,3,3.4
SV4831,Mobile App Development,33,Low,1,2.2
SV4832,Web Development,74,Medium,2,3.1
SV4833,Machine Learning,94,High,3,6.8
SV4834,Web Development,81,High,3,6.2
SV4835,Artificial Intelligence,22,Low,1,1.0
SV4836,Mobile App Development,85,High,3,6.7
SV4837,Mobile App Development,42,Low,1,1.0
SV4838,Mobile App Development,81,High,3,6.1
SV4839,Cybersecurity,39,Low,1,1.2
SV4840,Artificial Intelligence,46,High,3,4.2
SV4841,Software Engineering,40,Low,1,1.4
SV4842,Web Development,46,Medium,2,3.8
SV4843,Software Engineering,19,Low,1,1.4
SV4844,Data Science,76,High,3,5.6
SV4845,Computer Networks,64,Medium,2,3.8
SV4846,Database Systems,67,Medium,2,3.9
SV4847,Database Systems,23,Low,1,1.9
SV4848,Software Engineering,99,Medium,2,6.0
SV4849,Computer Networks,35,Low,1,1.7
SV4850,Computer Networks,44,Low,1,1.7
SV4851,Machine Learning,1,Medium,2,1.6
SV4852,Data Science,27,Low,1,2.3
SV4853,Artificial Intelligence,25,Low,1,1.6
SV4854,Computer Networks,22,Low,1,1.3
SV4855,Cloud Computing,78,High,3,6.5
SV4856,Database Systems,35,Low,1,2.2
SV4857,Cloud Computing,90,High,3,6.4
SV4858,Data Science,5,Low,1,1.5
SV4859,Computer Networks,34,Low,1,1.2
SV4860,Web Development,37,Low,1,1.5
SV4861,Database Systems,34,Low,1,2.0
SV4862,Machine Learning,99,High,3,5.3
SV4863,Machine Learning,73,Medium,2,3.8
SV4864,Mobile App Development,93,High,3,6.7
SV4865,Cybersecurity,52,Medium,2,3.5
SV4866,Computer Networks,37,Low,1,1.3
SV4867,Data Science,92,High,3,6.4
SV4868,Database Systems,58,Medium,2,3.8
SV4869,Cybersecurity,42,Low,1,1.9
SV4870,Data Science,3,Low,1,1.0
SV4871,Software Engineering,4,Low,1,2.1
SV4872,Computer Networks,67,Low,1,4.0
SV4873,Artificial Intelligence,99,High,3,5.9
SV4874,Artificial Intelligence,44,Medium,2,1.6
SV4875,Computer Networks,79,High,3,5.7
SV4876,Mobile App Development,24,Medium,2,1.4
SV4877,Mobile App Development,77,High,3,5.9
SV4878,Artificial Intelligence,10,Low,1,1.1
SV4879,Web Development,28,Low,1,1.8
SV4880,Database Systems,33,Low,1,2.0
SV4881,Artificial Intelligence,85,High,3,6.7
SV4882,Web Development,13,Low,1,1.2
SV4883,Cybersecurity,23,Low,1,1.0
SV4884,Web Development,58,Low,1,4.1
SV4885,Cybersecurity,38,Low,1,1.4
SV4886,Data Science,25,Low,1,2.1
SV4887,Cloud Computing,42,Low,1,2.1
SV4888,Data Science,35,Low,1,1.5
SV4889,Artificial Intelligence,38,Low,1,1.1
SV4890,Cybersecurity,60,Medium,2,3.4
SV4891,Artificial Intelligence,15,Medium,2,1.5
SV4892,Computer Networks,58,Medium,2,3.4
SV4893,Database Systems,95,High,3,5.9
SV4894,Machine Learning,5,Low,1,2.1
SV4895,Artificial Intelligence,97,High,3,6.1
SV4896,Database Systems,55,Medium,2,3.9
SV4897,Web Development,7,Low,1,0.8
SV4898,Data Science,93,High,3,5.4
SV4899,Web Development,26,Low,1,0.8
SV4900,Machine Learning,70,Medium,2,2.8
SV4901,Cybersecurity,26,Low,1,1.7
SV4902,Computer Networks,88,High,3,5.8
SV4903,Database Systems,45,Medium,2,1.4
SV4904,Computer Networks,40,Low,1,2.2
SV4905,Cloud Computing,78,High,3,6.6
SV4906,Artificial Intelligence,24,Low,1,2.2
SV4907,Cybersecurity,85,High,3,6.5
SV4908,Cloud Computing,17,Low,1,2.2
SV4909,Software Engineering,11,Low,1,1.9
SV4910,Artificial Intelligence,86,Medium,2,5.6
SV4911,Web Development,50,High,3,3.5
SV4912,Data Science,38,Low,1,2.0
SV4913,Database Systems,88,Medium,2,5.9
SV4914,Machine Learning,9,Low,1,1.3
SV4915,Machine Learning,93,High,3,5.5
SV4916,Web Development,73,Medium,2,3.7
SV4917,Mobile App Development,97,High,3,6.0
SV4918,Machine Learning,76,High,3,5.5
SV4919,Database Systems,53,Medium,2,4.3
SV4920,Web Development,28,Low,1,1.2
SV4921,Cybersecurity,40,Low,1,1.9
SV4922,Machine Learning,8,Low,1,1.7
SV4923,Computer Networks,62,Medium,2,4.2
SV4924,Web Development,76,High,3,6.8
SV4925,Database Systems,36,Low,1,1.9
SV4926,Computer Networks,13,Low,1,1.5
SV4927,Artificial Intelligence,100,High,3,5.8
SV4928,Artificial Intelligence,72,Medium,2,3.5
SV4929,Machine Learning,71,Medium,2,3.0
SV4930,Computer Networks,38,Medium,2,1.1
SV4931,Data Science,39,Low,1,0.9
SV4932,Artificial Intelligence,53,Medium,2,3.2
SV4933,Data Science,2,Low,1,1.1
SV4934,Cybersecurity,54,Low,1,3.9
SV4935,Web Development,32,Low,1,1.2
SV4936,Cloud Computing,95,Medium,2,6.6
SV4937,Database Systems,70,Medium,2,4.2
SV4938,Web Development,18,Low,1,1.2
SV4939,Database Systems,33,Low,1,2.1
SV4940,Computer Networks,77,High,3,5.9
SV4941,Cybersecurity,49,Medium,2,4.2
SV4942,Software Engineering,46,Medium,2,3.1
SV4943,Machine Learning,45,Low,1,1.1
SV4944,Database Systems,55,Medium,2,3.1
SV4945,Database Systems,56,Medium,2,2.9
SV4946,Computer Networks,82,High,3,6.2
SV4947,Data Science,50,Medium,2,2.8
SV4948,Web Development,53,Low,1,2.9
SV4949,Software Engineering,89,High,3,6.3
SV4950,Mobile App Development,80,Medium,2,5.8
SV4951,Machine Learning,27,Low,1,1.6
SV4952,Cloud Computing,18,Low,1,1.5
SV4953,Mobile App Development,26,Low,1,0.9
SV4954,Web Development,47,Medium,2,4.1
SV4955,Machine Learning,18,Medium,2,0.8
SV4956,Database Systems,96,High,3,6.4
SV4957,Cloud Computing,50,High,3,3.1
SV4958,Data Science,6,Low,1,0.8
SV4959,Software Engineering,28,Low,1,1.3
SV4960,Data Science,42,Low,1,2.1
SV4961,Cybersecurity,68,Medium,2,3.5
SV4962,Computer Networks,93,High,3,5.9
SV4963,Machine Learning,57,Medium,2,3.0
SV4964,Data Science,7,Low,1,0.9
SV4965,Mobile App Development,41,Low,1,2.1
SV4966,Computer Networks,75,High,3,4.0
SV4967,Data Science,41,Low,1,2.0
SV4968,Artificial Intelligence,12,Low,1,2.2
SV4969,Cybersecurity,25,Low,1,2.0
SV4970,Web Development,17,Low,1,1.6
SV4971,Software Engineering,41,Low,1,2.1
SV4972,Cybersecurity,50,Low,1,4.2
SV4973,Computer Networks,83,Medium,2,6.2
SV4974,Artificial Intelligence,15,Low,1,0.9
SV4975,Machine Learning,100,Medium,2,6.5
SV4976,Mobile App Development,2,Low,1,0.9
SV4977,Software Engineering,90,High,3,6.6
SV4978,Software Engineering,78,High,3,5.5
SV4979,Cybersecurity,97,Medium,2,6.3
SV4980,Computer Networks,44,Low,1,1.7
SV4981,Machine Learning,21,Low,1,1.4
SV4982,Database Systems,22,Low,1,2.2
SV4983,Artificial Intelligence,58,Medium,2,3.7
SV4984,Database Systems,61,High,3,4.2
SV4985,Mobile App Development,67,Medium,2,3.2
SV4986,Machine Learning,53,High,3,3.8
SV4987,Machine Learning,56,Medium,2,3.6
SV4988,Artificial Intelligence,22,Low,1,2.1
SV4989,Cloud Computing,59,Medium,2,4.0
SV4990,Database Systems,72,Medium,2,4.0
SV4991,Data Science,87,High,3,6.6
SV4992,Software Engineering,84,High,3,5.4
SV4993,Cloud Computing,54,Medium,2,3.5
SV4994,Data Science,79,High,3,5.4
SV4995,Computer Networks,62,Medium,2,3.9
SV4996,Artificial Intelligence,55,Medium,2,3.0
SV4997,Computer Networks,54,Medium,2,3.2
SV4998,Software Engineering,24,Low,1,1.5
SV4999,Web Development,25,Low,1,1.3
SV5000,Data Science,48,Medium,2,4.0
SV5001,Cloud Computing,62,Low,1,4.3
SV5002,Data Science,44,Low,1,1.4
SV5003,Data Science,72,Medium,2,2.9
SV5004,Artificial Intelligence,78,High,3,6.8
SV5005,Computer Networks,38,Low,1,1.9
SV5006,Database Systems,96,High,3,6.2
SV5007,Web Development,64,Medium,2,3.5
SV5008,Artificial Intelligence,68,High,3,3.0
SV5009,Mobile App Development,55,Medium,2,3.6
SV5010,Artificial Intelligence,8,Low,1,1.7
SV5011,Software Engineering,69,Medium,2,2.7
SV5012,Web Development,27,Medium,2,2.0
SV5013,Machine Learning,44,Low,1,1.4
SV5014,Mobile App Development,25,Low,1,2.3
SV5015,Cybersecurity,27,Medium,2,2.1
SV5016,Artificial Intelligence,39,Low,1,2.2
SV5017,Data Science,14,Low,1,1.3
SV5018,Database Systems,5,Low,1,1.4
SV5019,Machine Learning,26,Low,1,1.1
SV5020,Artificial Intelligence,37,Low,1,0.9
SV5021,Artificial Intelligence,67,Medium,2,3.2
SV5022,Cloud Computing,74,Medium,2,2.9
SV5023,Cloud Computing,84,High,3,6.6
SV5024,Machine Learning,63,High,3,3.9
SV5025,Computer Networks,29,Low,1,1.4
SV5026,Cloud Computing,81,High,3,6.8
SV5027,Data Science,98,High,3,6.1
SV5028,Mobile App Development,2,Low,1,2.2
SV5029,Cybersecurity,61,Medium,2,3.8
SV5030,Web Development,11,Low,1,1.7
SV5031,Cybersecurity,90,Medium,2,6.6
SV5032,Cybersecurity,29,Low,1,0.8
SV5033,Web Development,84,High,3,6.0
SV5034,Cloud Computing,37,Low,1,2.1
SV5035,Machine Learning,84,High,3,5.3
SV5036,Web Development,59,Medium,2,4.1
SV5037,Software Engineering,37,Low,1,1.4
SV5038,Computer Networks,14,Low,1,1.0
SV5039,Mobile App Development,17,Medium,2,1.0
SV5040,Database Systems,51,Medium,2,3.8
SV5041,Cloud Computing,28,Low,1,2.2
SV5042,Computer Networks,59,Low,1,2.7
SV5043,Web Development,20,Low,1,1.5
SV5044,Software Engineering,16,Low,1,1.5
SV5045,Database Systems,17,Low,1,2.1
SV5046,Mobile App Development,56,Low,1,4.3
SV5047,Mobile App Development,36,Low,1,0.9
SV5048,Cloud Computing,59,Low,1,3.6
SV5049,Web Development,37,Low,1,1.2
SV5050,Computer Networks,11,Low,1,1.7
SV5051,Machine Learning,74,Medium,2,2.8
SV5052,Computer Networks,83,High,3,6.5
SV5053,Computer Networks,72,Low,1,4.1
SV5054,Mobile App Development,0,Low,1,2.2
SV5055,Machine Learning,57,Medium,2,4.3
SV5056,Machine Learning,2,Low,1,1.6
SV5057,Cloud Computing,62,Medium,2,2.7
SV5058,Database Systems,20,Medium,2,1.7
SV5059,Artificial Intelligence,22,Low,1,0.7
SV5060,Cybersecurity,8,Low,1,1.7
SV5061,Cybersecurity,82,High,3,6.0
SV5062,Mobile App Development,54,Medium,2,3.6
SV5063,Artificial Intelligence,18,Low,1,0.7
SV5064,Database Systems,61,Medium,2,2.8
SV5065,Artificial Intelligence,86,High,3,6.4
SV5066,Cloud Computing,90,High,3,5.7
SV5067,Computer Networks,90,High,3,6.2
SV5068,Mobile App Development,38,Low,1,1.1
SV5069,Machine Learning,99,High,3,6.6
SV5070,Mobile App Development,75,Medium,2,3.0
SV5071,Cybersecurity,26,Low,1,2.3
SV5072,Database Systems,45,Low,1,1.2
SV5073,Artificial Intelligence,33,Low,1,1.3
SV5074,Database Systems,32,Low,1,1.9
SV5075,Cloud Computing,91,High,3,5.6
SV5076,Mobile App Development,94,High,3,6.2
SV5077,Web Development,95,High,3,6.1
SV5078,Mobile App Development,49,Medium,2,4.0
SV5079,Machine Learning,19,Low,1,2.2
SV5080,Mobile App Development,39,Low,1,1.9
SV5081,Software Engineering,98,High,3,5.7
SV5082,Cloud Computing,94,High,3,6.1
SV5083,Data Science,57,Medium,2,4.1
SV5084,Cloud Computing,30,Low,1,2.0
SV5085,Artificial Intelligence,37,Low,1,1.1
SV5086,Data Science,85,High,3,6.3
SV5087,Artificial Intelligence,44,Low,1,1.8
SV5088,Artificial Intelligence,40,Low,1,2.0
SV5089,Machine Learning,8,Low,1,1.8
SV5090,Machine Learning,8,Low,1,2.2
SV5091,Computer Networks,62,Medium,2,4.0
SV5092,Cybersecurity,78,High,3,6.3
SV5093,Computer Networks,76,High,3,6.6
SV5094,Computer Networks,21,Low,1,1.4
SV5095,Cybersecurity,15,Low,1,2.1
SV5096,Web Development,31,Medium,2,2.2
SV5097,Data Science,65,Medium,2,3.4
SV5098,Database Systems,89,High,3,5.6
SV5099,Computer Networks,13,Low,1,1.3
SV5100,Mobile App Development,37,Low,1,1.8
SV5101,Mobile App Development,97,High,3,5.5
SV5102,Artificial Intelligence,7,Low,1,1.4
SV5103,Cybersecurity,99,High,3,6.8
SV5104,Artificial Intelligence,20,Low,1,1.5
SV5105,Software Engineering,55,Medium,2,3.3
SV5106,Software Engineering,45,Low,1,1.1
SV5107,Database Systems,42,Low,1,1.4
SV5108,Machine Learning,91,High,3,5.6
SV5109,Machine Learning,45,Low,1,1.9
SV5110,Cybersecurity,47,Low,1,3.8
SV5111,Cybersecurity,69,Medium,2,3.7
SV5112,Computer Networks,83,High,3,5.5
SV5113,Software Engineering,30,Low,1,2.2
SV5114,Computer Networks,32,Low,1,1.7
SV5115,Machine Learning,43,Low,1,1.2
SV5116,Data Science,70,Medium,2,4.2
SV5117,Data Science,7,Low,1,2.1
SV5118,Cybersecurity,72,Medium,2,3.4
SV5119,Artificial Intelligence,1,Low,1,2.0
SV5120,Machine Learning,16,Low,1,2.2
SV5121,Data Science,51,Medium,2,3.8
SV5122,Machine Learning,44,Low,1,1.3
SV5123,Cloud Computing,36,Low,1,1.9
SV5124,Mobile App Development,41,Low,1,2.0
SV5125,Software Engineering,43,Low,1,0.7
SV5126,Computer Networks,80,High,3,5.9
SV5127,Machine Learning,37,Low,1,2.0
SV5128,Mobile App Development,98,High,3,6.6
SV5129,Cloud Computing,93,High,3,6.1
SV5130,Computer Networks,5,Low,1,0.8
SV5131,Machine Learning,67,Low,1,2.8
SV5132,Cybersecurity,50,Medium,2,3.1
SV5133,Mobile App Development,100,High,3,6.1
SV5134,Computer Networks,34,Low,1,1.1
SV5135,Machine Learning,57,Medium,2,3.2
SV5136,Mobile App Development,56,Medium,2,3.5
SV5137,Cloud Computing,72,Medium,2,3.6
SV5138,Machine Learning,5,Low,1,0.8
SV5139,Machine Learning,12,Low,1,1.6
SV5140,Machine Learning,58,Medium,2,3.2
SV5141,Database Systems,85,High,3,5.6
SV5142,Cybersecurity,91,High,3,6.0
SV5143,Cloud Computing,29,Medium,2,1.5
SV5144,Computer Networks,99,High,3,6.0
SV5145,Database Systems,1,Low,1,2.1
SV5146,Artificial Intelligence,57,Medium,2,3.9
SV5147,Database Systems,35,Low,1,1.6
SV5148,Software Engineering,71,High,3,3.1
SV5149,Software Engineering,44,Low,1,1.6
SV5150,Machine Learning,8,Medium,2,2.0
SV5151,Database Systems,64,High,3,3.6
SV5152,Artificial Intelligence,76,High,3,6.0
SV5153,Database Systems,49,Medium,2,3.9
SV5154,Cybersecurity,78,Medium,2,6.0
SV5155,Cybersecurity,31,Low,1,2.1
SV5156,Artificial Intelligence,97,High,3,6.3
SV5157,Database Systems,42,Low,1,1.3
SV5158,Mobile App Development,94,High,3,5.6
SV5159,Cybersecurity,77,Medium,2,5.3
SV5160,Cybersecurity,53,Medium,2,3.7
SV5161,Data Science,46,Medium,2,3.8
SV5162,Database Systems,13,Low,1,2.1
SV5163,Cybersecurity,47,Medium,2,4.3
SV5164,Cloud Computing,54,High,3,3.3
SV5165,Database Systems,28,Low,1,1.9
SV5166,Software Engineering,46,Medium,2,3.2
SV5167,Data Science,62,Medium,2,3.4
SV5168,Cybersecurity,18,Low,1,1.0
SV5169,Data Science,90,Medium,2,6.4
SV5170,Software Engineering,8,Low,1,2.3
SV5171,Artificial Intelligence,100,High,3,6.3
SV5172,Artificial Intelligence,36,Low,1,0.8
SV5173,Database Systems,91,High,3,6.0
SV5174,Software Engineering,51,Medium,2,3.9
SV5175,Web Development,56,Low,1,3.0
SV5176,Web Development,87,High,3,5.4
SV5177,Database Systems,27,Low,1,2.3
SV5178,Machine Learning,35,Low,1,1.9
SV5179,Data Science,63,Medium,2,4.1
SV5180,Data Science,17,Low,1,1.9
SV5181,Artificial Intelligence,88,High,3,5.5
SV5182,Web Development,34,Low,1,2.3
SV5183,Computer Networks,67,Medium,2,3.2
SV5184,Cybersecurity,77,High,3,5.8
SV5185,Cybersecurity,38,Low,1,1.3
SV5186,Cybersecurity,89,High,3,6.3
SV5187,Artificial Intelligence,7,Low,1,2.1
SV5188,Software Engineering,87,High,3,6.5
SV5189,Mobile App Development,79,High,3,5.9
SV5190,Web Development,83,High,3,5.9
SV5191,Web Development,14,Low,1,1.0
SV5192,Computer Networks,6,Low,1,1.9
SV5193,Data Science,16,Medium,2,2.0
SV5194,Machine Learning,85,High,3,6.4
SV5195,Database Systems,85,High,3,5.3
SV5196,Data Science,63,High,3,3.3
SV5197,Software Engineering,11,Medium,2,0.8
SV5198,Database Systems,81,High,3,6.4
SV5199,Web Development,55,High,3,3.9
SV5200,Software Engineering,45,Low,1,1.6
SV5201,Database Systems,46,Medium,2,3.0
SV5202,Computer Networks,78,High,3,5.6
SV5203,Computer Networks,100,High,3,6.6
SV5204,Cloud Computing,15,Medium,2,0.8
SV5205,Mobile App Development,68,Low,1,3.1
SV5206,Computer Networks,1,Low,1,0.9
SV5207,Web Development,91,High,3,6.1
SV5208,Machine Learning,53,Medium,2,3.6
SV5209,Cybersecurity,26,Low,1,1.8
SV5210,Cloud Computing,30,Low,1,1.3
SV5211,Cybersecurity,40,Low,1,1.2
SV5212,Mobile App Development,35,Low,1,1.4
SV5213,Database Systems,46,Medium,2,3.4
SV5214,Artificial Intelligence,42,Low,1,1.9
SV5215,Computer Networks,64,Low,1,3.6
SV5216,Machine Learning,49,Medium,2,2.7
SV5217,Mobile App Development,92,High,3,6.3
SV5218,Cybersecurity,0,Low,1,1.8
SV5219,Cloud Computing,71,Medium,2,3.5
SV5220,Computer Networks,56,Medium,2,4.1
SV5221,Web Development,15,Low,1,1.3
SV5222,Computer Networks,27,Low,1,1.9
SV5223,Cloud Computing,85,High,3,6.6
SV5224,Cloud Computing,81,High,3,6.8
SV5225,Artificial Intelligence,21,Low,1,1.9
SV5226,Computer Networks,40,Medium,2,0.7
SV5227,Computer Networks,75,Medium,2,3.9
SV5228,Artificial Intelligence,18,Medium,2,2.1
SV5229,Software Engineering,88,High,3,6.7
SV5230,Software Engineering,49,Medium,2,2.7
SV5231,Database Systems,58,Low,1,3.6
SV5232,Software Engineering,68,Medium,2,3.4
SV5233,Data Science,33,Low,1,2.2
SV5234,Computer Networks,38,Low,1,2.1
SV5235,Machine Learning,73,High,3,3.5
SV5236,Computer Networks,6,Low,1,1.9
SV5237,Data Science,100,High,3,5.7
SV5238,Data Science,51,Medium,2,3.1
SV5239,Cybersecurity,59,Medium,2,3.2
SV5240,Computer Networks,51,Medium,2,3.7
SV5241,Mobile App Development,78,High,3,6.3
SV5242,Data Science,23,Medium,2,2.0
SV5243,Machine Learning,25,Low,1,1.4
SV5244,Artificial Intelligence,89,High,3,6.6
SV5245,Database Systems,89,High,3,5.9
SV5246,Cybersecurity,9,Low,1,2.0
SV5247,Artificial Intelligence,16,Low,1,0.7
SV5248,Cybersecurity,77,High,3,6.0
SV5249,Machine Learning,1,Low,1,2.2
SV5250,Cloud Computing,76,High,3,6.0
SV5251,Computer Networks,26,Low,1,1.2
SV5252,Web Development,72,Medium,2,3.4
SV5253,Mobile App Development,70,Medium,2,2.9
SV5254,Artificial Intelligence,47,Medium,2,3.4
SV5255,Computer Networks,73,Medium,2,3.5
SV5256,Mobile App Development,8,Low,1,1.5
SV5257,Cloud Computing,85,High,3,5.5
SV5258,Web Development,22,Low,1,1.7
SV5259,Mobile App Development,70,Medium,2,2.9
SV5260,Mobile App Development,72,High,3,3.7
SV5261,Artificial Intelligence,26,Low,1,1.1
SV5262,Software Engineering,87,High,3,6.4
SV5263,Web Development,92,High,3,5.8
SV5264,Computer Networks,80,High,3,5.3
SV5265,Cloud Computing,83,High,3,5.3
SV5266,Web Development,70,Medium,2,3.8
SV5267,Machine Learning,42,Low,1,2.3
SV5268,Software Engineering,6,Low,1,1.7
SV5269,Machine Learning,91,High,3,6.6
SV5270,Cloud Computing,82,High,3,6.6
SV5271,Artificial Intelligence,62,Medium,2,3.4
SV5272,Artificial Intelligence,83,High,3,6.3
SV5273,Cloud Computing,43,Low,1,1.2
SV5274,Cybersecurity,38,Low,1,1.3
SV5275,Cloud Computing,39,Low,1,1.7
SV5276,Software Engineering,6,Low,1,0.9
SV5277,Data Science,69,Medium,2,3.4
SV5278,Artificial Intelligence,24,Low,1,1.2
SV5279,Database Systems,58,Medium,2,2.9
SV5280,Software Engineering,12,Low,1,1.9
SV5281,Software Engineering,85,High,3,6.5
SV5282,Software Engineering,80,High,3,5.9
SV5283,Mobile App Development,85,High,3,6.3
SV5284,Software Engineering,97,High,3,6.4
SV5285,Artificial Intelligence,61,Medium,2,2.9
SV5286,Data Science,7,Low,1,1.9
SV5287,Data Science,44,Medium,2,1.8
SV5288,Software Engineering,17,Low,1,1.5
SV5289,Machine Learning,87,High,3,6.8
SV5290,Artificial Intelligence,59,Medium,2,3.7
SV5291,Artificial Intelligence,59,Low,1,3.9
SV5292,Web Development,1,Low,1,1.9
SV5293,Computer Networks,65,Medium,2,3.7
SV5294,Cybersecurity,90,High,3,6.4
SV5295,Cybersecurity,13,Low,1,1.8
SV5296,Machine Learning,47,Medium,2,2.7
SV5297,Cybersecurity,55,Medium,2,2.9
SV5298,Web Development,11,Low,1,2.2
SV5299,Cloud Computing,95,High,3,5.6
SV5300,Cybersecurity,91,High,3,5.8
SV5301,Artificial Intelligence,54,High,3,4.0
SV5302,Cloud Computing,27,Low,1,1.4
SV5303,Cybersecurity,88,High,3,6.5
SV5304,Artificial Intelligence,3,Low,1,1.8
SV5305,Artificial Intelligence,89,High,3,6.8
SV5306,Software Engineering,35,Medium,2,1.4
SV5307,Data Science,49,Medium,2,4.0
SV5308,Machine Learning,2,Low,1,0.8
SV5309,Web Development,0,Low,1,1.2
SV5310,Mobile App Development,16,Low,1,1.0
SV5311,Computer Networks,70,Medium,2,3.8
SV5312,Cybersecurity,61,Medium,2,3.8
SV5313,Cybersecurity,47,Low,1,4.1
SV5314,Cloud Computing,61,High,3,3.7
SV5315,Cloud Computing,68,Medium,2,2.9
SV5316,Computer Networks,18,Low,1,0.9
SV5317,Cybersecurity,33,Low,1,1.2
SV5318,Database Systems,98,High,3,5.7
SV5319,Web Development,48,Medium,2,3.3
SV5320,Cybersecurity,79,High,3,6.2
SV5321,Data Science,46,Medium,2,3.2
SV5322,Computer Networks,90,High,3,5.8
SV5323,Database Systems,49,Medium,2,3.7
SV5324,Web Development,88,High,3,5.7
SV5325,Cybersecurity,25,Low,1,1.0
SV5326,Mobile App Development,55,Medium,2,2.8
SV5327,Software Engineering,77,High,3,5.7
SV5328,Data Science,13,Medium,2,1.6
SV5329,Mobile App Development,77,High,3,5.3
SV5330,Cloud Computing,24,Low,1,2.0
SV5331,Cloud Computing,99,High,3,5.5
SV5332,Cybersecurity,3,Low,1,1.6
SV5333,Cloud Computing,78,High,3,5.3
SV5334,Data Science,31,Low,1,1.8
SV5335,Web Development,81,High,3,6.5
SV5336,Artificial Intelligence,77,High,3,6.3
SV5337,Machine Learning,64,Medium,2,3.9
SV5338,Computer Networks,60,Medium,2,4.1
SV5339,Web Development,19,Low,1,0.9
SV5340,Artificial Intelligence,73,Medium,2,3.1
SV5341,Database Systems,9,Low,1,1.3
SV5342,Data Science,87,High,3,5.4
SV5343,Mobile App Development,33,Low,1,0.7
SV5344,Artificial Intelligence,60,Medium,2,3.3
SV5345,Data Science,91,Medium,2,6.6
SV5346,Software Engineering,26,Low,1,1.9
SV5347,Mobile App Development,39,Low,1,1.5
SV5348,Cloud Computing,64,Medium,2,3.2
SV5349,Cloud Computing,32,Low,1,1.9
SV5350,Mobile App Development,67,Low,1,3.2
SV5351,Database Systems,70,High,3,3.4
SV5352,Database Systems,8,Medium,2,2.3
SV5353,Database Systems,15,Low,1,1.2
SV5354,Artificial Intelligence,4,Low,1,1.0
SV5355,Computer Networks,97,High,3,6.5
SV5356,Artificial Intelligence,22,Low,1,1.0
SV5357,Cybersecurity,42,Low,1,1.9
SV5358,Machine Learning,88,High,3,5.6
SV5359,Mobile App Development,56,Medium,2,3.3
SV5360,Web Development,50,Medium,2,3.8
SV5361,Machine Learning,12,Low,1,0.7
SV5362,Software Engineering,23,Low,1,1.1
SV5363,Artificial Intelligence,10,Low,1,0.9
SV5364,Artificial Intelligence,51,Medium,2,2.8
SV5365,Data Science,16,Low,1,2.0
SV5366,Machine Learning,36,Low,1,0.8
SV5367,Data Science,12,Low,1,2.2
SV5368,Web Development,61,Medium,2,3.8
SV5369,Data Science,90,High,3,6.1
SV5370,Machine Learning,83,High,3,6.0
SV5371,Mobile App Development,96,High,3,5.8
SV5372,Software Engineering,95,High,3,6.4
SV5373,Artificial Intelligence,7,Low,1,1.6
SV5374,Web Development,55,Medium,2,2.9
SV5375,Artificial Intelligence,92,High,3,6.6
SV5376,Cybersecurity,82,High,3,5.5
SV5377,Software Engineering,69,Medium,2,3.5
SV5378,Computer Networks,43,Low,1,1.2
SV5379,Data Science,59,Medium,2,2.8
SV5380,Cloud Computing,40,Low,1,1.6
SV5381,Machine Learning,20,Low,1,2.1
SV5382,Artificial Intelligence,85,High,3,6.3
SV5383,Data Science,41,Low,1,1.3
SV5384,Web Development,73,Medium,2,3.5
SV5385,Artificial Intelligence,73,Medium,2,3.5
SV5386,Computer Networks,28,Low,1,1.9
SV5387,Software Engineering,79,High,3,6.2
SV5388,Software Engineering,64,Medium,2,4.2
SV5389,Artificial Intelligence,16,Low,1,1.6
SV5390,Web Development,29,Low,1,1.3
SV5391,Software Engineering,25,Low,1,2.0
SV5392,Software Engineering,52,Medium,2,3.9
SV5393,Computer Networks,18,Low,1,1.4
SV5394,Machine Learning,52,High,3,3.1
SV5395,Web Development,84,Medium,2,5.9
SV5396,Web Development,16,Low,1,1.4
SV5397,Mobile App Development,45,Low,1,1.8
SV5398,Mobile App Development,84,High,3,6.4
SV5399,Software Engineering,52,Medium,2,3.3
SV5400,Cloud Computing,63,Medium,2,4.0
SV5401,Mobile App Development,44,Low,1,1.9
SV5402,Software Engineering,48,Medium,2,2.9
SV5403,Database Systems,18,Low,1,2.1
SV5404,Cybersecurity,70,Medium,2,4.2
SV5405,Cybersecurity,80,Medium,2,6.1
SV5406,Web Development,64,Medium,2,3.8
SV5407,Cloud Computing,36,Low,1,1.9
SV5408,Computer Networks,69,Medium,2,3.0
SV5409,Machine Learning,25,Low,1,0.7
SV5410,Mobile App Development,1,Low,1,0.8
SV5411,Database Systems,58,Medium,2,3.7
SV5412,Software Engineering,95,High,3,6.5
SV5413,Cloud Computing,4,Low,1,0.9
SV5414,Web Development,36,Low,1,2.3
SV5415,Mobile App Development,30,Low,1,1.0
SV5416,Cloud Computing,75,Medium,2,3.3
SV5417,Mobile App Development,98,High,3,5.6
SV5418,Machine Learning,93,High,3,6.0
SV5419,Machine Learning,47,Medium,2,4.1
SV5420,Computer Networks,5,Low,1,1.1
SV5421,Cybersecurity,14,Low,1,2.3
SV5422,Data Science,14,Low,1,1.9
SV5423,Data Science,60,Medium,2,3.6
SV5424,Mobile App Development,15,Low,1,1.8
SV5425,Computer Networks,19,Low,1,1.5
SV5426,Data Science,76,High,3,5.7
SV5427,Web Development,43,Low,1,2.2
SV5428,Data Science,41,Low,1,2.0
SV5429,Artificial Intelligence,45,Low,1,2.0
SV5430,Software Engineering,94,High,3,6.2
SV5431,Computer Networks,33,Low,1,1.0
SV5432,Web Development,63,Medium,2,3.9
SV5433,Cloud Computing,28,Low,1,1.9
SV5434,Web Development,2,Low,1,2.0
SV5435,Cybersecurity,8,Low,1,1.8
SV5436,Cloud Computing,74,Medium,2,3.9
SV5437,Database Systems,74,Medium,2,3.7
SV5438,Software Engineering,24,Low,1,1.0
SV5439,Software Engineering,85,High,3,5.3
SV5440,Software Engineering,41,Low,1,2.1
SV5441,Software Engineering,45,Low,1,0.8
SV5442,Mobile App Development,72,Medium,2,3.9
SV5443,Software Engineering,83,High,3,5.6
SV5444,Software Engineering,58,Medium,2,3.3
SV5445,Software Engineering,20,Low,1,1.3
SV5446,Computer Networks,73,Medium,2,3.7
SV5447,Mobile App Development,21,Low,1,1.7
SV5448,Machine Learning,28,Low,1,2.2
SV5449,Web Development,62,Medium,2,3.9
SV5450,Web Development,72,Medium,2,3.1
SV5451,Cloud Computing,60,High,3,3.5
SV5452,Computer Networks,63,Medium,2,2.9
SV5453,Artificial Intelligence,68,Medium,2,3.6
SV5454,Web Development,39,Low,1,1.5
SV5455,Data Science,74,Medium,2,3.7
SV5456,Artificial Intelligence,0,Low,1,0.7
SV5457,Software Engineering,64,Medium,2,3.4
SV5458,Software Engineering,61,Medium,2,2.9
SV5459,Mobile App Development,53,Medium,2,3.1
SV5460,Artificial Intelligence,59,High,3,3.4
SV5461,Data Science,45,Low,1,0.9
SV5462,Mobile App Development,4,Low,1,1.6
SV5463,Cloud Computing,21,Low,1,1.5
SV5464,Artificial Intelligence,89,High,3,6.5
SV5465,Computer Networks,52,Medium,2,3.4
SV5466,Software Engineering,69,Medium,2,3.4
SV5467,Software Engineering,31,Low,1,1.8
SV5468,Cybersecurity,10,Low,1,1.5
SV5469,Mobile App Development,9,Medium,2,1.8
SV5470,Machine Learning,38,Medium,2,1.0
SV5471,Machine Learning,97,High,3,6.7
SV5472,Mobile App Development,30,Low,1,2.2
SV5473,Computer Networks,11,Low,1,2.1
SV5474,Database Systems,79,High,3,5.3
SV5475,Mobile App Development,37,Low,1,1.1
SV5476,Computer Networks,66,Low,1,2.9
SV5477,Cloud Computing,65,Medium,2,4.3
SV5478,Software Engineering,51,Medium,2,3.4
SV5479,Data Science,4,Low,1,1.9
SV5480,Database Systems,10,Low,1,1.1
SV5481,Artificial Intelligence,24,Low,1,1.6
SV5482,Database Systems,34,Low,1,1.5
SV5483,Data Science,34,Low,1,1.6
SV5484,Cybersecurity,21,Low,1,0.9
SV5485,Software Engineering,36,Low,1,1.0
SV5486,Machine Learning,85,High,3,6.1
SV5487,Computer Networks,54,Medium,2,3.1
SV5488,Mobile App Development,74,Medium,2,4.2
SV5489,Mobile App Development,95,High,3,6.6
SV5490,Machine Learning,98,High,3,5.4
SV5491,Database Systems,94,High,3,6.7
SV5492,Software Engineering,71,Medium,2,4.1
SV5493,Web Development,63,Medium,2,3.6
SV5494,Computer Networks,19,Low,1,2.2
SV5495,Cloud Computing,97,High,3,6.2
SV5496,Data Science,3,Low,1,1.1
SV5497,Database Systems,17,Low,1,0.8
SV5498,Artificial Intelligence,50,Medium,2,3.2
SV5499,Cybersecurity,67,High,3,3.8
SV5500,Mobile App Development,19,Low,1,2.3
SV5501,Database Systems,8,Low,1,1.5
SV5502,Cybersecurity,79,High,3,5.3
SV5503,Data Science,25,Low,1,0.9
SV5504,Mobile App Development,24,Low,1,1.0
SV5505,Mobile App Development,67,High,3,3.8
SV5506,Web Development,40,Low,1,1.6
SV5507,Database Systems,58,Medium,2,3.7
SV5508,Software Engineering,44,Low,1,0.9
SV5509,Machine Learning,40,Low,1,0.9
SV5510,Machine Learning,37,Low,1,2.0
SV5511,Cloud Computing,18,Low,1,1.7
SV5512,Artificial Intelligence,13,Low,1,1.3
SV5513,Cybersecurity,20,Low,1,1.9
SV5514,Database Systems,14,Low,1,2.3
SV5515,Computer Networks,2,Medium,2,1.4
SV5516,Artificial Intelligence,36,Low,1,1.6
SV5517,Web Development,45,Low,1,0.8
SV5518,Mobile App Development,15,Low,1,2.1
SV5519,Software Engineering,13,Low,1,2.0
SV5520,Database Systems,8,Low,1,1.3
SV5521,Artificial Intelligence,6,Low,1,1.2
SV5522,Artificial Intelligence,13,Low,1,1.3
SV5523,Software Engineering,5,Low,1,1.4
SV5524,Cloud Computing,84,High,3,5.4
SV5525,Cybersecurity,14,Low,1,0.7
SV5526,Cybersecurity,51,Low,1,4.0
SV5527,Artificial Intelligence,71,High,3,3.9
SV5528,Data Science,33,Low,1,1.1
SV5529,Artificial Intelligence,0,Medium,2,2.0
SV5530,Artificial Intelligence,95,High,3,5.6
SV5531,Software Engineering,68,Low,1,2.7
SV5532,Mobile App Development,93,High,3,5.2
SV5533,Software Engineering,85,High,3,5.5
SV5534,Database Systems,19,Low,1,0.9
SV5535,Artificial Intelligence,79,High,3,5.3
SV5536,Cybersecurity,6,Low,1,1.6
SV5537,Computer Networks,6,Low,1,2.1
SV5538,Cybersecurity,49,Medium,2,4.2
SV5539,Machine Learning,1,Medium,2,2.2
SV5540,Cloud Computing,46,Low,1,2.9
SV5541,Web Development,13,Medium,2,1.5
SV5542,Database Systems,30,Low,1,1.9
SV5543,Database Systems,49,Medium,2,3.9
SV5544,Cloud Computing,60,Medium,2,4.0
SV5545,Computer Networks,40,Low,1,1.3
SV5546,Web Development,13,Low,1,1.5
SV5547,Mobile App Development,4,Low,1,1.4
SV5548,Artificial Intelligence,74,Medium,2,3.6
SV5549,Web Development,4,Low,1,1.5
SV5550,Computer Networks,63,Medium,2,3.8
SV5551,Data Science,28,Low,1,1.2
SV5552,Machine Learning,74,Medium,2,2.9
SV5553,Web Development,4,Low,1,2.2
SV5554,Web Development,95,High,3,6.1
SV5555,Machine Learning,35,Low,1,2.1
SV5556,Artificial Intelligence,78,High,3,6.0
SV5557,Web Development,18,Low,1,1.4
SV5558,Machine Learning,63,Low,1,3.4
SV5559,Machine Learning,21,Low,1,2.0
SV5560,Machine Learning,33,Low,1,0.8
SV5561,Software Engineering,55,Medium,2,2.9
SV5562,Computer Networks,16,Low,1,2.1
SV5563,Software Engineering,75,Medium,2,3.9
SV5564,Data Science,88,Medium,2,5.9
SV5565,Mobile App Development,55,Medium,2,2.9
SV5566,Software Engineering,16,Low,1,0.8
SV5567,Software Engineering,73,Medium,2,4.3
SV5568,Computer Networks,91,High,3,6.8
SV5569,Mobile App Development,81,High,3,6.6
SV5570,Cloud Computing,17,Low,1,1.5
SV5571,Machine Learning,44,Low,1,2.0
SV5572,Database Systems,95,High,3,5.3
SV5573,Mobile App Development,77,High,3,5.2
SV5574,Data Science,55,High,3,3.9
SV5575,Artificial Intelligence,79,High,3,6.3
SV5576,Data Science,49,Medium,2,3.1
SV5577,Machine Learning,57,Medium,2,4.0
SV5578,Mobile App Development,17,Low,1,0.8
SV5579,Data Science,79,High,3,5.5
SV5580,Data Science,80,Medium,2,6.4
SV5581,Cloud Computing,6,Low,1,2.1
SV5582,Cloud Computing,75,Medium,2,3.4
SV5583,Mobile App Development,97,High,3,6.6
SV5584,Machine Learning,9,Low,1,1.3
SV5585,Software Engineering,68,Medium,2,3.2
SV5586,Cybersecurity,84,Medium,2,5.9
SV5587,Web Development,2,Low,1,0.7
SV5588,Database Systems,82,High,3,6.2
SV5589,Web Development,43,Medium,2,1.2
SV5590,Computer Networks,98,High,3,5.9
SV5591,Cloud Computing,69,Medium,2,3.9
SV5592,Mobile App Development,13,Low,1,1.9
SV5593,Web Development,3,Low,1,2.2
SV5594,Machine Learning,17,Low,1,2.3
SV5595,Database Systems,92,High,3,6.3
SV5596,Web Development,98,High,3,6.5
SV5597,Database Systems,51,Medium,2,4.0
SV5598,Artificial Intelligence,37,Medium,2,1.9
SV5599,Machine Learning,79,High,3,5.3
SV5600,Cybersecurity,19,Low,1,2.3
SV5601,Data Science,87,High,3,6.1
SV5602,Database Systems,98,High,3,5.3
SV5603,Machine Learning,43,Low,1,1.5
SV5604,Database Systems,50,Medium,2,3.0
SV5605,Database Systems,18,Low,1,1.6
SV5606,Software Engineering,67,Medium,2,3.6
SV5607,Software Engineering,96,High,3,6.0
SV5608,Machine Learning,65,Medium,2,4.2
SV5609,Software Engineering,12,Low,1,0.9
SV5610,Computer Networks,61,Medium,2,3.6
SV5611,Cybersecurity,60,Medium,2,3.2
SV5612,Mobile App Development,29,Low,1,0.7
SV5613,Machine Learning,97,High,3,5.6
SV5614,Machine Learning,29,Medium,2,0.9
SV5615,Computer Networks,50,Medium,2,3.1
SV5616,Cloud Computing,87,High,3,5.2
SV5617,Cloud Computing,47,Medium,2,4.1
SV5618,Software Engineering,32,Low,1,1.3
SV5619,Mobile App Development,73,High,3,4.1
SV5620,Software Engineering,81,High,3,6.1
SV5621,Artificial Intelligence,18,Medium,2,2.3
SV5622,Artificial Intelligence,70,Medium,2,4.1
SV5623,Data Science,56,Medium,2,3.3
SV5624,Artificial Intelligence,18,Low,1,1.0
SV5625,Cloud Computing,87,High,3,6.0
SV5626,Cybersecurity,78,High,3,5.8
SV5627,Artificial Intelligence,40,Low,1,2.3
SV5628,Software Engineering,41,Low,1,1.3
SV5629,Database Systems,86,High,3,5.7
SV5630,Machine Learning,51,Medium,2,4.2
SV5631,Cybersecurity,3,Low,1,1.8
SV5632,Cybersecurity,3,Low,1,1.1
SV5633,Software Engineering,4,Low,1,2.3
SV5634,Machine Learning,40,Low,1,2.2
SV5635,Cloud Computing,86,High,3,5.6
SV5636,Cybersecurity,100,High,3,6.2
SV5637,Data Science,60,Medium,2,2.9
SV5638,Software Engineering,74,High,3,3.9
SV5639,Cybersecurity,54,Medium,2,3.7
SV5640,Mobile App Development,74,Low,1,3.5
SV5641,Machine Learning,12,Medium,2,2.1
SV5642,Artificial Intelligence,13,Low,1,1.6
SV5643,Cybersecurity,59,Medium,2,3.2
SV5644,Software Engineering,71,Low,1,3.5
SV5645,Artificial Intelligence,24,Low,1,0.7
SV5646,Data Science,81,Medium,2,5.5
SV5647,Artificial Intelligence,43,Low,1,1.6
SV5648,Mobile App Development,81,High,3,5.6
SV5649,Cloud Computing,9,Low,1,0.9
SV5650,Cybersecurity,70,Medium,2,4.2
SV5651,Web Development,49,Medium,2,3.8
SV5652,Web Development,43,Low,1,0.7
SV5653,Artificial Intelligence,13,Low,1,1.7
SV5654,Computer Networks,14,Low,1,1.4
SV5655,Machine Learning,15,Medium,2,1.0
SV5656,Web Development,1,Low,1,1.4
SV5657,Computer Networks,29,Low,1,2.0
SV5658,Web Development,29,Low,1,1.3
SV5659,Computer Networks,81,Medium,2,5.8
SV5660,Machine Learning,30,Low,1,1.8
SV5661,Database Systems,76,High,3,5.9
SV5662,Web Development,19,Low,1,1.6
SV5663,Mobile App Development,48,Medium,2,3.4
SV5664,Cybersecurity,34,Low,1,2.2
SV5665,Computer Networks,22,Low,1,2.3
SV5666,Cybersecurity,96,High,3,5.6
SV5667,Software Engineering,98,High,3,5.4
SV5668,Software Engineering,99,High,3,5.2
SV5669,Machine Learning,60,Medium,2,4.3
SV5670,Computer Networks,83,High,3,6.4
SV5671,Data Science,54,Medium,2,3.5
SV5672,Software Engineering,66,Medium,2,4.1
SV5673,Machine Learning,7,Low,1,1.4
SV5674,Software Engineering,39,Low,1,1.5
SV5675,Software Engineering,58,Medium,2,3.1
SV5676,Data Science,31,Low,1,2.0
SV5677,Web Development,92,High,3,5.8
SV5678,Artificial Intelligence,6,Low,1,1.9
SV5679,Database Systems,1,Medium,2,1.7
SV5680,Software Engineering,84,High,3,6.0
SV5681,Software Engineering,5,Low,1,0.7
SV5682,Mobile App Development,91,High,3,6.0
SV5683,Database Systems,35,Low,1,1.8
SV5684,Data Science,31,Medium,2,1.5
SV5685,Cybersecurity,44,Low,1,1.2
SV5686,Computer Networks,41,Low,1,2.1
SV5687,Software Engineering,52,Low,1,4.3
SV5688,Artificial Intelligence,8,Medium,2,1.7
SV5689,Computer Networks,74,Medium,2,3.1
SV5690,Database Systems,86,High,3,5.3
SV5691,Computer Networks,74,Medium,2,2.8
SV5692,Web Development,48,Medium,2,3.3
SV5693,Software Engineering,1,Low,1,1.6
SV5694,Computer Networks,66,High,3,3.8
SV5695,Cybersecurity,10,Low,1,1.9
SV5696,Cybersecurity,49,Medium,2,4.1
SV5697,Software Engineering,34,Low,1,2.1
SV5698,Cloud Computing,14,Low,1,2.2
SV5699,Cybersecurity,74,Medium,2,4.2
SV5700,Computer Networks,30,Medium,2,0.9
SV5701,Machine Learning,91,High,3,5.3
SV5702,Cybersecurity,61,Medium,2,3.4
SV5703,Database Systems,27,Medium,2,1.5
SV5704,Cloud Computing,95,High,3,6.3
SV5705,Computer Networks,24,Medium,2,2.0
SV5706,Data Science,83,High,3,5.7
SV5707,Mobile App Development,91,Medium,2,6.2
SV5708,Data Science,24,Low,1,1.1
SV5709,Web Development,74,Medium,2,3.2
SV5710,Mobile App Development,82,High,3,5.8
SV5711,Web Development,91,Medium,2,5.8
SV5712,Mobile App Development,0,Low,1,2.1
SV5713,Mobile App Development,58,Medium,2,3.3
SV5714,Machine Learning,68,Medium,2,3.9
SV5715,Artificial Intelligence,73,Medium,2,4.2
SV5716,Database Systems,41,Low,1,1.4
SV5717,Data Science,33,Low,1,1.5
SV5718,Cybersecurity,99,High,3,5.7
SV5719,Computer Networks,65,Medium,2,2.9
SV5720,Cloud Computing,17,Low,1,0.8
SV5721,Database Systems,76,High,3,6.7
SV5722,Web Development,4,Low,1,2.0
SV5723,Machine Learning,19,Low,1,2.1
SV5724,Web Development,65,Medium,2,2.8
SV5725,Artificial Intelligence,74,Medium,2,3.2
SV5726,Cloud Computing,61,Low,1,3.2
SV5727,Machine Learning,93,Medium,2,5.6
SV5728,Web Development,95,High,3,6.8
SV5729,Artificial Intelligence,31,Low,1,1.1
SV5730,Computer Networks,57,Medium,2,4.1
SV5731,Computer Networks,49,Medium,2,4.1
SV5732,Web Development,37,Low,1,1.0
SV5733,Database Systems,54,Medium,2,3.7
SV5734,Cloud Computing,27,Low,1,1.8
SV5735,Software Engineering,73,Medium,2,3.8
SV5736,Database Systems,85,High,3,5.9
SV5737,Computer Networks,80,High,3,6.3
SV5738,Cloud Computing,21,Low,1,2.0
SV5739,Artificial Intelligence,42,Low,1,1.1
SV5740,Machine Learning,82,High,3,6.3
SV5741,Mobile App Development,80,High,3,5.5
SV5742,Web Development,87,High,3,5.5
SV5743,Data Science,35,Low,1,1.4
SV5744,Cloud Computing,95,High,3,5.5
SV5745,Cybersecurity,51,Medium,2,3.2
SV5746,Artificial Intelligence,35,Low,1,1.9
SV5747,Software Engineering,27,Low,1,1.2
SV5748,Mobile App Development,77,High,3,5.7
SV5749,Cybersecurity,57,Medium,2,3.2
SV5750,Software Engineering,35,Low,1,1.6
SV5751,Data Science,69,Medium,2,3.2
SV5752,Computer Networks,8,Low,1,1.3
SV5753,Database Systems,20,Low,1,1.5
SV5754,Web Development,63,Medium,2,3.0
SV5755,Machine Learning,75,High,3,3.2
SV5756,Software Engineering,60,Medium,2,3.8
SV5757,Mobile App Development,93,High,3,5.8
SV5758,Cloud Computing,94,High,3,6.6
SV5759,Computer Networks,39,Low,1,0.8
SV5760,Cloud Computing,55,Medium,2,3.9
SV5761,Mobile App Development,3,Low,1,1.9
SV5762,Cloud Computing,30,Medium,2,1.4
SV5763,Software Engineering,26,Low,1,1.4
SV5764,Artificial Intelligence,57,Low,1,3.2
SV5765,Cloud Computing,24,Low,1,1.2
SV5766,Database Systems,68,Medium,2,4.0
SV5767,Data Science,69,Medium,2,4.1
SV5768,Machine Learning,4,Low,1,2.0
SV5769,Software Engineering,90,High,3,5.7
SV5770,Cybersecurity,7,Low,1,1.2
SV5771,Mobile App Development,8,Low,1,2.0
SV5772,Computer Networks,14,Low,1,1.6
SV5773,Software Engineering,99,High,3,6.0
SV5774,Artificial Intelligence,6,Medium,2,1.0
SV5775,Computer Networks,95,High,3,6.5
SV5776,Database Systems,71,High,3,3.0
SV5777,Mobile App Development,14,Low,1,0.7
SV5778,Computer Networks,36,Low,1,1.7
SV5779,Cloud Computing,82,High,3,6.5
SV5780,Software Engineering,38,Low,1,0.9
SV5781,Data Science,5,Low,1,0.8
SV5782,Mobile App Development,82,High,3,5.8
SV5783,Web Development,56,Medium,2,4.0
SV5784,Database Systems,91,High,3,6.4
SV5785,Machine Learning,80,High,3,5.7
SV5786,Mobile App Development,18,Low,1,1.8
SV5787,Artificial Intelligence,62,Medium,2,3.7
SV5788,Software Engineering,30,Low,1,1.3
SV5789,Cloud Computing,74,Medium,2,3.0
SV5790,Machine Learning,78,High,3,5.7
SV5791,Machine Learning,9,Low,1,1.7
SV5792,Database Systems,86,High,3,6.5
SV5793,Computer Networks,66,Medium,2,3.8
SV5794,Artificial Intelligence,61,Medium,2,3.0
SV5795,Computer Networks,2,Low,1,1.7
SV5796,Cloud Computing,17,Low,1,1.6
SV5797,Machine Learning,24,Medium,2,1.8
SV5798,Artificial Intelligence,19,Medium,2,0.9
SV5799,Artificial Intelligence,57,Low,1,3.2
SV5800,Cybersecurity,92,High,3,6.0
SV5801,Software Engineering,85,High,3,6.1
SV5802,Machine Learning,49,Medium,2,4.3
SV5803,Machine Learning,78,High,3,5.4
SV5804,Artificial Intelligence,9,Low,1,1.1
SV5805,Computer Networks,20,Low,1,1.6
SV5806,Machine Learning,28,Low,1,1.1
SV5807,Artificial Intelligence,95,High,3,6.4
SV5808,Machine Learning,9,Low,1,1.3
SV5809,Artificial Intelligence,12,Low,1,1.5
SV5810,Cybersecurity,46,Medium,2,3.1
SV5811,Software Engineering,22,Low,1,0.9
SV5812,Artificial Intelligence,49,Medium,2,2.8
SV5813,Machine Learning,86,High,3,5.3
SV5814,Cloud Computing,94,High,3,5.3
SV5815,Software Engineering,3,Low,1,1.6
SV5816,Cybersecurity,66,Medium,2,3.2
SV5817,Artificial Intelligence,84,High,3,6.5
SV5818,Cloud Computing,52,High,3,3.3
SV5819,Artificial Intelligence,1,Low,1,0.8
SV5820,Computer Networks,67,Medium,2,3.6
SV5821,Machine Learning,64,Medium,2,3.8
SV5822,Mobile App Development,78,High,3,6.6
SV5823,Database Systems,56,Medium,2,3.5
SV5824,Data Science,96,High,3,6.0
SV5825,Computer Networks,69,Medium,2,3.7
SV5826,Cloud Computing,6,Low,1,1.7
SV5827,Computer Networks,18,Low,1,1.7
SV5828,Web Development,43,Low,1,1.4
SV5829,Artificial Intelligence,62,Medium,2,4.1
SV5830,Artificial Intelligence,64,Medium,2,3.1
SV5831,Data Science,38,Low,1,1.8
SV5832,Data Science,82,High,3,6.8
SV5833,Web Development,25,Low,1,1.2
SV5834,Machine Learning,43,Low,1,1.1
SV5835,Database Systems,11,Low,1,1.2
SV5836,Mobile App Development,21,Medium,2,1.7
SV5837,Mobile App Development,76,High,3,5.3
SV5838,Cybersecurity,91,High,3,6.4
SV5839,Cybersecurity,13,Low,1,1.0
SV5840,Machine Learning,85,High,3,5.6
SV5841,Cybersecurity,29,Low,1,1.3
SV5842,Cybersecurity,43,Low,1,1.0
SV5843,Web Development,83,High,3,5.5
SV5844,Web Development,90,High,3,5.4
SV5845,Cybersecurity,37,Medium,2,1.4
SV5846,Computer Networks,58,Medium,2,3.1
SV5847,Software Engineering,41,Low,1,1.8
SV5848,Software Engineering,51,Medium,2,2.8
SV5849,Machine Learning,62,High,3,4.3
SV5850,Mobile App Development,60,Medium,2,3.7
SV5851,Data Science,33,Low,1,1.2
SV5852,Machine Learning,38,Low,1,1.4
SV5853,Cybersecurity,40,Low,1,0.7
SV5854,Web Development,36,Low,1,2.1
SV5855,Artificial Intelligence,64,Medium,2,3.0
SV5856,Computer Networks,78,High,3,5.6
SV5857,Cloud Computing,31,Low,1,1.3
SV5858,Web Development,7,Low,1,2.1
SV5859,Software Engineering,96,High,3,5.8
SV5860,Web Development,17,Low,1,2.2
SV5861,Computer Networks,44,Low,1,1.0
SV5862,Data Science,92,High,3,6.7
SV5863,Cybersecurity,95,High,3,5.4
SV5864,Artificial Intelligence,32,Low,1,0.8
SV5865,Software Engineering,4,Low,1,0.8
SV5866,Software Engineering,81,Medium,2,6.0
SV5867,Database Systems,73,High,3,3.4
SV5868,Mobile App Development,35,Low,1,2.3
SV5869,Data Science,96,High,3,5.8
SV5870,Software Engineering,22,Low,1,1.0
SV5871,Mobile App Development,39,Low,1,1.4
SV5872,Software Engineering,4,Low,1,1.0
SV5873,Cybersecurity,33,Low,1,1.5
SV5874,Mobile App Development,23,Low,1,0.9
SV5875,Computer Networks,16,Medium,2,1.6
SV5876,Database Systems,94,Medium,2,6.3
SV5877,Cybersecurity,70,Low,1,3.9
SV5878,Computer Networks,80,High,3,6.2
SV5879,Artificial Intelligence,91,High,3,5.3
SV5880,Data Science,21,Low,1,0.9
SV5881,Data Science,14,Low,1,2.2
SV5882,Cloud Computing,100,High,3,6.7
SV5883,Cloud Computing,14,Low,1,1.5
SV5884,Mobile App Development,24,Low,1,1.7
SV5885,Data Science,52,Low,1,3.0
SV5886,Mobile App Development,20,Low,1,1.9
SV5887,Cloud Computing,65,Medium,2,4.1
SV5888,Artificial Intelligence,90,High,3,5.3
SV5889,Software Engineering,31,Low,1,2.3
SV5890,Computer Networks,20,Low,1,0.9
SV5891,Web Development,67,Medium,2,3.2
SV5892,Mobile App Development,43,Low,1,1.0
SV5893,Artificial Intelligence,82,High,3,5.6
SV5894,Computer Networks,65,Medium,2,3.9
SV5895,Data Science,89,High,3,6.0
SV5896,Software Engineering,97,High,3,5.6
SV5897,Computer Networks,13,Low,1,1.7
SV5898,Database Systems,14,Low,1,0.8
SV5899,Cloud Computing,19,Low,1,1.3
SV5900,Computer Networks,33,Low,1,2.0
SV5901,Web Development,35,Low,1,0.7
SV5902,Artificial Intelligence,82,High,3,6.4
SV5903,Software Engineering,8,Low,1,1.4
SV5904,Cybersecurity,70,High,3,3.2
SV5905,Computer Networks,29,Low,1,1.0
SV5906,Machine Learning,76,High,3,6.7
SV5907,Web Development,90,High,3,5.7
SV5908,Web Development,62,Medium,2,3.7
SV5909,Machine Learning,34,Low,1,1.0
SV5910,Database Systems,12,Low,1,1.4
SV5911,Cybersecurity,78,Medium,2,6.1
SV5912,Cloud Computing,45,Medium,2,1.3
SV5913,Artificial Intelligence,55,High,3,2.9
SV5914,Software Engineering,8,Low,1,0.9
SV5915,Artificial Intelligence,86,High,3,6.1
SV5916,Cybersecurity,35,Low,1,1.9
SV5917,Artificial Intelligence,2,Low,1,1.6
SV5918,Machine Learning,97,High,3,5.9
SV5919,Web Development,18,Low,1,1.0
SV5920,Artificial Intelligence,27,Low,1,1.8
SV5921,Mobile App Development,22,Low,1,0.9
SV5922,Computer Networks,6,Low,1,1.6
SV5923,Cybersecurity,75,Medium,2,3.0
SV5924,Database Systems,13,Low,1,1.9
SV5925,Mobile App Development,45,Low,1,1.6
SV5926,Machine Learning,14,Low,1,2.2
SV5927,Data Science,66,Medium,2,4.3
SV5928,Machine Learning,14,Medium,2,1.9
SV5929,Database Systems,50,Low,1,3.6
SV5930,Database Systems,87,Medium,2,6.6
SV5931,Mobile App Development,7,Low,1,2.3
SV5932,Computer Networks,68,Medium,2,3.5
SV5933,Cybersecurity,61,Medium,2,3.3
SV5934,Cloud Computing,50,Medium,2,3.7
SV5935,Web Development,62,High,3,3.7
SV5936,Mobile App Development,67,Medium,2,4.1
SV5937,Database Systems,77,High,3,5.8
SV5938,Data Science,15,Low,1,1.4
SV5939,Software Engineering,83,Medium,2,5.8
SV5940,Database Systems,23,Medium,2,0.8
SV5941,Computer Networks,5,Low,1,2.0
SV5942,Computer Networks,56,Medium,2,3.6
SV5943,Database Systems,30,Low,1,1.4
SV5944,Computer Networks,5,Low,1,2.2
SV5945,Mobile App Development,98,High,3,6.3
SV5946,Database Systems,78,High,3,5.3
SV5947,Database Systems,28,Medium,2,2.0
SV5948,Cybersecurity,66,Medium,2,4.3
SV5949,Web Development,74,Medium,2,3.5
SV5950,Data Science,2,Low,1,0.9
SV5951,Computer Networks,27,Low,1,0.8
SV5952,Cybersecurity,73,Medium,2,3.6
SV5953,Cloud Computing,96,High,3,6.4
SV5954,Cloud Computing,47,Medium,2,4.1
SV5955,Artificial Intelligence,79,High,3,6.2
SV5956,Mobile App Development,9,Low,1,2.1
SV5957,Mobile App Development,32,Medium,2,1.9
SV5958,Machine Learning,99,High,3,5.7
SV5959,Data Science,66,Medium,2,3.5
SV5960,Database Systems,68,Medium,2,3.8
SV5961,Computer Networks,11,Low,1,1.2
SV5962,Data Science,56,Low,1,3.0
SV5963,Artificial Intelligence,43,Low,1,1.0
SV5964,Machine Learning,12,Low,1,1.3
SV5965,Cybersecurity,23,Medium,2,1.9
SV5966,Data Science,43,Low,1,2.2
SV5967,Cybersecurity,56,Medium,2,3.4
SV5968,Cloud Computing,95,High,3,5.9
SV5969,Computer Networks,15,Low,1,1.3
SV5970,Artificial Intelligence,95,High,3,6.0
SV5971,Database Systems,100,High,3,5.8
SV5972,Computer Networks,99,High,3,6.1
SV5973,Web Development,20,Medium,2,1.3
SV5974,Mobile App Development,75,High,3,4.0
SV5975,Artificial Intelligence,50,Medium,2,3.7
SV5976,Data Science,20,Low,1,2.2
SV5977,Computer Networks,59,Medium,2,3.6
SV5978,Software Engineering,50,Medium,2,3.4
SV5979,Mobile App Development,20,Low,1,2.2
SV5980,Mobile App Development,5,Low,1,2.3
SV5981,Software Engineering,72,Medium,2,3.0
SV5982,Machine Learning,64,Medium,2,3.8
SV5983,Machine Learning,75,Low,1,3.5
SV5984,Software Engineering,57,Medium,2,3.4
SV5985,Web Development,77,High,3,5.9
SV5986,Cloud Computing,5,Low,1,1.1
SV5987,Software Engineering,64,Medium,2,2.8
SV5988,Cloud Computing,85,High,3,6.2
SV5989,Computer Networks,33,Low,1,1.3
SV5990,Web Development,55,Medium,2,3.2
SV5991,Artificial Intelligence,74,Medium,2,3.3
SV5992,Cloud Computing,2,Low,1,2.0
SV5993,Mobile App Development,41,Low,1,1.7
SV5994,Computer Networks,61,Medium,2,3.2
SV5995,Mobile App Development,5,Low,1,1.6
SV5996,Web Development,5,Low,1,1.8
SV5997,Cloud Computing,62,Medium,2,4.3
SV5998,Cybersecurity,19,Low,1,2.1
SV5999,Web Development,20,Low,1,1.5
SV6000,Web Development,1,Low,1,0.9
SV6001,Cybersecurity,89,High,3,6.4
SV6002,Computer Networks,94,High,3,6.3
SV6003,Cloud Computing,89,High,3,5.9
SV6004,Cloud Computing,55,Medium,2,3.3
SV6005,Mobile App Development,95,High,3,6.2
SV6006,Web Development,9,Low,1,0.8
SV6007,Web Development,86,High,3,6.1
SV6008,Database Systems,69,Medium,2,2.9
SV6009,Artificial Intelligence,22,Low,1,2.0
SV6010,Web Development,91,High,3,6.3
SV6011,Data Science,29,Low,1,1.8
SV6012,Artificial Intelligence,77,High,3,5.7
SV6013,Data Science,36,Low,1,1.9
SV6014,Cloud Computing,54,Medium,2,3.7
SV6015,Artificial Intelligence,95,High,3,5.6
SV6016,Web Development,48,Medium,2,3.7
SV6017,Cybersecurity,33,Low,1,2.0
SV6018,Mobile App Development,43,Low,1,1.9
SV6019,Data Science,21,Low,1,1.8
SV6020,Artificial Intelligence,30,Low,1,2.2
SV6021,Web Development,6,Low,1,1.8
SV6022,Artificial Intelligence,20,Low,1,1.0
SV6023,Web Development,15,Low,1,2.0
SV6024,Web Development,19,Low,1,1.0
SV6025,Web Development,42,Medium,2,1.8
SV6026,Database Systems,43,Low,1,1.6
SV6027,Mobile App Development,46,Medium,2,4.1
SV6028,Cybersecurity,18,Low,1,2.0
SV6029,Cybersecurity,47,Medium,2,3.7
SV6030,Artificial Intelligence,95,Medium,2,5.3
SV6031,Artificial Intelligence,78,High,3,5.2
SV6032,Web Development,68,Medium,2,4.0
SV6033,Database Systems,10,Low,1,0.8
SV6034,Web Development,78,High,3,6.7
SV6035,Database Systems,28,Low,1,1.6
SV6036,Web Development,44,Low,1,0.7
SV6037,Data Science,67,Medium,2,3.1
SV6038,Data Science,35,Low,1,1.4
SV6039,Cloud Computing,47,Medium,2,3.9
SV6040,Web Development,86,High,3,6.2
SV6041,Mobile App Development,14,Medium,2,2.3
SV6042,Cloud Computing,43,Medium,2,2.0
SV6043,Artificial Intelligence,66,Medium,2,3.8
SV6044,Computer Networks,95,High,3,5.6
SV6045,Web Development,73,Low,1,2.9
SV6046,Data Science,39,Low,1,0.9
SV6047,Computer Networks,85,High,3,6.5
SV6048,Database Systems,13,Low,1,1.1
SV6049,Computer Networks,62,Medium,2,4.0
SV6050,Mobile App Development,80,High,3,6.8
SV6051,Web Development,84,High,3,5.9
SV6052,Cybersecurity,50,Medium,2,3.9
SV6053,Computer Networks,78,High,3,6.5
SV6054,Cybersecurity,57,Medium,2,4.0
SV6055,Database Systems,14,Low,1,1.5
SV6056,Cloud Computing,64,Medium,2,4.2
SV6057,Cybersecurity,87,High,3,6.7
SV6058,Cloud Computing,54,Medium,2,3.9
SV6059,Data Science,75,Medium,2,3.7
SV6060,Web Development,9,Low,1,1.0
SV6061,Computer Networks,41,Low,1,1.9
SV6062,Data Science,94,High,3,6.2
SV6063,Data Science,10,Low,1,1.0
SV6064,Software Engineering,15,Low,1,1.2
SV6065,Machine Learning,72,Low,1,3.4
SV6066,Mobile App Development,77,High,3,5.3
SV6067,Cloud Computing,18,Low,1,1.1
SV6068,Software Engineering,30,Low,1,0.9
SV6069,Machine Learning,72,Medium,2,3.0
SV6070,Mobile App Development,99,High,3,5.9
SV6071,Cloud Computing,52,Medium,2,2.9
SV6072,Web Development,89,High,3,6.5
SV6073,Mobile App Development,7,Low,1,1.0
SV6074,Computer Networks,23,Low,1,1.6
SV6075,Data Science,7,Low,1,1.7
SV6076,Machine Learning,82,High,3,5.2
SV6077,Machine Learning,47,Medium,2,3.8
SV6078,Machine Learning,29,Low,1,1.2
SV6079,Cloud Computing,57,Medium,2,3.3
SV6080,Computer Networks,85,High,3,6.1
SV6081,Mobile App Development,54,Low,1,3.7
SV6082,Data Science,72,Medium,2,3.3
SV6083,Computer Networks,61,Medium,2,4.0
SV6084,Software Engineering,47,Medium,2,4.1
SV6085,Web Development,3,Low,1,1.9
SV6086,Cybersecurity,36,Low,1,1.5
SV6087,Computer Networks,7,Low,1,2.2
SV6088,Software Engineering,0,Low,1,1.1
SV6089,Data Science,91,High,3,6.6
SV6090,Cybersecurity,69,High,3,3.1
SV6091,Cybersecurity,46,Medium,2,3.1
SV6092,Computer Networks,99,High,3,6.2
SV6093,Machine Learning,74,Low,1,2.8
SV6094,Artificial Intelligence,4,Low,1,1.0
SV6095,Data Science,49,Medium,2,3.1
SV6096,Machine Learning,23,Medium,2,1.7
SV6097,Data Science,46,Medium,2,3.0
SV6098,Artificial Intelligence,17,Low,1,1.8
SV6099,Web Development,83,High,3,6.7
SV6100,Artificial Intelligence,27,Low,1,0.9
SV6101,Database Systems,76,High,3,6.6
SV6102,Computer Networks,4,Low,1,1.3
SV6103,Computer Networks,29,Low,1,1.2
SV6104,Software Engineering,0,Low,1,1.5
SV6105,Machine Learning,85,High,3,6.0
SV6106,Software Engineering,81,High,3,6.5
SV6107,Database Systems,45,Medium,2,2.0
SV6108,Artificial Intelligence,68,Medium,2,4.0
SV6109,Computer Networks,30,Medium,2,2.2
SV6110,Cloud Computing,69,Medium,2,3.0
SV6111,Artificial Intelligence,90,Medium,2,5.4
SV6112,Artificial Intelligence,55,High,3,3.4
SV6113,Database Systems,88,High,3,5.9
SV6114,Web Development,92,High,3,5.2
SV6115,Data Science,27,Low,1,1.4
SV6116,Database Systems,15,Low,1,1.0
SV6117,Data Science,53,Medium,2,3.3
SV6118,Computer Networks,52,Medium,2,2.9
SV6119,Database Systems,11,Low,1,1.2
SV6120,Data Science,19,Low,1,1.3
SV6121,Software Engineering,81,High,3,6.7
SV6122,Database Systems,33,Low,1,0.7
SV6123,Computer Networks,52,Medium,2,3.7
SV6124,Database Systems,63,Medium,2,3.5
SV6125,Computer Networks,22,Low,1,1.0
SV6126,Database Systems,26,Low,1,2.0
SV6127,Data Science,16,Low,1,1.6
SV6128,Web Development,47,Medium,2,3.2
SV6129,Mobile App Development,20,Low,1,2.1
SV6130,Data Science,49,Medium,2,3.3
SV6131,Machine Learning,39,Medium,2,2.3
SV6132,Cybersecurity,94,High,3,5.3
SV6133,Web Development,2,Low,1,1.3
SV6134,Software Engineering,16,Low,1,1.7
SV6135,Artificial Intelligence,60,Medium,2,3.2
SV6136,Data Science,49,Medium,2,2.8
SV6137,Database Systems,89,Medium,2,6.0
SV6138,Data Science,86,Medium,2,5.8
SV6139,Cloud Computing,5,Low,1,1.1
SV6140,Web Development,27,Low,1,1.2
SV6141,Mobile App Development,71,Low,1,3.6
SV6142,Software Engineering,54,Medium,2,3.4
SV6143,Cloud Computing,57,Medium,2,4.1
SV6144,Computer Networks,44,Low,1,1.0
SV6145,Cloud Computing,71,Medium,2,3.5
SV6146,Data Science,18,Low,1,1.5
SV6147,Software Engineering,28,Low,1,1.6
SV6148,Data Science,22,Low,1,1.5
SV6149,Computer Networks,31,Low,1,2.1
SV6150,Artificial Intelligence,9,Low,1,1.4
SV6151,Software Engineering,90,High,3,6.0
SV6152,Artificial Intelligence,48,High,3,3.7
SV6153,Web Development,64,Medium,2,3.6
SV6154,Web Development,28,Low,1,1.7
SV6155,Artificial Intelligence,58,Medium,2,3.0
SV6156,Web Development,44,Low,1,1.2
SV6157,Software Engineering,66,Medium,2,2.8
SV6158,Database Systems,50,Medium,2,3.3
SV6159,Machine Learning,100,High,3,5.4
SV6160,Web Development,94,Medium,2,6.0
SV6161,Web Development,10,Low,1,2.2
SV6162,Data Science,85,Medium,2,5.9
SV6163,Artificial Intelligence,81,High,3,5.8
SV6164,Cybersecurity,98,Medium,2,5.7
SV6165,Mobile App Development,5,Low,1,1.0
SV6166,Cloud Computing,66,Medium,2,4.0
SV6167,Web Development,61,Medium,2,2.8
SV6168,Cloud Computing,4,Low,1,1.1
SV6169,Software Engineering,8,Low,1,1.3
SV6170,Cybersecurity,27,Low,1,1.8
SV6171,Mobile App Development,82,High,3,6.2
SV6172,Artificial Intelligence,91,High,3,5.6
SV6173,Machine Learning,90,High,3,5.5
SV6174,Mobile App Development,76,High,3,6.1
SV6175,Mobile App Development,37,Low,1,2.3
SV6176,Machine Learning,42,Low,1,0.9
SV6177,Database Systems,20,Low,1,1.6
SV6178,Artificial Intelligence,90,High,3,6.1
SV6179,Data Science,61,High,3,3.4
SV6180,Cloud Computing,45,Low,1,1.5
SV6181,Web Development,69,Medium,2,3.3
SV6182,Mobile App Development,37,Low,1,0.7
SV6183,Software Engineering,48,Medium,2,3.5
SV6184,Machine Learning,74,Medium,2,3.1
SV6185,Cloud Computing,80,High,3,6.0
SV6186,Cybersecurity,38,Low,1,1.9
SV6187,Machine Learning,70,Medium,2,3.2
SV6188,Cybersecurity,29,Medium,2,2.1
SV6189,Artificial Intelligence,20,Low,1,1.0
SV6190,Mobile App Development,0,Low,1,1.4
SV6191,Software Engineering,88,High,3,6.4
SV6192,Web Development,31,Low,1,1.1
SV6193,Cybersecurity,7,Low,1,1.2
SV6194,Cloud Computing,68,Medium,2,3.8
SV6195,Database Systems,29,Low,1,1.8
SV6196,Artificial Intelligence,7,Low,1,2.0
SV6197,Database Systems,18,Low,1,2.0
SV6198,Artificial Intelligence,58,High,3,4.1
SV6199,Data Science,54,Medium,2,3.8
SV6200,Cloud Computing,29,Low,1,1.9
SV6201,Database Systems,78,High,3,6.2
SV6202,Software Engineering,35,Low,1,1.4
SV6203,Mobile App Development,54,Medium,2,3.6
SV6204,Machine Learning,43,Low,1,1.3
SV6205,Web Development,26,Low,1,1.3
SV6206,Mobile App Development,76,High,3,6.1
SV6207,Mobile App Development,77,Medium,2,6.0
SV6208,Artificial Intelligence,100,High,3,6.0
SV6209,Software Engineering,53,Medium,2,4.2
SV6210,Artificial Intelligence,47,Low,1,3.8
SV6211,Computer Networks,29,Low,1,2.2
SV6212,Cybersecurity,38,Low,1,1.6
SV6213,Web Development,12,Low,1,1.5
SV6214,Cybersecurity,15,Low,1,2.0
SV6215,Machine Learning,43,Low,1,1.5
SV6216,Computer Networks,70,Medium,2,4.3
SV6217,Cloud Computing,26,Low,1,1.2
SV6218,Machine Learning,44,Low,1,0.9
SV6219,Machine Learning,34,Low,1,1.8
SV6220,Data Science,78,High,3,5.3
SV6221,Web Development,27,Low,1,1.7
SV6222,Artificial Intelligence,98,High,3,6.1
SV6223,Software Engineering,6,Low,1,1.3
SV6224,Cybersecurity,61,Medium,2,3.9
SV6225,Machine Learning,50,Medium,2,3.0
SV6226,Cybersecurity,45,Low,1,0.8
SV6227,Cybersecurity,19,Medium,2,1.1
SV6228,Cloud Computing,95,High,3,5.6
SV6229,Web Development,37,Low,1,1.8
SV6230,Web Development,60,Medium,2,3.0
SV6231,Database Systems,31,Low,1,1.3
SV6232,Mobile App Development,25,Medium,2,1.2
SV6233,Web Development,57,Low,1,3.5
SV6234,Cybersecurity,38,Low,1,0.8
SV6235,Artificial Intelligence,19,Low,1,1.9
SV6236,Cybersecurity,81,High,3,6.3
SV6237,Artificial Intelligence,49,Medium,2,3.7
SV6238,Database Systems,78,High,3,6.3
SV6239,Artificial Intelligence,51,Medium,2,3.1
SV6240,Web Development,85,High,3,5.9
SV6241,Cloud Computing,21,Low,1,1.3
SV6242,Artificial Intelligence,52,Medium,2,3.1
SV6243,Cybersecurity,84,High,3,6.4
SV6244,Software Engineering,65,Medium,2,3.8
SV6245,Web Development,42,Low,1,2.1
SV6246,Software Engineering,81,High,3,6.3
SV6247,Computer Networks,22,Low,1,1.5
SV6248,Computer Networks,76,High,3,6.5
SV6249,Cybersecurity,63,High,3,3.7
SV6250,Computer Networks,8,Low,1,1.6
SV6251,Mobile App Development,6,Low,1,1.3
SV6252,Database Systems,40,Low,1,0.8
SV6253,Web Development,53,Medium,2,3.3
SV6254,Software Engineering,64,Medium,2,4.1
SV6255,Cybersecurity,1,Low,1,1.7
SV6256,Mobile App Development,3,Low,1,1.5
SV6257,Cybersecurity,77,High,3,5.8
SV6258,Mobile App Development,31,Low,1,1.6
SV6259,Computer Networks,99,High,3,6.3
SV6260,Computer Networks,1,Low,1,1.4
SV6261,Artificial Intelligence,63,Low,1,4.3
SV6262,Data Science,13,Low,1,0.7
SV6263,Cybersecurity,19,Low,1,2.1
SV6264,Artificial Intelligence,88,High,3,6.3
SV6265,Web Development,48,Medium,2,3.8
SV6266,Artificial Intelligence,7,Low,1,1.6
SV6267,Machine Learning,91,High,3,5.6
SV6268,Computer Networks,62,Medium,2,4.1
SV6269,Machine Learning,45,Low,1,0.7
SV6270,Cybersecurity,20,Low,1,2.1
SV6271,Software Engineering,86,Medium,2,5.2
SV6272,Software Engineering,31,Low,1,2.2
SV6273,Web Development,7,Medium,2,1.5
SV6274,Artificial Intelligence,94,High,3,5.7
SV6275,Software Engineering,100,High,3,6.5
SV6276,Mobile App Development,15,Low,1,1.5
SV6277,Mobile App Development,39,Low,1,0.9
SV6278,Web Development,26,Low,1,1.6
SV6279,Database Systems,17,Low,1,1.1
SV6280,Computer Networks,34,Low,1,1.6
SV6281,Artificial Intelligence,51,High,3,3.0
SV6282,Cybersecurity,14,Medium,2,1.8
SV6283,Cloud Computing,62,Medium,2,2.8
SV6284,Cloud Computing,52,Medium,2,2.8
SV6285,Cloud Computing,90,High,3,6.8
SV6286,Software Engineering,80,High,3,6.1
SV6287,Database Systems,65,Low,1,3.8
SV6288,Database Systems,30,Low,1,0.9
SV6289,Artificial Intelligence,60,Medium,2,3.9
SV6290,Artificial Intelligence,63,Medium,2,3.1
SV6291,Database Systems,100,Medium,2,6.7
SV6292,Web Development,97,High,3,6.4
SV6293,Artificial Intelligence,33,Low,1,0.9
SV6294,Web Development,54,Medium,2,2.9
SV6295,Machine Learning,58,Medium,2,3.6
SV6296,Mobile App Development,2,Low,1,0.9
SV6297,Computer Networks,16,Low,1,2.0
SV6298,Artificial Intelligence,77,High,3,5.3
SV6299,Database Systems,77,High,3,6.6
SV6300,Mobile App Development,45,Low,1,2.3
SV6301,Mobile App Development,37,Low,1,1.5
SV6302,Data Science,34,Low,1,1.7
SV6303,Database Systems,0,Low,1,0.9
SV6304,Computer Networks,28,Low,1,1.8
SV6305,Database Systems,3,Low,1,1.7
SV6306,Artificial Intelligence,60,Medium,2,3.9
SV6307,Cybersecurity,96,High,3,6.8
SV6308,Machine Learning,16,Low,1,0.9
SV6309,Web Development,27,Medium,2,0.7
SV6310,Cybersecurity,49,Medium,2,3.2
SV6311,Machine Learning,89,High,3,6.1
SV6312,Cybersecurity,7,Low,1,1.6
SV6313,Web Development,33,Low,1,1.1
SV6314,Software Engineering,58,Medium,2,3.1
SV6315,Database Systems,17,Low,1,1.9
SV6316,Cybersecurity,94,High,3,5.5
SV6317,Artificial Intelligence,58,Low,1,2.9
SV6318,Computer Networks,26,Low,1,1.6
SV6319,Cloud Computing,15,Medium,2,1.3
SV6320,Artificial Intelligence,9,Medium,2,0.8
SV6321,Web Development,75,High,3,3.0
SV6322,Computer Networks,21,Medium,2,0.8
SV6323,Artificial Intelligence,15,Medium,2,1.0
SV6324,Mobile App Development,11,Low,1,1.5
SV6325,Database Systems,74,Medium,2,3.8
SV6326,Computer Networks,83,High,3,6.2
SV6327,Mobile App Development,50,Medium,2,2.8
SV6328,Artificial Intelligence,0,Low,1,1.4
SV6329,Machine Learning,26,Low,1,1.3
SV6330,Data Science,66,Medium,2,3.1
SV6331,Machine Learning,11,Low,1,1.3
SV6332,Database Systems,29,Low,1,1.1
SV6333,Computer Networks,8,Low,1,2.0
SV6334,Computer Networks,52,Low,1,4.1
SV6335,Database Systems,60,Medium,2,2.8
SV6336,Mobile App Development,53,Medium,2,3.5
SV6337,Data Science,36,Low,1,1.6
SV6338,Artificial Intelligence,64,Medium,2,3.8
SV6339,Web Development,41,Low,1,1.2
SV6340,Machine Learning,48,Medium,2,3.9
SV6341,Machine Learning,3,Low,1,2.1
SV6342,Cloud Computing,63,High,3,3.6
SV6343,Data Science,78,High,3,6.7
SV6344,Web Development,50,Medium,2,2.8
SV6345,Machine Learning,90,High,3,6.4
SV6346,Web Development,71,High,3,3.7
SV6347,Artificial Intelligence,59,High,3,2.8
SV6348,Computer Networks,86,Medium,2,6.2
SV6349,Web Development,78,High,3,6.0
SV6350,Machine Learning,90,Medium,2,5.6
SV6351,Mobile App Development,30,Low,1,1.2
SV6352,Data Science,71,Low,1,4.1
SV6353,Database Systems,93,High,3,6.3
SV6354,Cybersecurity,57,Low,1,2.8
SV6355,Software Engineering,81,High,3,6.6
SV6356,Software Engineering,3,Low,1,2.1
SV6357,Cybersecurity,21,Low,1,0.8
SV6358,Web Development,2,Low,1,1.8
SV6359,Data Science,78,High,3,5.7
SV6360,Web Development,98,High,3,5.9
SV6361,Database Systems,46,High,3,2.9
SV6362,Data Science,37,Low,1,1.6
SV6363,Cybersecurity,32,Low,1,1.7
SV6364,Web Development,77,High,3,6.5
SV6365,Cloud Computing,47,Medium,2,3.0
SV6366,Machine Learning,64,Medium,2,3.8
SV6367,Mobile App Development,25,Low,1,2.2
SV6368,Computer Networks,7,Low,1,1.5
SV6369,Mobile App Development,49,Low,1,2.8
SV6370,Database Systems,79,High,3,5.3
SV6371,Web Development,37,Low,1,1.2
SV6372,Artificial Intelligence,9,Low,1,1.6
SV6373,Data Science,41,Low,1,1.5
SV6374,Web Development,36,Low,1,2.2
SV6375,Data Science,25,Low,1,2.2
SV6376,Computer Networks,91,High,3,6.0
SV6377,Cloud Computing,11,Low,1,0.8
SV6378,Mobile App Development,83,High,3,6.4
SV6379,Machine Learning,48,Medium,2,3.6
SV6380,Computer Networks,13,Low,1,1.3
SV6381,Computer Networks,45,Medium,2,2.1
SV6382,Mobile App Development,34,Low,1,1.1
SV6383,Computer Networks,28,Low,1,2.2
SV6384,Artificial Intelligence,11,Low,1,2.0
SV6385,Artificial Intelligence,81,High,3,6.8
SV6386,Software Engineering,43,Low,1,1.3
SV6387,Software Engineering,65,Medium,2,4.2
SV6388,Artificial Intelligence,1,Medium,2,1.8
SV6389,Cybersecurity,58,Medium,2,3.6
SV6390,Cloud Computing,16,Low,1,2.1
SV6391,Data Science,9,Low,1,1.7
SV6392,Cloud Computing,17,Low,1,1.6
SV6393,Database Systems,21,Low,1,1.3
SV6394,Computer Networks,82,High,3,5.9
SV6395,Machine Learning,57,Medium,2,3.5
SV6396,Computer Networks,52,High,3,3.7
SV6397,Cloud Computing,0,Low,1,1.0
SV6398,Artificial Intelligence,87,High,3,6.2
SV6399,Mobile App Development,60,Low,1,3.7
SV6400,Database Systems,99,High,3,5.3
SV6401,Artificial Intelligence,88,High,3,6.7
SV6402,Cloud Computing,99,Medium,2,6.2
SV6403,Mobile App Development,30,Low,1,1.3
SV6404,Machine Learning,30,Low,1,0.8
SV6405,Cloud Computing,65,Medium,2,2.7
SV6406,Data Science,18,Low,1,1.5
SV6407,Web Development,52,Medium,2,3.2
SV6408,Mobile App Development,75,Medium,2,4.2
SV6409,Cloud Computing,73,Medium,2,3.5
SV6410,Artificial Intelligence,94,High,3,6.7
SV6411,Data Science,21,Low,1,1.2
SV6412,Cybersecurity,22,Low,1,1.5
SV6413,Mobile App Development,86,High,3,6.1
SV6414,Data Science,14,Low,1,0.9
SV6415,Artificial Intelligence,25,Low,1,1.4
SV6416,Cloud Computing,2,Medium,2,1.3
SV6417,Computer Networks,86,High,3,5.4
SV6418,Machine Learning,19,Low,1,1.7
SV6419,Computer Networks,39,Low,1,0.7
SV6420,Web Development,38,Low,1,1.1
SV6421,Data Science,71,High,3,2.9
SV6422,Web Development,17,Low,1,1.6
SV6423,Machine Learning,40,Low,1,2.1
SV6424,Data Science,69,High,3,3.6
SV6425,Software Engineering,26,Medium,2,1.9
SV6426,Artificial Intelligence,99,High,3,6.7
SV6427,Data Science,14,Low,1,1.4
SV6428,Artificial Intelligence,36,Low,1,1.3
SV6429,Computer Networks,57,Medium,2,3.9
SV6430,Database Systems,4,Low,1,1.9
SV6431,Mobile App Development,72,Medium,2,4.2
SV6432,Database Systems,6,Low,1,1.2
SV6433,Cloud Computing,40,Low,1,0.8
SV6434,Mobile App Development,83,High,3,6.2
SV6435,Mobile App Development,9,Low,1,2.3
SV6436,Cybersecurity,61,Medium,2,3.4
SV6437,Mobile App Development,25,Low,1,2.0
SV6438,Machine Learning,67,Medium,2,4.0
SV6439,Database Systems,23,Low,1,1.3
SV6440,Computer Networks,77,High,3,6.3
SV6441,Artificial Intelligence,40,Low,1,1.3
SV6442,Cloud Computing,64,Medium,2,4.2
SV6443,Mobile App Development,16,Medium,2,1.1
SV6444,Cloud Computing,23,Low,1,1.8
SV6445,Computer Networks,26,Low,1,0.7
SV6446,Cloud Computing,6,Low,1,2.0
SV6447,Computer Networks,72,Medium,2,3.5
SV6448,Mobile App Development,98,High,3,6.1
SV6449,Computer Networks,11,Low,1,1.5
SV6450,Mobile App Development,84,Medium,2,6.0
SV6451,Cybersecurity,2,Low,1,1.8
SV6452,Cybersecurity,78,High,3,5.8
SV6453,Computer Networks,84,Medium,2,5.6
SV6454,Cybersecurity,9,Low,1,0.8
SV6455,Artificial Intelligence,32,Low,1,1.7
SV6456,Artificial Intelligence,45,Low,1,1.2
SV6457,Cybersecurity,58,Medium,2,4.2
SV6458,Cybersecurity,51,High,3,3.2
SV6459,Software Engineering,5,Low,1,1.7
SV6460,Software Engineering,1,Medium,2,1.5
SV6461,Mobile App Development,28,Low,1,1.9
SV6462,Computer Networks,39,Low,1,2.0
SV6463,Web Development,96,High,3,5.4
SV6464,Web Development,60,Medium,2,4.2
SV6465,Cybersecurity,67,Medium,2,3.7
SV6466,Cloud Computing,67,Medium,2,2.9
SV6467,Cybersecurity,28,Low,1,1.8
SV6468,Software Engineering,100,High,3,5.5
SV6469,Mobile App Development,61,Medium,2,2.9
SV6470,Cybersecurity,59,Medium,2,3.3
SV6471,Database Systems,83,High,3,5.6
SV6472,Cloud Computing,40,Low,1,1.9
SV6473,Database Systems,86,High,3,5.7
SV6474,Mobile App Development,81,High,3,5.6
SV6475,Mobile App Development,88,High,3,6.3
SV6476,Artificial Intelligence,64,Medium,2,2.8
SV6477,Data Science,63,Medium,2,3.5
SV6478,Database Systems,78,High,3,5.6
SV6479,Artificial Intelligence,62,Medium,2,3.8
SV6480,Software Engineering,97,Medium,2,6.1
SV6481,Machine Learning,47,Medium,2,2.9
SV6482,Cloud Computing,19,Low,1,1.2
SV6483,Machine Learning,36,Low,1,1.3
SV6484,Computer Networks,63,Medium,2,3.5
SV6485,Software Engineering,90,High,3,5.8
SV6486,Software Engineering,85,High,3,5.6
SV6487,Machine Learning,4,Low,1,1.6
SV6488,Database Systems,33,Low,1,1.5
SV6489,Data Science,38,Low,1,0.7
SV6490,Database Systems,66,Medium,2,3.8
SV6491,Machine Learning,80,High,3,5.6
SV6492,Computer Networks,61,Medium,2,2.8
SV6493,Database Systems,87,High,3,6.4
SV6494,Web Development,23,Low,1,1.0
SV6495,Database Systems,2,Low,1,2.0
SV6496,Mobile App Development,70,Medium,2,3.2
SV6497,Artificial Intelligence,88,High,3,6.1
SV6498,Cloud Computing,66,Medium,2,4.1
SV6499,Database Systems,78,High,3,6.4
SV6500,Data Science,92,High,3,6.2
SV6501,Data Science,49,Medium,2,3.4
SV6502,Database Systems,28,Low,1,2.0
SV6503,Cybersecurity,73,Medium,2,3.8
SV6504,Software Engineering,31,Medium,2,1.6
SV6505,Database Systems,86,High,3,5.4
SV6506,Software Engineering,38,Low,1,0.9
SV6507,Web Development,8,Low,1,0.8
SV6508,Machine Learning,100,High,3,5.9
SV6509,Web Development,13,Low,1,1.6
SV6510,Database Systems,67,Medium,2,2.8
SV6511,Data Science,63,Low,1,2.8
SV6512,Cybersecurity,19,Low,1,0.8
SV6513,Computer Networks,27,Low,1,1.1
SV6514,Software Engineering,13,Medium,2,1.5
SV6515,Artificial Intelligence,43,Low,1,1.9
SV6516,Software Engineering,97,High,3,6.2
SV6517,Mobile App Development,76,High,3,5.9
SV6518,Cloud Computing,94,High,3,5.8
SV6519,Database Systems,96,High,3,5.6
SV6520,Web Development,38,Low,1,1.8
SV6521,Artificial Intelligence,27,Low,1,1.1
SV6522,Data Science,63,Medium,2,3.8
SV6523,Data Science,88,High,3,6.3
SV6524,Data Science,31,Low,1,1.6
SV6525,Computer Networks,8,Low,1,0.9
SV6526,Mobile App Development,27,Low,1,1.2
SV6527,Data Science,94,High,3,5.9
SV6528,Data Science,16,Low,1,1.3
SV6529,Database Systems,86,High,3,6.4
SV6530,Mobile App Development,76,High,3,6.8
SV6531,Cybersecurity,54,Medium,2,3.7
SV6532,Cybersecurity,9,Low,1,1.6
SV6533,Mobile App Development,79,High,3,5.9
SV6534,Cloud Computing,5,Low,1,0.8
SV6535,Computer Networks,47,High,3,4.0
SV6536,Artificial Intelligence,74,Medium,2,3.8
SV6537,Software Engineering,66,Medium,2,2.7
SV6538,Database Systems,91,High,3,5.8
SV6539,Machine Learning,40,Low,1,1.6
SV6540,Cybersecurity,78,High,3,6.2
SV6541,Mobile App Development,59,Medium,2,3.8
SV6542,Artificial Intelligence,76,High,3,5.5
SV6543,Mobile App Development,41,Low,1,1.4
SV6544,Software Engineering,80,High,3,5.8
SV6545,Artificial Intelligence,70,Medium,2,3.7
SV6546,Cybersecurity,27,Low,1,2.2
SV6547,Data Science,12,Low,1,1.5
SV6548,Mobile App Development,80,High,3,5.3
SV6549,Machine Learning,14,Low,1,1.8
SV6550,Cybersecurity,35,Low,1,1.1
SV6551,Web Development,91,High,3,5.9
SV6552,Machine Learning,14,Low,1,0.8
SV6553,Cloud Computing,74,Medium,2,4.0
SV6554,Computer Networks,55,Medium,2,3.7
SV6555,Cybersecurity,94,High,3,5.9
SV6556,Data Science,3,Medium,2,1.6
SV6557,Cybersecurity,98,High,3,6.6
SV6558,Software Engineering,97,High,3,6.6
SV6559,Artificial Intelligence,51,Low,1,4.2
SV6560,Mobile App Development,90,High,3,5.3
SV6561,Artificial Intelligence,9,Low,1,1.3
SV6562,Artificial Intelligence,93,High,3,5.8
SV6563,Cybersecurity,44,Low,1,1.5
SV6564,Software Engineering,83,High,3,6.4
SV6565,Mobile App Development,28,Low,1,1.0
SV6566,Mobile App Development,52,Medium,2,3.2
SV6567,Artificial Intelligence,28,Low,1,1.5
SV6568,Cloud Computing,22,Low,1,1.3
SV6569,Computer Networks,56,Medium,2,4.3
SV6570,Software Engineering,49,Medium,2,4.0
SV6571,Cloud Computing,20,Low,1,0.7
SV6572,Database Systems,42,Medium,2,1.9
SV6573,Database Systems,9,Low,1,1.3
SV6574,Machine Learning,75,Medium,2,3.1
SV6575,Artificial Intelligence,29,Low,1,2.0
SV6576,Mobile App Development,50,Medium,2,3.0
SV6577,Cybersecurity,32,Low,1,1.9
SV6578,Mobile App Development,17,Low,1,1.4
SV6579,Mobile App Development,77,High,3,6.4
SV6580,Data Science,21,Low,1,0.9
SV6581,Mobile App Development,63,Medium,2,3.9
SV6582,Machine Learning,20,Low,1,0.9
SV6583,Cloud Computing,0,Low,1,2.1
SV6584,Database Systems,14,Low,1,1.4
SV6585,Mobile App Development,35,Low,1,0.8
SV6586,Mobile App Development,46,Medium,2,3.2
SV6587,Data Science,53,Low,1,3.1
SV6588,Software Engineering,85,Medium,2,5.3
SV6589,Cybersecurity,31,Low,1,1.0
SV6590,Software Engineering,57,High,3,3.5
SV6591,Cybersecurity,45,Low,1,1.4
SV6592,Computer Networks,53,Medium,2,3.4
SV6593,Mobile App Development,32,Low,1,2.1
SV6594,Data Science,38,Low,1,0.8
SV6595,Web Development,22,Low,1,1.7
SV6596,Artificial Intelligence,42,Low,1,2.0
SV6597,Database Systems,54,Medium,2,3.7
SV6598,Cloud Computing,1,Low,1,2.2
SV6599,Database Systems,65,Medium,2,3.6
SV6600,Cloud Computing,37,Low,1,1.9
SV6601,Computer Networks,28,Low,1,0.8
SV6602,Software Engineering,66,Medium,2,3.4
SV6603,Machine Learning,70,Medium,2,3.7
SV6604,Mobile App Development,35,Low,1,1.0
SV6605,Web Development,28,Low,1,2.2
SV6606,Cloud Computing,36,Low,1,1.3
SV6607,Artificial Intelligence,99,High,3,6.0
SV6608,Cloud Computing,86,High,3,5.5
SV6609,Machine Learning,44,Low,1,2.1
SV6610,Database Systems,15,Low,1,1.0
SV6611,Data Science,30,Low,1,0.9
SV6612,Database Systems,33,Low,1,1.0
SV6613,Computer Networks,49,Medium,2,3.3
SV6614,Data Science,64,Medium,2,3.6
SV6615,Database Systems,81,High,3,6.3
SV6616,Artificial Intelligence,61,Medium,2,3.5
SV6617,Database Systems,42,Low,1,1.7
SV6618,Artificial Intelligence,55,Medium,2,3.7
SV6619,Artificial Intelligence,14,Low,1,0.9
SV6620,Data Science,47,Medium,2,3.1
SV6621,Software Engineering,48,High,3,3.9
SV6622,Cybersecurity,80,High,3,5.6
SV6623,Mobile App Development,43,Low,1,2.1
SV6624,Cloud Computing,9,Low,1,0.9
SV6625,Cybersecurity,19,Low,1,1.4
SV6626,Machine Learning,69,Medium,2,3.9
SV6627,Software Engineering,7,Low,1,1.9
SV6628,Cybersecurity,44,Low,1,1.2
SV6629,Data Science,33,Low,1,1.2
SV6630,Machine Learning,95,High,3,5.7
SV6631,Web Development,50,Medium,2,3.3
SV6632,Software Engineering,3,Low,1,1.7
SV6633,Cybersecurity,38,Low,1,1.0
SV6634,Machine Learning,83,High,3,5.2
SV6635,Web Development,23,Low,1,1.1
SV6636,Database Systems,87,Medium,2,6.2
SV6637,Machine Learning,54,High,3,2.9
SV6638,Data Science,25,Low,1,0.9
SV6639,Database Systems,24,Low,1,1.7
SV6640,Data Science,35,Medium,2,0.9
SV6641,Cybersecurity,70,Medium,2,2.8
SV6642,Mobile App Development,73,Medium,2,4.2
SV6643,Cybersecurity,57,Medium,2,3.9
SV6644,Database Systems,11,Low,1,2.1
SV6645,Artificial Intelligence,0,Low,1,0.9
SV6646,Cybersecurity,49,Medium,2,3.1
SV6647,Database Systems,24,Low,1,0.9
SV6648,Machine Learning,79,High,3,6.2
SV6649,Computer Networks,4,Low,1,1.9
SV6650,Cybersecurity,82,High,3,6.7
SV6651,Machine Learning,67,Medium,2,3.9
SV6652,Data Science,5,Low,1,1.1
SV6653,Software Engineering,25,Low,1,1.5
SV6654,Mobile App Development,54,Low,1,3.2
SV6655,Data Science,38,Low,1,0.9
SV6656,Data Science,8,Low,1,1.4
SV6657,Database Systems,44,Low,1,2.0
SV6658,Artificial Intelligence,13,Low,1,1.5
SV6659,Cloud Computing,54,Medium,2,3.0
SV6660,Computer Networks,8,Low,1,2.0
SV6661,Artificial Intelligence,14,Low,1,2.0
SV6662,Database Systems,36,Low,1,1.0
SV6663,Mobile App Development,49,Medium,2,3.4
SV6664,Computer Networks,83,High,3,6.1
SV6665,Computer Networks,71,High,3,4.0
SV6666,Database Systems,95,High,3,5.2
SV6667,Web Development,20,Low,1,0.8
SV6668,Data Science,56,Medium,2,3.4
SV6669,Software Engineering,18,Low,1,1.5
SV6670,Web Development,92,High,3,6.7
SV6671,Database Systems,57,Medium,2,4.1
SV6672,Web Development,94,High,3,5.9
SV6673,Software Engineering,5,Low,1,0.8
SV6674,Database Systems,3,Low,1,1.8
SV6675,Database Systems,42,Low,1,2.3
SV6676,Computer Networks,92,High,3,5.3
SV6677,Web Development,41,Low,1,1.2
SV6678,Machine Learning,2,Low,1,2.0
SV6679,Cybersecurity,0,Low,1,2.3
SV6680,Database Systems,54,Medium,2,3.0
SV6681,Web Development,14,Low,1,1.4
SV6682,Cloud Computing,46,Medium,2,3.6
SV6683,Mobile App Development,84,Medium,2,6.3
SV6684,Cloud Computing,45,Low,1,2.0
SV6685,Web Development,57,Medium,2,3.1
SV6686,Data Science,94,Medium,2,6.3
SV6687,Data Science,70,High,3,3.4
SV6688,Web Development,80,High,3,5.5
SV6689,Computer Networks,82,High,3,5.7
SV6690,Computer Networks,38,Low,1,1.7
SV6691,Database Systems,2,Low,1,0.8
SV6692,Software Engineering,29,Low,1,2.1
SV6693,Cybersecurity,34,Low,1,2.2
SV6694,Database Systems,56,Medium,2,3.1
SV6695,Cloud Computing,28,Low,1,1.8
SV6696,Cybersecurity,49,Medium,2,3.7
SV6697,Cloud Computing,61,Medium,2,3.9
SV6698,Computer Networks,51,Low,1,4.0
SV6699,Web Development,13,Low,1,1.3
SV6700,Software Engineering,34,Low,1,1.7
SV6701,Cloud Computing,27,Low,1,1.4
SV6702,Computer Networks,57,Medium,2,3.3
SV6703,Software Engineering,29,Low,1,1.0
SV6704,Database Systems,89,High,3,5.8
SV6705,Web Development,6,Low,1,1.0
SV6706,Mobile App Development,38,Low,1,1.2
SV6707,Data Science,94,High,3,5.3
SV6708,Artificial Intelligence,68,Medium,2,3.0
SV6709,Software Engineering,34,Medium,2,1.6
SV6710,Mobile App Development,51,Medium,2,3.1
SV6711,Mobile App Development,13,Low,1,0.9
SV6712,Software Engineering,62,Medium,2,3.5
SV6713,Mobile App Development,35,Low,1,1.2
SV6714,Cloud Computing,90,High,3,5.6
SV6715,Mobile App Development,23,Low,1,1.7
SV6716,Computer Networks,39,Low,1,1.7
SV6717,Cybersecurity,28,Low,1,0.9
SV6718,Cloud Computing,52,Medium,2,2.8
SV6719,Mobile App Development,21,Low,1,1.7
SV6720,Database Systems,71,Medium,2,2.9
SV6721,Data Science,14,Low,1,2.3
SV6722,Web Development,68,Medium,2,4.1
SV6723,Mobile App Development,63,Medium,2,4.2
SV6724,Machine Learning,3,Low,1,2.0
SV6725,Data Science,74,Low,1,4.1
SV6726,Database Systems,17,Low,1,1.3
SV6727,Computer Networks,41,Low,1,2.0
SV6728,Mobile App Development,29,Low,1,1.3
SV6729,Computer Networks,14,Low,1,2.0
SV6730,Mobile App Development,69,Medium,2,2.8
SV6731,Artificial Intelligence,54,High,3,3.3
SV6732,Cybersecurity,52,Medium,2,3.0
SV6733,Computer Networks,15,Low,1,1.0
SV6734,Cybersecurity,72,Medium,2,4.1
SV6735,Data Science,33,Low,1,2.0
SV6736,Artificial Intelligence,26,Low,1,1.8
SV6737,Web Development,12,Low,1,1.8
SV6738,Cloud Computing,99,High,3,5.2
SV6739,Cybersecurity,26,Medium,2,0.7
SV6740,Artificial Intelligence,72,Medium,2,3.0
SV6741,Cybersecurity,68,Medium,2,4.0
SV6742,Software Engineering,85,High,3,6.6
SV6743,Database Systems,30,Low,1,1.3
SV6744,Web Development,2,Low,1,1.2
SV6745,Database Systems,29,Low,1,1.9
SV6746,Mobile App Development,20,Low,1,1.0
SV6747,Cybersecurity,98,High,3,6.5
SV6748,Mobile App Development,5,Low,1,1.5
SV6749,Machine Learning,91,High,3,6.0
SV6750,Cybersecurity,31,Low,1,2.3
SV6751,Artificial Intelligence,41,Low,1,1.6
SV6752,Web Development,100,High,3,6.3
SV6753,Mobile App Development,61,Medium,2,3.2
SV6754,Cybersecurity,88,High,3,6.6
SV6755,Machine Learning,31,Low,1,1.8
SV6756,Database Systems,98,High,3,6.4
SV6757,Artificial Intelligence,85,High,3,5.6
SV6758,Software Engineering,87,High,3,6.3
SV6759,Cybersecurity,38,Low,1,1.7
SV6760,Software Engineering,63,Medium,2,3.1
SV6761,Data Science,29,Low,1,1.2
SV6762,Web Development,62,Medium,2,3.5
SV6763,Cybersecurity,95,High,3,6.7
SV6764,Computer Networks,30,Low,1,1.3
SV6765,Machine Learning,86,Medium,2,6.4
SV6766,Mobile App Development,39,Low,1,1.8
SV6767,Computer Networks,32,Low,1,2.1
SV6768,Data Science,62,Medium,2,4.2
SV6769,Web Development,24,Low,1,1.5
SV6770,Database Systems,35,Low,1,1.7
SV6771,Artificial Intelligence,23,Low,1,2.3
SV6772,Software Engineering,94,High,3,5.6
SV6773,Data Science,57,Medium,2,3.6
SV6774,Mobile App Development,38,Low,1,1.3
SV6775,Artificial Intelligence,45,Low,1,1.6
SV6776,Database Systems,76,High,3,6.7
SV6777,Mobile App Development,9,Low,1,1.4
SV6778,Machine Learning,86,Medium,2,6.6
SV6779,Software Engineering,81,High,3,5.6
SV6780,Computer Networks,31,Low,1,1.0
SV6781,Cybersecurity,96,High,3,6.1
SV6782,Data Science,35,Medium,2,1.1
SV6783,Cybersecurity,27,Low,1,2.3
SV6784,Artificial Intelligence,15,Low,1,1.9
SV6785,Cybersecurity,15,Low,1,1.9
SV6786,Computer Networks,17,Low,1,1.5
SV6787,Cloud Computing,7,Low,1,1.7
SV6788,Artificial Intelligence,79,High,3,6.3
SV6789,Software Engineering,74,Low,1,3.4
SV6790,Mobile App Development,69,Medium,2,3.2
SV6791,Software Engineering,0,Low,1,0.9
SV6792,Cybersecurity,61,Medium,2,4.3
SV6793,Web Development,75,Medium,2,3.6
SV6794,Artificial Intelligence,37,Low,1,0.7
SV6795,Mobile App Development,91,High,3,5.8
SV6796,Database Systems,44,Low,1,0.8
SV6797,Machine Learning,57,Medium,2,3.2
SV6798,Software Engineering,80,High,3,6.6
SV6799,Software Engineering,0,Low,1,1.7
SV6800,Artificial Intelligence,31,Low,1,2.0
SV6801,Web Development,7,Low,1,1.5
SV6802,Cybersecurity,39,Low,1,1.7
SV6803,Cybersecurity,55,Medium,2,3.0
SV6804,Artificial Intelligence,62,Medium,2,4.3
SV6805,Software Engineering,87,High,3,6.1
SV6806,Mobile App Development,73,Medium,2,4.3
SV6807,Machine Learning,73,Medium,2,3.4
SV6808,Artificial Intelligence,35,Medium,2,1.1
SV6809,Mobile App Development,88,Medium,2,6.2
SV6810,Mobile App Development,56,Low,1,3.3
SV6811,Database Systems,73,Medium,2,3.6
SV6812,Computer Networks,82,High,3,5.6
SV6813,Cloud Computing,44,Low,1,0.9
SV6814,Machine Learning,78,High,3,6.4
SV6815,Data Science,79,High,3,5.6
SV6816,Web Development,1,Low,1,1.6
SV6817,Cloud Computing,92,High,3,5.8
SV6818,Database Systems,67,Medium,2,4.3
SV6819,Machine Learning,49,Medium,2,3.9
SV6820,Cybersecurity,28,Low,1,1.9
SV6821,Cloud Computing,94,High,3,5.3
SV6822,Cybersecurity,80,High,3,6.4
SV6823,Web Development,9,Low,1,1.0
SV6824,Cybersecurity,26,Low,1,1.2
SV6825,Web Development,14,Low,1,1.2
SV6826,Machine Learning,59,Medium,2,4.1
SV6827,Software Engineering,30,Low,1,2.0
SV6828,Web Development,20,Low,1,1.4
SV6829,Mobile App Development,59,Medium,2,2.8
SV6830,Data Science,57,High,3,2.8
SV6831,Data Science,40,Low,1,1.3
SV6832,Artificial Intelligence,45,Medium,2,1.4
SV6833,Data Science,44,Low,1,1.2
SV6834,Artificial Intelligence,25,Low,1,1.7
SV6835,Data Science,50,High,3,3.5
SV6836,Web Development,35,Medium,2,2.0
SV6837,Mobile App Development,51,Medium,2,3.4
SV6838,Software Engineering,80,High,3,5.5
SV6839,Cybersecurity,50,High,3,4.2
SV6840,Database Systems,2,Low,1,1.2
SV6841,Data Science,13,Low,1,2.3
SV6842,Software Engineering,48,Low,1,4.0
SV6843,Software Engineering,76,High,3,5.9
SV6844,Web Development,90,High,3,5.3
SV6845,Machine Learning,0,Low,1,2.2
SV6846,Machine Learning,56,Medium,2,3.9
SV6847,Data Science,16,Low,1,0.8
SV6848,Database Systems,49,Medium,2,3.5
SV6849,Data Science,97,High,3,5.9
SV6850,Data Science,13,Low,1,0.7
SV6851,Artificial Intelligence,58,Medium,2,2.7
SV6852,Mobile App Development,80,Medium,2,5.9
SV6853,Mobile App Development,2,Low,1,0.9
SV6854,Database Systems,97,High,3,6.3
SV6855,Artificial Intelligence,39,Low,1,1.5
SV6856,Software Engineering,88,High,3,6.0
SV6857,Artificial Intelligence,65,Medium,2,3.7
SV6858,Data Science,33,Low,1,0.7
SV6859,Machine Learning,89,Medium,2,5.5
SV6860,Cloud Computing,94,High,3,5.6
SV6861,Database Systems,8,Low,1,1.3
SV6862,Software Engineering,93,High,3,6.2
SV6863,Web Development,83,High,3,6.0
SV6864,Cloud Computing,20,Low,1,1.4
SV6865,Cloud Computing,92,High,3,5.5
SV6866,Artificial Intelligence,24,Low,1,1.2
SV6867,Cybersecurity,43,Low,1,1.2
SV6868,Cloud Computing,24,Low,1,1.1
SV6869,Data Science,8,Low,1,1.3
SV6870,Computer Networks,61,Medium,2,3.6
SV6871,Machine Learning,25,Low,1,1.1
SV6872,Machine Learning,56,Medium,2,2.7
SV6873,Computer Networks,36,Low,1,1.6
SV6874,Mobile App Development,15,Low,1,1.1
SV6875,Data Science,36,Low,1,0.8
SV6876,Web Development,75,Medium,2,4.3
SV6877,Cloud Computing,23,Low,1,1.4
SV6878,Mobile App Development,25,Low,1,1.7
SV6879,Data Science,19,Medium,2,2.1
SV6880,Artificial Intelligence,8,Low,1,2.2
SV6881,Machine Learning,86,High,3,6.2
SV6882,Mobile App Development,28,Low,1,1.7
SV6883,Database Systems,30,Medium,2,0.9
SV6884,Cloud Computing,18,Low,1,2.3
SV6885,Cloud Computing,19,Low,1,1.9
SV6886,Web Development,86,Medium,2,6.3
SV6887,Cybersecurity,26,Medium,2,1.3
SV6888,Database Systems,93,Medium,2,5.2
SV6889,Cloud Computing,84,High,3,6.4
SV6890,Software Engineering,43,Low,1,0.8
SV6891,Database Systems,34,Low,1,2.0
SV6892,Cloud Computing,70,Medium,2,3.2
SV6893,Computer Networks,21,Low,1,1.5
SV6894,Database Systems,73,High,3,3.5
SV6895,Data Science,86,High,3,6.0
SV6896,Database Systems,14,Medium,2,1.3
SV6897,Web Development,93,High,3,5.7
SV6898,Artificial Intelligence,97,High,3,6.0
SV6899,Artificial Intelligence,12,Low,1,1.6
SV6900,Artificial Intelligence,3,Low,1,0.7
SV6901,Data Science,81,High,3,6.2
SV6902,Mobile App Development,55,Medium,2,4.0
SV6903,Artificial Intelligence,22,Medium,2,1.4
SV6904,Machine Learning,96,High,3,5.3
SV6905,Data Science,97,Medium,2,5.4
SV6906,Mobile App Development,33,Low,1,1.0
SV6907,Machine Learning,99,High,3,6.2
SV6908,Machine Learning,98,High,3,6.1
SV6909,Machine Learning,16,Low,1,1.0
SV6910,Software Engineering,27,Low,1,1.1
SV6911,Web Development,13,Low,1,1.7
SV6912,Web Development,33,Low,1,1.2
SV6913,Data Science,74,Medium,2,4.0
SV6914,Machine Learning,56,Medium,2,2.9
SV6915,Computer Networks,76,High,3,6.2
SV6916,Database Systems,96,High,3,6.3
SV6917,Mobile App Development,54,Low,1,3.4
SV6918,Web Development,65,Medium,2,3.9
SV6919,Artificial Intelligence,97,High,3,5.7
SV6920,Data Science,92,Medium,2,5.6
SV6921,Mobile App Development,36,Low,1,1.2
SV6922,Data Science,67,Medium,2,4.3
SV6923,Computer Networks,75,Medium,2,3.1
SV6924,Software Engineering,25,Low,1,1.0
SV6925,Software Engineering,60,Medium,2,3.9
SV6926,Machine Learning,91,Medium,2,6.8
SV6927,Software Engineering,66,Medium,2,3.6
SV6928,Data Science,83,High,3,6.3
SV6929,Artificial Intelligence,73,Medium,2,3.2
SV6930,Machine Learning,51,Medium,2,4.2
SV6931,Cloud Computing,17,Low,1,1.4
SV6932,Mobile App Development,52,Medium,2,2.8
SV6933,Computer Networks,62,Medium,2,3.0
SV6934,Machine Learning,52,Medium,2,3.4
SV6935,Data Science,26,Low,1,1.8
SV6936,Mobile App Development,30,Low,1,1.6
SV6937,Artificial Intelligence,90,High,3,6.2
SV6938,Cybersecurity,0,Low,1,1.9
SV6939,Computer Networks,5,Low,1,1.9
SV6940,Data Science,10,Low,1,1.6
SV6941,Computer Networks,33,Low,1,2.0
SV6942,Web Development,83,High,3,6.2
SV6943,Cybersecurity,62,Medium,2,4.1
SV6944,Mobile App Development,52,Medium,2,2.9
SV6945,Software Engineering,84,High,3,6.2
SV6946,Data Science,84,High,3,6.7
SV6947,Computer Networks,17,Low,1,1.1
SV6948,Mobile App Development,20,Low,1,1.9
SV6949,Software Engineering,18,Low,1,1.7
SV6950,Artificial Intelligence,3,Low,1,1.7
SV6951,Artificial Intelligence,76,High,3,5.5
SV6952,Computer Networks,81,High,3,6.5
SV6953,Machine Learning,28,Low,1,1.2
SV6954,Web Development,24,Low,1,2.0
SV6955,Machine Learning,55,Medium,2,3.3
SV6956,Web Development,76,High,3,6.0
SV6957,Data Science,62,Medium,2,3.9
SV6958,Cloud Computing,26,Low,1,1.8
SV6959,Computer Networks,59,Medium,2,3.2
SV6960,Database Systems,82,Medium,2,6.6
SV6961,Computer Networks,48,Medium,2,3.7
SV6962,Cybersecurity,64,Low,1,4.0
SV6963,Software Engineering,37,Low,1,2.1
SV6964,Cybersecurity,82,High,3,6.7
SV6965,Artificial Intelligence,51,Medium,2,2.7
SV6966,Web Development,0,Low,1,0.8
SV6967,Software Engineering,39,Low,1,1.1
SV6968,Artificial Intelligence,80,High,3,5.3
SV6969,Software Engineering,20,Low,1,0.9
SV6970,Machine Learning,85,High,3,6.5
SV6971,Artificial Intelligence,14,Low,1,0.7
SV6972,Machine Learning,49,Medium,2,2.8
SV6973,Machine Learning,47,Medium,2,4.3
SV6974,Software Engineering,31,Low,1,1.1
SV6975,Mobile App Development,48,Medium,2,4.3
SV6976,Cybersecurity,67,Medium,2,3.6
SV6977,Artificial Intelligence,44,Low,1,1.9
SV6978,Database Systems,31,Low,1,1.2
SV6979,Mobile App Development,3,Low,1,1.6
SV6980,Cybersecurity,64,Medium,2,3.1
SV6981,Artificial Intelligence,96,High,3,5.4
SV6982,Web Development,70,Medium,2,2.8
SV6983,Cybersecurity,72,Low,1,3.2
SV6984,Database Systems,64,Medium,2,3.5
SV6985,Computer Networks,79,High,3,6.4
SV6986,Data Science,17,Medium,2,1.9
SV6987,Machine Learning,53,Medium,2,4.2
SV6988,Data Science,46,Medium,2,3.5
SV6989,Mobile App Development,5,Low,1,1.1
SV6990,Computer Networks,65,Medium,2,3.2
SV6991,Machine Learning,8,Low,1,1.1
SV6992,Artificial Intelligence,67,Medium,2,3.9
SV6993,Mobile App Development,22,Low,1,1.8
SV6994,Database Systems,42,Low,1,1.6
SV6995,Software Engineering,50,Medium,2,3.6
SV6996,Artificial Intelligence,71,Low,1,3.8
SV6997,Cybersecurity,24,Low,1,1.4
SV6998,Software Engineering,79,High,3,5.2
SV6999,Mobile App Development,34,Low,1,0.9
SV7000,Cybersecurity,16,Low,1,1.1
SV7001,Database Systems,17,Medium,2,1.1
SV7002,Data Science,26,Low,1,0.9
SV7003,Cybersecurity,14,Low,1,2.3
SV7004,Data Science,80,High,3,6.6
SV7005,Machine Learning,68,High,3,3.6
SV7006,Web Development,79,High,3,6.3
SV7007,Cloud Computing,14,Low,1,1.0
SV7008,Artificial Intelligence,41,Low,1,1.2
SV7009,Cloud Computing,33,Low,1,2.1
SV7010,Machine Learning,47,Medium,2,3.2
SV7011,Cybersecurity,82,High,3,5.6
SV7012,Machine Learning,7,Low,1,1.5
SV7013,Cloud Computing,9,Low,1,1.2
SV7014,Cloud Computing,4,Low,1,1.5
SV7015,Artificial Intelligence,47,Medium,2,4.1
SV7016,Software Engineering,25,Low,1,1.7
SV7017,Computer Networks,85,High,3,5.9
SV7018,Machine Learning,22,Medium,2,2.1
SV7019,Web Development,61,Medium,2,3.1
SV7020,Computer Networks,12,Low,1,1.0
SV7021,Machine Learning,8,Medium,2,2.2
SV7022,Database Systems,19,Low,1,1.6
SV7023,Mobile App Development,91,High,3,5.8
SV7024,Mobile App Development,56,Medium,2,4.2
SV7025,Cloud Computing,100,High,3,5.4
SV7026,Mobile App Development,23,Low,1,1.3
SV7027,Data Science,32,Low,1,1.4
SV7028,Web Development,19,Low,1,1.9
SV7029,Mobile App Development,59,Medium,2,3.2
SV7030,Cybersecurity,47,Medium,2,4.1
SV7031,Data Science,63,Medium,2,3.2
SV7032,Computer Networks,29,Low,1,0.8
SV7033,Data Science,72,Medium,2,3.4
SV7034,Machine Learning,16,Low,1,1.0
SV7035,Cloud Computing,99,High,3,6.4
SV7036,Artificial Intelligence,13,Low,1,2.3
SV7037,Artificial Intelligence,18,Low,1,1.0
SV7038,Database Systems,70,Medium,2,3.6
SV7039,Web Development,58,Medium,2,3.0
SV7040,Machine Learning,66,Medium,2,3.4
SV7041,Artificial Intelligence,96,High,3,6.7
SV7042,Cloud Computing,43,Low,1,2.3
SV7043,Computer Networks,31,Low,1,1.4
SV7044,Artificial Intelligence,10,Low,1,1.8
SV7045,Cybersecurity,1,Low,1,1.2
SV7046,Data Science,89,High,3,6.2
SV7047,Artificial Intelligence,67,Medium,2,3.5
SV7048,Machine Learning,16,Low,1,1.5
SV7049,Mobile App Development,80,High,3,6.1
SV7050,Mobile App Development,91,High,3,6.2
SV7051,Computer Networks,93,High,3,6.2
SV7052,Mobile App Development,39,Low,1,1.6
SV7053,Computer Networks,86,Medium,2,6.8
SV7054,Machine Learning,45,Low,1,1.3
SV7055,Web Development,87,High,3,5.4
SV7056,Mobile App Development,92,High,3,5.9
SV7057,Database Systems,3,Low,1,1.1
SV7058,Cloud Computing,37,Low,1,1.1
SV7059,Data Science,62,Medium,2,4.0
SV7060,Mobile App Development,28,Low,1,1.3
SV7061,Computer Networks,18,Medium,2,0.9
SV7062,Machine Learning,90,High,3,5.9
SV7063,Mobile App Development,28,Low,1,1.1
SV7064,Artificial Intelligence,99,Medium,2,6.6
SV7065,Mobile App Development,34,Low,1,2.0
SV7066,Computer Networks,69,Medium,2,3.7
SV7067,Cybersecurity,22,Low,1,2.2
SV7068,Cybersecurity,45,Low,1,1.2
SV7069,Mobile App Development,43,Low,1,2.2
SV7070,Data Science,47,High,3,3.7
SV7071,Machine Learning,51,Medium,2,2.9
SV7072,Database Systems,7,Medium,2,1.4
SV7073,Database Systems,54,Medium,2,4.2
SV7074,Mobile App Development,65,Medium,2,3.9
SV7075,Mobile App Development,76,High,3,5.3
SV7076,Cybersecurity,39,Low,1,0.9
SV7077,Computer Networks,84,High,3,6.0
SV7078,Data Science,30,Low,1,2.3
SV7079,Mobile App Development,47,Medium,2,3.1
SV7080,Database Systems,99,High,3,5.5
SV7081,Machine Learning,60,High,3,3.2
SV7082,Web Development,51,Medium,2,4.1
SV7083,Artificial Intelligence,37,Low,1,1.3
SV7084,Mobile App Development,90,High,3,6.4
SV7085,Computer Networks,35,Low,1,1.7
SV7086,Mobile App Development,86,High,3,6.0
SV7087,Computer Networks,54,Medium,2,4.3
SV7088,Data Science,84,High,3,5.4
SV7089,Web Development,12,Low,1,1.7
SV7090,Cloud Computing,36,Low,1,2.2
SV7091,Machine Learning,46,Medium,2,3.4
SV7092,Machine Learning,89,High,3,6.0
SV7093,Computer Networks,70,Medium,2,2.8
SV7094,Cybersecurity,21,Low,1,2.1
SV7095,Computer Networks,38,Low,1,1.3
SV7096,Cybersecurity,86,High,3,6.5
SV7097,Software Engineering,57,High,3,3.3
SV7098,Database Systems,29,Low,1,1.4
SV7099,Machine Learning,17,Low,1,2.0
SV7100,Data Science,17,Low,1,1.5
SV7101,Computer Networks,73,Medium,2,3.2
SV7102,Data Science,38,Low,1,0.7
SV7103,Web Development,93,High,3,5.7
SV7104,Data Science,25,Low,1,0.9
SV7105,Mobile App Development,70,Medium,2,3.7
SV7106,Database Systems,6,Medium,2,2.2
SV7107,Mobile App Development,68,Medium,2,2.7
SV7108,Artificial Intelligence,64,Medium,2,3.7
SV7109,Computer Networks,45,Low,1,0.9
SV7110,Machine Learning,17,Low,1,2.2
SV7111,Computer Networks,12,Medium,2,0.9
SV7112,Database Systems,24,Low,1,0.8
SV7113,Cloud Computing,7,Low,1,1.9
SV7114,Cloud Computing,73,Medium,2,3.5
SV7115,Artificial Intelligence,31,Low,1,1.3
SV7116,Database Systems,16,Medium,2,1.1
SV7117,Software Engineering,78,High,3,6.4
SV7118,Software Engineering,78,High,3,6.7
SV7119,Software Engineering,47,Medium,2,3.5
SV7120,Machine Learning,62,Medium,2,4.2
SV7121,Machine Learning,39,Low,1,2.0
SV7122,Software Engineering,83,High,3,6.5
SV7123,Cloud Computing,14,Low,1,0.7
SV7124,Database Systems,98,Medium,2,6.3
SV7125,Data Science,5,Low,1,2.1
SV7126,Database Systems,93,High,3,5.2
SV7127,Software Engineering,62,Medium,2,3.0
SV7128,Database Systems,7,Low,1,1.7
SV7129,Web Development,94,High,3,5.9
SV7130,Machine Learning,31,Low,1,2.0
SV7131,Machine Learning,44,Low,1,1.5
SV7132,Cloud Computing,51,Medium,2,2.7
SV7133,Data Science,78,High,3,6.4
SV7134,Software Engineering,81,High,3,6.8
SV7135,Computer Networks,12,Low,1,2.2
SV7136,Cloud Computing,23,Low,1,1.9
SV7137,Cloud Computing,39,Low,1,1.9
SV7138,Data Science,13,Low,1,1.1
SV7139,Mobile App Development,91,Medium,2,6.6
SV7140,Software Engineering,74,Medium,2,3.8
SV7141,Computer Networks,69,Medium,2,4.1
SV7142,Machine Learning,61,Medium,2,4.1
SV7143,Data Science,88,High,3,6.4
SV7144,Computer Networks,60,Medium,2,2.7
SV7145,Web Development,0,Low,1,1.5
SV7146,Cloud Computing,88,High,3,6.7
SV7147,Data Science,65,Medium,2,4.2
SV7148,Machine Learning,31,Low,1,2.2
SV7149,Database Systems,12,Low,1,2.0
SV7150,Machine Learning,32,Low,1,1.6
SV7151,Web Development,31,Low,1,1.2
SV7152,Data Science,55,Medium,2,3.9
SV7153,Web Development,23,Low,1,1.5
SV7154,Software Engineering,90,High,3,5.3
SV7155,Software Engineering,3,Low,1,1.8
SV7156,Database Systems,87,Medium,2,6.4
SV7157,Cloud Computing,22,Low,1,2.0
SV7158,Mobile App Development,28,Low,1,2.0
SV7159,Cybersecurity,97,Medium,2,5.8
SV7160,Computer Networks,20,Low,1,2.1
SV7161,Web Development,29,Low,1,0.7
SV7162,Computer Networks,89,Medium,2,5.7
SV7163,Database Systems,19,Low,1,1.7
SV7164,Computer Networks,15,Low,1,2.2
SV7165,Computer Networks,66,High,3,3.8
SV7166,Machine Learning,48,Low,1,3.3
SV7167,Data Science,100,High,3,6.0
SV7168,Cloud Computing,57,Medium,2,4.2
SV7169,Cybersecurity,43,Low,1,0.9
SV7170,Data Science,24,Low,1,2.0
SV7171,Machine Learning,22,Low,1,1.1
SV7172,Computer Networks,58,Medium,2,3.8
SV7173,Cybersecurity,0,Low,1,1.0
SV7174,Machine Learning,96,High,3,6.3
SV7175,Machine Learning,14,Low,1,1.8
SV7176,Machine Learning,80,High,3,6.6
SV7177,Software Engineering,97,High,3,6.8
SV7178,Cybersecurity,80,High,3,6.2
SV7179,Machine Learning,51,Medium,2,3.4
SV7180,Mobile App Development,57,Medium,2,4.1
SV7181,Computer Networks,40,Low,1,1.5
SV7182,Cybersecurity,43,Low,1,0.7
SV7183,Software Engineering,3,Low,1,2.2
SV7184,Web Development,76,High,3,6.7
SV7185,Web Development,67,Low,1,3.8
SV7186,Cloud Computing,6,Low,1,2.0
SV7187,Artificial Intelligence,45,Low,1,0.9
SV7188,Mobile App Development,8,Low,1,1.1
SV7189,Web Development,86,High,3,6.3
SV7190,Software Engineering,32,Low,1,2.3
SV7191,Artificial Intelligence,32,Low,1,1.4
SV7192,Machine Learning,83,High,3,6.1
SV7193,Machine Learning,3,Low,1,2.0
SV7194,Database Systems,64,Low,1,3.0
SV7195,Computer Networks,33,Low,1,0.8
SV7196,Artificial Intelligence,90,Medium,2,5.3
SV7197,Computer Networks,84,High,3,5.6
SV7198,Software Engineering,87,High,3,6.3
SV7199,Mobile App Development,78,High,3,5.2
SV7200,Artificial Intelligence,98,High,3,5.7
SV7201,Web Development,63,Medium,2,3.4
SV7202,Mobile App Development,24,Low,1,1.7
SV7203,Database Systems,54,High,3,3.5
SV7204,Computer Networks,8,Low,1,1.0
SV7205,Computer Networks,16,Low,1,0.9
SV7206,Mobile App Development,20,Low,1,1.4
SV7207,Machine Learning,59,Medium,2,4.2
SV7208,Computer Networks,12,Medium,2,1.0
SV7209,Database Systems,2,Low,1,2.0
SV7210,Web Development,67,Medium,2,3.4
SV7211,Cybersecurity,3,Low,1,1.7
SV7212,Web Development,91,High,3,6.1
SV7213,Web Development,6,Low,1,1.6
SV7214,Computer Networks,25,Low,1,1.7
SV7215,Data Science,74,Medium,2,4.3
SV7216,Machine Learning,23,Low,1,1.3
SV7217,Computer Networks,9,Low,1,1.8
SV7218,Machine Learning,100,Medium,2,5.9
SV7219,Software Engineering,12,Low,1,1.5
SV7220,Data Science,43,Low,1,1.4
SV7221,Computer Networks,38,Medium,2,1.2
SV7222,Cloud Computing,18,Low,1,1.4
SV7223,Web Development,50,Medium,2,3.3
SV7224,Software Engineering,18,Low,1,1.8
SV7225,Data Science,75,Medium,2,3.7
SV7226,Computer Networks,51,Medium,2,3.9
SV7227,Database Systems,85,High,3,6.1
SV7228,Mobile App Development,46,Medium,2,4.1
SV7229,Mobile App Development,100,High,3,5.7
SV7230,Machine Learning,29,Low,1,1.0
SV7231,Data Science,45,Low,1,1.6
SV7232,Web Development,75,Medium,2,3.2
SV7233,Web Development,92,High,3,6.7
SV7234,Cybersecurity,20,Low,1,1.0
SV7235,Mobile App Development,74,Medium,2,3.6
SV7236,Software Engineering,100,High,3,5.8
SV7237,Data Science,47,Medium,2,3.7
SV7238,Web Development,61,Medium,2,3.9
SV7239,Cybersecurity,57,Low,1,3.6
SV7240,Data Science,17,Low,1,1.2
SV7241,Artificial Intelligence,58,Medium,2,3.0
SV7242,Web Development,90,High,3,6.3
SV7243,Artificial Intelligence,100,High,3,5.3
SV7244,Data Science,47,Medium,2,2.9
SV7245,Web Development,62,Medium,2,3.4
SV7246,Artificial Intelligence,11,Low,1,2.3
SV7247,Cloud Computing,86,High,3,6.5
SV7248,Cybersecurity,33,Low,1,2.3
SV7249,Software Engineering,60,Medium,2,4.1
SV7250,Mobile App Development,86,High,3,5.5
SV7251,Cybersecurity,52,Medium,2,2.8
SV7252,Artificial Intelligence,24,Low,1,1.6
SV7253,Web Development,61,Medium,2,4.0
SV7254,Cloud Computing,3,Low,1,2.0
SV7255,Cloud Computing,93,Medium,2,6.3
SV7256,Mobile App Development,93,Medium,2,5.6
SV7257,Cloud Computing,12,Low,1,1.1
SV7258,Cybersecurity,41,Low,1,2.2
SV7259,Computer Networks,48,Low,1,4.0
SV7260,Cloud Computing,77,Medium,2,5.4
SV7261,Mobile App Development,55,Medium,2,4.3
SV7262,Cloud Computing,46,Medium,2,4.1
SV7263,Cloud Computing,7,Medium,2,1.3
SV7264,Database Systems,54,Medium,2,3.9
SV7265,Cybersecurity,87,High,3,5.5
SV7266,Artificial Intelligence,17,Low,1,1.9
SV7267,Machine Learning,34,Low,1,1.1
SV7268,Computer Networks,88,High,3,6.7
SV7269,Cloud Computing,80,Medium,2,6.4
SV7270,Software Engineering,31,Low,1,2.0
SV7271,Cloud Computing,23,Medium,2,1.2
SV7272,Database Systems,6,Low,1,1.5
SV7273,Artificial Intelligence,12,Low,1,1.4
SV7274,Software Engineering,90,High,3,5.5
SV7275,Computer Networks,68,Medium,2,4.0
SV7276,Software Engineering,99,High,3,5.7
SV7277,Cybersecurity,89,High,3,6.4
SV7278,Mobile App Development,41,Low,1,1.1
SV7279,Mobile App Development,30,Low,1,2.0
SV7280,Computer Networks,73,Medium,2,3.8
SV7281,Artificial Intelligence,25,Low,1,1.6
SV7282,Mobile App Development,85,High,3,5.8
SV7283,Data Science,75,Medium,2,3.6
SV7284,Database Systems,31,Low,1,0.8
SV7285,Computer Networks,90,High,3,6.2
SV7286,Computer Networks,96,High,3,6.2
SV7287,Machine Learning,51,Medium,2,2.9
SV7288,Machine Learning,19,Low,1,1.7
SV7289,Cybersecurity,39,Low,1,1.7
SV7290,Cybersecurity,58,Medium,2,3.1
SV7291,Machine Learning,76,High,3,6.1
SV7292,Mobile App Development,13,Low,1,1.4
SV7293,Web Development,43,Medium,2,1.4
SV7294,Computer Networks,85,High,3,5.3
SV7295,Data Science,81,Medium,2,5.3
SV7296,Computer Networks,47,Medium,2,3.3
SV7297,Cloud Computing,92,High,3,6.4
SV7298,Artificial Intelligence,42,Low,1,1.1
SV7299,Database Systems,15,Low,1,1.2
SV7300,Web Development,34,Low,1,1.2
SV7301,Data Science,52,Medium,2,4.1
SV7302,Cloud Computing,33,Low,1,2.0
SV7303,Cybersecurity,2,Low,1,1.6
SV7304,Data Science,67,Medium,2,3.6
SV7305,Machine Learning,4,Low,1,1.6
SV7306,Computer Networks,9,Low,1,2.0
SV7307,Data Science,51,Medium,2,4.0
SV7308,Artificial Intelligence,28,Low,1,1.1
SV7309,Software Engineering,95,High,3,6.0
SV7310,Cybersecurity,30,Low,1,1.3
SV7311,Database Systems,65,Medium,2,3.1
SV7312,Database Systems,75,Medium,2,4.1
SV7313,Data Science,90,Medium,2,6.1
SV7314,Software Engineering,68,Low,1,2.8
SV7315,Computer Networks,36,Low,1,1.9
SV7316,Cloud Computing,26,Low,1,1.5
SV7317,Web Development,86,High,3,5.5
SV7318,Computer Networks,32,Low,1,0.9
SV7319,Cloud Computing,67,Medium,2,3.1
SV7320,Web Development,58,Medium,2,3.7
SV7321,Software Engineering,63,Low,1,2.8
SV7322,Web Development,84,High,3,5.2
SV7323,Computer Networks,87,High,3,6.1
SV7324,Artificial Intelligence,43,Low,1,1.1
SV7325,Data Science,94,High,3,6.0
SV7326,Cloud Computing,87,High,3,5.9
SV7327,Artificial Intelligence,48,Medium,2,4.3
SV7328,Cloud Computing,52,Medium,2,2.9
SV7329,Data Science,73,Medium,2,3.2
SV7330,Mobile App Development,48,Medium,2,4.2
SV7331,Web Development,65,Medium,2,3.0
SV7332,Software Engineering,94,High,3,6.4
SV7333,Mobile App Development,62,Medium,2,3.6
SV7334,Mobile App Development,24,Low,1,1.7
SV7335,Database Systems,3,Low,1,1.8
SV7336,Machine Learning,50,High,3,3.3
SV7337,Computer Networks,10,Low,1,0.7
SV7338,Artificial Intelligence,16,Low,1,0.8
SV7339,Artificial Intelligence,65,Medium,2,2.9
SV7340,Artificial Intelligence,69,Medium,2,3.7
SV7341,Artificial Intelligence,72,Low,1,3.8
SV7342,Computer Networks,68,Medium,2,3.8
SV7343,Mobile App Development,83,Medium,2,6.6
SV7344,Computer Networks,28,Low,1,1.3
SV7345,Artificial Intelligence,84,High,3,6.0
SV7346,Machine Learning,72,Medium,2,3.1
SV7347,Cybersecurity,91,High,3,6.6
SV7348,Data Science,71,Low,1,4.2
SV7349,Artificial Intelligence,94,High,3,6.0
SV7350,Software Engineering,19,Low,1,2.1
SV7351,Cybersecurity,26,Low,1,2.2
SV7352,Computer Networks,7,Low,1,1.0
SV7353,Software Engineering,84,High,3,6.0
SV7354,Software Engineering,60,Medium,2,4.2
SV7355,Cloud Computing,27,Low,1,1.8
SV7356,Software Engineering,86,High,3,5.4
SV7357,Artificial Intelligence,69,Medium,2,3.4
SV7358,Cloud Computing,2,Low,1,1.2
SV7359,Database Systems,68,Medium,2,2.7
SV7360,Mobile App Development,72,High,3,4.0
SV7361,Software Engineering,6,Low,1,2.3
SV7362,Machine Learning,59,Medium,2,4.1
SV7363,Data Science,3,Low,1,1.3
SV7364,Software Engineering,4,Low,1,0.9
SV7365,Database Systems,10,Low,1,1.4
SV7366,Web Development,14,Low,1,1.2
SV7367,Computer Networks,63,High,3,3.2
SV7368,Computer Networks,97,High,3,6.1
SV7369,Database Systems,12,Low,1,1.9
SV7370,Web Development,6,Low,1,0.8
SV7371,Computer Networks,5,Low,1,1.9
SV7372,Computer Networks,55,High,3,3.7
SV7373,Computer Networks,63,Low,1,3.3
SV7374,Database Systems,49,Low,1,3.9
SV7375,Mobile App Development,29,Low,1,1.0
SV7376,Data Science,21,Low,1,1.4
SV7377,Database Systems,24,Low,1,1.4
SV7378,Web Development,27,Low,1,1.3
SV7379,Software Engineering,83,High,3,5.7
SV7380,Mobile App Development,38,Low,1,1.7
SV7381,Mobile App Development,66,Medium,2,3.9
SV7382,Software Engineering,4,Low,1,2.0
SV7383,Machine Learning,64,Medium,2,3.5
SV7384,Cloud Computing,14,Low,1,1.1
SV7385,Data Science,89,High,3,6.2
SV7386,Data Science,66,Low,1,3.4
SV7387,Machine Learning,39,Low,1,2.2
SV7388,Cloud Computing,97,High,3,5.6
SV7389,Data Science,68,Medium,2,2.8
SV7390,Web Development,94,High,3,6.4
SV7391,Cybersecurity,76,High,3,5.6
SV7392,Cybersecurity,42,Medium,2,2.0
SV7393,Data Science,0,Low,1,2.1
SV7394,Artificial Intelligence,21,Low,1,0.9
SV7395,Data Science,61,Medium,2,3.4
SV7396,Software Engineering,78,High,3,6.5
SV7397,Software Engineering,25,Low,1,0.8
SV7398,Cloud Computing,17,Low,1,1.1
SV7399,Computer Networks,47,Medium,2,3.7
SV7400,Mobile App Development,8,Low,1,1.5
SV7401,Web Development,0,Low,1,1.9
SV7402,Machine Learning,8,Low,1,2.2
SV7403,Data Science,22,Medium,2,2.3
SV7404,Computer Networks,44,Low,1,2.2
SV7405,Computer Networks,1,Low,1,2.1
SV7406,Web Development,13,Medium,2,2.1
SV7407,Machine Learning,37,Low,1,1.4
SV7408,Software Engineering,39,Low,1,1.2
SV7409,Database Systems,62,Medium,2,3.1
SV7410,Web Development,81,High,3,6.1
SV7411,Computer Networks,15,Low,1,2.2
SV7412,Cybersecurity,92,High,3,6.5
SV7413,Data Science,74,Medium,2,4.0
SV7414,Cloud Computing,5,Low,1,1.0
SV7415,Cybersecurity,2,Medium,2,1.8
SV7416,Computer Networks,13,Low,1,1.4
SV7417,Mobile App Development,65,Medium,2,3.6
SV7418,Artificial Intelligence,95,High,3,5.9
SV7419,Machine Learning,94,High,3,6.1
SV7420,Software Engineering,74,Medium,2,4.2
SV7421,Data Science,85,High,3,6.6
SV7422,Cloud Computing,66,Medium,2,3.7
SV7423,Database Systems,30,Low,1,0.9
SV7424,Software Engineering,32,Low,1,1.3
SV7425,Data Science,87,High,3,6.1
SV7426,Database Systems,0,Low,1,2.3
SV7427,Cloud Computing,43,Low,1,1.3
SV7428,Computer Networks,14,Low,1,1.2
SV7429,Artificial Intelligence,36,Low,1,2.0
SV7430,Cybersecurity,26,Medium,2,1.9
SV7431,Cybersecurity,47,Medium,2,3.4
SV7432,Computer Networks,26,Low,1,1.4
SV7433,Software Engineering,11,Low,1,1.0
SV7434,Computer Networks,66,High,3,3.9
SV7435,Computer Networks,29,Low,1,2.2
SV7436,Data Science,95,High,3,5.3
SV7437,Data Science,86,High,3,6.8
SV7438,Cloud Computing,65,Medium,2,2.8
SV7439,Artificial Intelligence,6,Low,1,0.8
SV7440,Data Science,33,Low,1,1.1
SV7441,Cloud Computing,31,Medium,2,1.4
SV7442,Mobile App Development,38,Low,1,1.2
SV7443,Computer Networks,95,High,3,6.7
SV7444,Computer Networks,42,Low,1,1.6
SV7445,Software Engineering,42,Low,1,1.9
SV7446,Mobile App Development,77,High,3,5.9
SV7447,Software Engineering,2,Low,1,1.4
SV7448,Database Systems,45,Low,1,1.8
SV7449,Cloud Computing,31,Low,1,0.7
SV7450,Cloud Computing,42,Low,1,2.2
SV7451,Computer Networks,99,High,3,6.1
SV7452,Web Development,80,High,3,5.3
SV7453,Database Systems,2,Low,1,1.4
SV7454,Cloud Computing,73,Medium,2,3.0
SV7455,Data Science,62,Medium,2,3.8
SV7456,Computer Networks,39,Low,1,1.5
SV7457,Software Engineering,17,Medium,2,1.0
SV7458,Mobile App Development,66,Medium,2,3.7
SV7459,Software Engineering,61,Medium,2,2.8
SV7460,Cybersecurity,9,Low,1,1.2
SV7461,Web Development,51,Low,1,4.0
SV7462,Cloud Computing,72,High,3,2.8
SV7463,Artificial Intelligence,45,Low,1,0.7
SV7464,Machine Learning,54,Medium,2,3.2
SV7465,Web Development,45,Low,1,2.2
SV7466,Computer Networks,74,Medium,2,3.5
SV7467,Cloud Computing,59,Medium,2,2.7
SV7468,Mobile App Development,96,High,3,5.3
SV7469,Cloud Computing,99,High,3,5.4
SV7470,Machine Learning,25,Low,1,2.3
SV7471,Mobile App Development,26,Low,1,1.4
SV7472,Software Engineering,37,Low,1,0.8
SV7473,Mobile App Development,21,Low,1,0.8
SV7474,Web Development,25,Low,1,1.0
SV7475,Software Engineering,85,High,3,5.5
SV7476,Cloud Computing,68,Low,1,3.6
SV7477,Computer Networks,34,Low,1,1.3
SV7478,Database Systems,65,Medium,2,3.9
SV7479,Computer Networks,98,High,3,5.8
SV7480,Cloud Computing,72,Medium,2,3.6
SV7481,Machine Learning,50,Medium,2,3.2
SV7482,Database Systems,17,Low,1,1.0
SV7483,Cloud Computing,42,Low,1,2.3
SV7484,Artificial Intelligence,11,Low,1,1.2
SV7485,Web Development,2,Low,1,1.2
SV7486,Artificial Intelligence,81,High,3,6.7
SV7487,Software Engineering,6,Low,1,1.9
SV7488,Cybersecurity,96,High,3,6.5
SV7489,Cloud Computing,5,Low,1,0.8
SV7490,Data Science,81,High,3,5.3
SV7491,Data Science,44,Low,1,2.1
SV7492,Mobile App Development,85,Medium,2,6.1
SV7493,Computer Networks,38,Low,1,2.3
SV7494,Computer Networks,50,Medium,2,3.1
SV7495,Computer Networks,8,Low,1,1.8
SV7496,Artificial Intelligence,98,High,3,6.6
SV7497,Web Development,22,Low,1,0.9
SV7498,Cloud Computing,11,Low,1,2.2
SV7499,Machine Learning,87,High,3,6.7
SV7500,Mobile App Development,61,High,3,4.1
SV7501,Software Engineering,72,High,3,4.1
SV7502,Database Systems,76,High,3,6.3
SV7503,Software Engineering,39,Low,1,0.9
SV7504,Cloud Computing,53,Medium,2,2.7
SV7505,Cybersecurity,80,High,3,6.7
SV7506,Computer Networks,6,Low,1,1.2
SV7507,Database Systems,16,Low,1,1.5
SV7508,Artificial Intelligence,49,Medium,2,4.1
SV7509,Cloud Computing,23,Low,1,1.8
SV7510,Cybersecurity,1,Low,1,1.5
SV7511,Artificial Intelligence,98,High,3,5.5
SV7512,Cybersecurity,91,High,3,5.3
SV7513,Computer Networks,82,High,3,6.7
SV7514,Artificial Intelligence,32,Medium,2,1.1
SV7515,Web Development,20,Low,1,1.9
SV7516,Data Science,73,Low,1,3.5
SV7517,Software Engineering,52,Medium,2,3.6
SV7518,Web Development,45,Low,1,1.5
SV7519,Database Systems,44,Medium,2,1.7
SV7520,Mobile App Development,8,Low,1,1.2
SV7521,Data Science,5,Low,1,1.1
SV7522,Web Development,50,Medium,2,3.1
SV7523,Cloud Computing,34,Low,1,1.8
SV7524,Cybersecurity,81,High,3,5.5
SV7525,Database Systems,52,Medium,2,3.8
SV7526,Cloud Computing,18,Low,1,0.8
SV7527,Data Science,68,Medium,2,3.3
SV7528,Cybersecurity,24,Low,1,0.8
SV7529,Database Systems,10,Low,1,2.2
SV7530,Mobile App Development,73,Medium,2,3.5
SV7531,Data Science,16,Medium,2,1.7
SV7532,Database Systems,35,Low,1,1.2
SV7533,Web Development,89,High,3,5.4
SV7534,Database Systems,94,High,3,5.3
SV7535,Data Science,95,High,3,5.3
SV7536,Computer Networks,20,Low,1,2.0
SV7537,Web Development,17,Low,1,2.0
SV7538,Cloud Computing,59,Medium,2,3.5
SV7539,Data Science,17,Low,1,2.2
SV7540,Computer Networks,0,Low,1,1.8
SV7541,Machine Learning,13,Low,1,1.4
SV7542,Mobile App Development,7,Low,1,1.4
SV7543,Computer Networks,65,Medium,2,4.0
SV7544,Machine Learning,50,High,3,3.2
SV7545,Software Engineering,78,High,3,5.2
SV7546,Cybersecurity,59,High,3,3.2
SV7547,Computer Networks,33,Low,1,2.2
SV7548,Artificial Intelligence,35,Low,1,1.6
SV7549,Mobile App Development,61,Medium,2,3.5
SV7550,Computer Networks,0,Medium,2,1.6
SV7551,Machine Learning,84,High,3,5.2
SV7552,Artificial Intelligence,41,Low,1,1.6
SV7553,Mobile App Development,0,Low,1,1.7
SV7554,Artificial Intelligence,95,High,3,6.5
SV7555,Web Development,83,Medium,2,6.4
SV7556,Machine Learning,53,Medium,2,3.3
SV7557,Database Systems,46,High,3,3.0
SV7558,Web Development,99,High,3,5.7
SV7559,Mobile App Development,38,Low,1,1.6
SV7560,Mobile App Development,29,Low,1,1.8
SV7561,Data Science,6,Low,1,1.9
SV7562,Machine Learning,21,Low,1,1.2
SV7563,Software Engineering,49,Medium,2,2.9
SV7564,Software Engineering,44,Low,1,0.8
SV7565,Mobile App Development,73,Medium,2,4.1
SV7566,Software Engineering,71,Medium,2,3.7
SV7567,Cybersecurity,90,High,3,6.3
SV7568,Data Science,9,Low,1,2.3
SV7569,Mobile App Development,13,Low,1,1.7
SV7570,Software Engineering,45,Low,1,2.1
SV7571,Machine Learning,74,Medium,2,2.7
SV7572,Computer Networks,5,Low,1,0.9
SV7573,Database Systems,20,Low,1,2.0
SV7574,Web Development,61,Medium,2,3.0
SV7575,Web Development,96,High,3,6.0
SV7576,Cybersecurity,18,Low,1,1.3
SV7577,Artificial Intelligence,87,High,3,5.7
SV7578,Machine Learning,81,Medium,2,5.7
SV7579,Artificial Intelligence,98,High,3,6.3
SV7580,Data Science,61,Medium,2,2.9
SV7581,Database Systems,100,High,3,6.3
SV7582,Data Science,82,High,3,6.5
SV7583,Mobile App Development,52,High,3,3.0
SV7584,Machine Learning,23,Low,1,0.7
SV7585,Mobile App Development,55,Medium,2,3.4
SV7586,Cloud Computing,61,Medium,2,3.9
SV7587,Software Engineering,33,Low,1,0.9
SV7588,Web Development,21,Low,1,1.2
SV7589,Computer Networks,67,Medium,2,4.0
SV7590,Mobile App Development,56,Medium,2,3.6
SV7591,Artificial Intelligence,9,Low,1,1.5
SV7592,Cloud Computing,65,Medium,2,3.5
SV7593,Web Development,7,Low,1,1.1
SV7594,Mobile App Development,96,High,3,5.4
SV7595,Cloud Computing,37,Low,1,1.4
SV7596,Cloud Computing,61,Medium,2,4.3
SV7597,Machine Learning,27,Medium,2,2.3
SV7598,Data Science,9,Low,1,2.1
SV7599,Cloud Computing,44,Low,1,0.7
SV7600,Cybersecurity,64,Medium,2,3.5
SV7601,Data Science,97,High,3,6.1
SV7602,Web Development,66,Medium,2,3.3
SV7603,Web Development,8,Low,1,1.2
SV7604,Web Development,4,Medium,2,0.8
SV7605,Web Development,9,Low,1,1.1
SV7606,Cybersecurity,11,Low,1,0.9
SV7607,Mobile App Development,81,High,3,5.9
SV7608,Database Systems,57,Medium,2,3.0
SV7609,Cloud Computing,20,Low,1,0.9
SV7610,Web Development,20,Medium,2,1.6
SV7611,Data Science,64,Medium,2,3.4
SV7612,Data Science,2,Low,1,1.0
SV7613,Cloud Computing,68,Medium,2,4.2
SV7614,Mobile App Development,88,High,3,6.6
SV7615,Computer Networks,63,Medium,2,4.2
SV7616,Computer Networks,48,Medium,2,3.3
SV7617,Database Systems,71,Medium,2,3.8
SV7618,Mobile App Development,16,Low,1,1.5
SV7619,Cloud Computing,72,Medium,2,2.7
SV7620,Computer Networks,31,Low,1,1.3
SV7621,Computer Networks,69,Medium,2,3.6
SV7622,Computer Networks,20,Low,1,1.8
SV7623,Artificial Intelligence,6,Low,1,1.9
SV7624,Cybersecurity,6,Low,1,1.8
SV7625,Cloud Computing,26,Low,1,1.9
SV7626,Software Engineering,7,Low,1,1.4
SV7627,Machine Learning,72,Medium,2,2.8
SV7628,Machine Learning,27,Low,1,1.7
SV7629,Mobile App Development,78,High,3,5.8
SV7630,Cloud Computing,65,Medium,2,3.5
SV7631,Cloud Computing,70,Medium,2,3.4
SV7632,Machine Learning,46,Medium,2,3.5
SV7633,Database Systems,81,Medium,2,5.6
SV7634,Machine Learning,85,High,3,6.3
SV7635,Cloud Computing,9,Low,1,2.3
SV7636,Computer Networks,32,Low,1,1.6
SV7637,Database Systems,6,Low,1,2.1
SV7638,Web Development,2,Low,1,1.0
SV7639,Software Engineering,13,Medium,2,1.2
SV7640,Artificial Intelligence,43,Low,1,2.0
SV7641,Cybersecurity,45,Low,1,2.2
SV7642,Web Development,60,Medium,2,4.3
SV7643,Data Science,35,Low,1,1.2
SV7644,Machine Learning,12,Low,1,1.9
SV7645,Software Engineering,15,Low,1,0.8
SV7646,Machine Learning,79,High,3,6.7
SV7647,Machine Learning,4,Low,1,1.1
SV7648,Web Development,88,Medium,2,5.6
SV7649,Computer Networks,37,Low,1,2.2
SV7650,Computer Networks,49,Low,1,3.6
SV7651,Artificial Intelligence,37,Low,1,1.1
SV7652,Database Systems,55,Medium,2,3.8
SV7653,Machine Learning,62,Medium,2,3.4
SV7654,Mobile App Development,47,Medium,2,3.2
SV7655,Computer Networks,89,High,3,5.5
SV7656,Cloud Computing,58,Medium,2,2.8
SV7657,Software Engineering,76,High,3,6.2
SV7658,Mobile App Development,43,Low,1,0.8
SV7659,Web Development,89,High,3,6.1
SV7660,Web Development,54,Medium,2,3.4
SV7661,Artificial Intelligence,54,Medium,2,2.7
SV7662,Artificial Intelligence,0,Low,1,0.9
SV7663,Database Systems,7,Low,1,2.2
SV7664,Cloud Computing,3,Low,1,1.5
SV7665,Software Engineering,84,High,3,5.3
SV7666,Cloud Computing,85,High,3,6.5
SV7667,Data Science,52,Medium,2,3.3
SV7668,Artificial Intelligence,57,Medium,2,3.9
SV7669,Database Systems,36,Low,1,0.9
SV7670,Cybersecurity,48,Medium,2,3.3
SV7671,Machine Learning,66,Low,1,3.5
SV7672,Machine Learning,18,Low,1,1.5
SV7673,Cybersecurity,0,Low,1,1.4
SV7674,Computer Networks,28,Low,1,0.8
SV7675,Cloud Computing,86,Medium,2,5.8
SV7676,Cybersecurity,32,Low,1,2.2
SV7677,Database Systems,51,Medium,2,3.2
SV7678,Software Engineering,40,Low,1,1.3
SV7679,Cybersecurity,22,Low,1,1.1
SV7680,Database Systems,4,Low,1,0.8
SV7681,Artificial Intelligence,70,Medium,2,3.0
SV7682,Mobile App Development,56,Medium,2,3.8
SV7683,Web Development,5,Low,1,1.8
SV7684,Web Development,48,Medium,2,4.2
SV7685,Data Science,21,Low,1,1.0
SV7686,Cloud Computing,76,High,3,5.8
SV7687,Software Engineering,75,Medium,2,3.0
SV7688,Mobile App Development,3,Low,1,1.5
SV7689,Mobile App Development,71,High,3,3.3
SV7690,Artificial Intelligence,63,Low,1,3.8
SV7691,Cybersecurity,36,Low,1,1.1
SV7692,Cloud Computing,30,Low,1,1.9
SV7693,Machine Learning,36,Low,1,1.6
SV7694,Mobile App Development,44,Low,1,1.2
SV7695,Database Systems,89,High,3,6.7
SV7696,Machine Learning,7,Low,1,0.7
SV7697,Data Science,39,Low,1,1.4
SV7698,Cybersecurity,96,High,3,6.5
SV7699,Cybersecurity,92,High,3,6.4
SV7700,Software Engineering,4,Low,1,1.0
SV7701,Mobile App Development,27,Low,1,1.6
SV7702,Artificial Intelligence,80,Medium,2,6.2
SV7703,Computer Networks,86,High,3,5.4
SV7704,Computer Networks,8,Low,1,1.6
SV7705,Web Development,1,Low,1,2.1
SV7706,Database Systems,62,Low,1,2.9
SV7707,Machine Learning,95,High,3,6.0
SV7708,Data Science,50,Medium,2,3.3
SV7709,Web Development,30,Low,1,2.0
SV7710,Cybersecurity,6,Low,1,1.1
SV7711,Machine Learning,29,Low,1,0.7
SV7712,Cloud Computing,57,Medium,2,3.0
SV7713,Mobile App Development,2,Low,1,2.0
SV7714,Data Science,50,Medium,2,3.9
SV7715,Cloud Computing,55,Medium,2,3.2
SV7716,Artificial Intelligence,72,Medium,2,3.4
SV7717,Mobile App Development,9,Low,1,2.2
SV7718,Machine Learning,60,Medium,2,4.1
SV7719,Mobile App Development,49,Medium,2,2.8
SV7720,Web Development,46,Medium,2,2.9
SV7721,Software Engineering,89,High,3,6.6
SV7722,Web Development,0,Low,1,0.9
SV7723,Artificial Intelligence,93,High,3,6.5
SV7724,Database Systems,56,High,3,3.0
SV7725,Cloud Computing,37,Low,1,1.2
SV7726,Web Development,61,Low,1,4.0
SV7727,Software Engineering,78,High,3,6.2
SV7728,Database Systems,88,High,3,5.8
SV7729,Web Development,69,Medium,2,3.9
SV7730,Cybersecurity,81,High,3,5.8
SV7731,Software Engineering,64,Medium,2,2.7
SV7732,Cloud Computing,61,Low,1,3.7
SV7733,Data Science,55,Medium,2,3.4
SV7734,Computer Networks,66,Medium,2,3.5
SV7735,Database Systems,16,Low,1,1.0
SV7736,Cybersecurity,7,Low,1,1.6
SV7737,Data Science,59,Low,1,3.7
SV7738,Machine Learning,39,Low,1,2.0
SV7739,Software Engineering,80,High,3,6.2
SV7740,Cybersecurity,88,High,3,5.3
SV7741,Mobile App Development,61,Medium,2,3.9
SV7742,Machine Learning,40,Low,1,1.6
SV7743,Machine Learning,11,Low,1,1.0
SV7744,Database Systems,92,Medium,2,6.3
SV7745,Software Engineering,88,High,3,6.6
SV7746,Cybersecurity,99,High,3,6.5
SV7747,Artificial Intelligence,53,Medium,2,2.8
SV7748,Cybersecurity,88,High,3,5.5
SV7749,Web Development,92,High,3,5.8
SV7750,Machine Learning,10,Low,1,1.2
SV7751,Cloud Computing,59,Medium,2,3.2
SV7752,Machine Learning,67,Low,1,3.5
SV7753,Machine Learning,77,High,3,6.6
SV7754,Computer Networks,45,Low,1,1.4
SV7755,Mobile App Development,37,Low,1,1.2
SV7756,Artificial Intelligence,60,Low,1,3.8
SV7757,Data Science,16,Low,1,2.0
SV7758,Data Science,65,Medium,2,3.0
SV7759,Mobile App Development,71,Medium,2,3.7
SV7760,Machine Learning,35,Low,1,1.9
SV7761,Data Science,73,Medium,2,2.8
SV7762,Software Engineering,6,Low,1,0.8
SV7763,Artificial Intelligence,99,High,3,5.9
SV7764,Data Science,15,Medium,2,2.1
SV7765,Mobile App Development,13,Low,1,0.7
SV7766,Web Development,79,High,3,6.3
SV7767,Data Science,24,Low,1,2.0
SV7768,Artificial Intelligence,3,Medium,2,1.3
SV7769,Database Systems,28,Low,1,0.9
SV7770,Database Systems,55,Medium,2,2.7
SV7771,Software Engineering,5,Low,1,1.8
SV7772,Cybersecurity,0,Low,1,1.7
SV7773,Cybersecurity,38,Low,1,1.8
SV7774,Data Science,0,Low,1,2.2
SV7775,Cloud Computing,62,Medium,2,4.0
SV7776,Web Development,56,Medium,2,3.6
SV7777,Mobile App Development,66,Medium,2,3.0
SV7778,Web Development,64,Medium,2,4.0
SV7779,Database Systems,64,Medium,2,3.4
SV7780,Data Science,20,Low,1,1.2
SV7781,Artificial Intelligence,29,Low,1,1.5
SV7782,Mobile App Development,95,High,3,5.4
SV7783,Web Development,32,Low,1,1.3
SV7784,Artificial Intelligence,47,High,3,4.1
SV7785,Mobile App Development,21,Low,1,2.3
SV7786,Web Development,93,High,3,5.5
SV7787,Software Engineering,53,Medium,2,3.1
SV7788,Database Systems,3,Low,1,2.2
SV7789,Machine Learning,86,High,3,5.6
SV7790,Mobile App Development,54,Medium,2,2.8
SV7791,Database Systems,43,Low,1,0.8
SV7792,Computer Networks,88,High,3,6.3
SV7793,Cloud Computing,11,Low,1,0.8
SV7794,Data Science,80,High,3,5.7
SV7795,Computer Networks,78,High,3,5.8
SV7796,Artificial Intelligence,73,Medium,2,3.7
SV7797,Mobile App Development,98,High,3,5.9
SV7798,Data Science,51,Medium,2,2.9
SV7799,Data Science,92,High,3,5.4
SV7800,Computer Networks,75,Medium,2,2.9
SV7801,Computer Networks,64,Medium,2,3.6
SV7802,Machine Learning,64,High,3,4.0
SV7803,Web Development,9,Low,1,1.6
SV7804,Mobile App Development,17,Low,1,2.0
SV7805,Database Systems,46,Medium,2,3.6
SV7806,Cybersecurity,65,Medium,2,3.9
SV7807,Mobile App Development,48,Medium,2,3.0
SV7808,Mobile App Development,71,Medium,2,4.1
SV7809,Mobile App Development,21,Low,1,2.3
SV7810,Data Science,85,High,3,5.9
SV7811,Artificial Intelligence,25,Low,1,2.2
SV7812,Data Science,89,High,3,6.0
SV7813,Artificial Intelligence,8,Low,1,1.5
SV7814,Computer Networks,20,Low,1,1.2
SV7815,Cybersecurity,94,High,3,6.7
SV7816,Data Science,62,Low,1,3.9
SV7817,Artificial Intelligence,5,Low,1,1.0
SV7818,Data Science,13,Low,1,1.8
SV7819,Cloud Computing,32,Low,1,0.8
SV7820,Data Science,70,High,3,3.9
SV7821,Cybersecurity,23,Low,1,1.5
SV7822,Cybersecurity,72,Low,1,3.2
SV7823,Artificial Intelligence,74,Medium,2,3.5
SV7824,Artificial Intelligence,86,High,3,6.4
SV7825,Computer Networks,50,Medium,2,3.6
SV7826,Cybersecurity,1,Low,1,1.4
SV7827,Cybersecurity,14,Low,1,1.7
SV7828,Machine Learning,34,Low,1,0.7
SV7829,Mobile App Development,35,Low,1,1.5
SV7830,Software Engineering,91,High,3,6.1
SV7831,Data Science,38,Low,1,1.7
SV7832,Web Development,3,Medium,2,1.5
SV7833,Computer Networks,63,Medium,2,3.9
SV7834,Mobile App Development,73,High,3,3.0
SV7835,Software Engineering,5,Low,1,2.1
SV7836,Machine Learning,56,Medium,2,3.2
SV7837,Web Development,29,Medium,2,1.7
SV7838,Artificial Intelligence,98,High,3,6.5
SV7839,Cybersecurity,73,Medium,2,3.0
SV7840,Cloud Computing,95,High,3,6.1
SV7841,Computer Networks,66,Medium,2,3.4
SV7842,Database Systems,89,High,3,5.7
SV7843,Cybersecurity,14,Low,1,1.0
SV7844,Cloud Computing,16,Low,1,2.1
SV7845,Software Engineering,90,High,3,6.5
SV7846,Artificial Intelligence,17,Low,1,0.8
SV7847,Web Development,18,Low,1,1.9
SV7848,Software Engineering,75,Medium,2,3.7
SV7849,Cybersecurity,87,High,3,5.8
SV7850,Cybersecurity,68,Medium,2,3.3
SV7851,Web Development,23,Medium,2,1.2
SV7852,Database Systems,90,High,3,5.8
SV7853,Cloud Computing,47,Medium,2,3.8
SV7854,Software Engineering,29,Medium,2,2.1
SV7855,Artificial Intelligence,14,Low,1,1.4
SV7856,Cybersecurity,46,Medium,2,4.2
SV7857,Software Engineering,43,Low,1,1.4
SV7858,Database Systems,97,High,3,5.8
SV7859,Software Engineering,26,Low,1,2.1
SV7860,Web Development,83,High,3,5.6
SV7861,Artificial Intelligence,63,Medium,2,3.3
SV7862,Machine Learning,40,Medium,2,2.3
SV7863,Web Development,95,High,3,6.0
SV7864,Software Engineering,67,Low,1,3.8
SV7865,Machine Learning,4,Low,1,1.7
SV7866,Cybersecurity,52,Medium,2,3.5
SV7867,Machine Learning,7,Medium,2,0.7
SV7868,Database Systems,21,Low,1,1.4
SV7869,Data Science,6,Low,1,1.8
SV7870,Database Systems,21,Low,1,1.2
SV7871,Web Development,45,Low,1,1.0
SV7872,Data Science,29,Low,1,1.1
SV7873,Web Development,100,High,3,5.6
SV7874,Computer Networks,15,Low,1,1.9
SV7875,Artificial Intelligence,78,High,3,6.2
SV7876,Mobile App Development,4,Low,1,0.9
SV7877,Cybersecurity,66,Medium,2,3.2
SV7878,Cybersecurity,22,Low,1,1.6
SV7879,Computer Networks,60,Medium,2,4.0
SV7880,Software Engineering,73,Low,1,2.9
SV7881,Cloud Computing,4,Low,1,1.6
SV7882,Web Development,22,Low,1,1.1
SV7883,Mobile App Development,78,High,3,6.7
SV7884,Mobile App Development,81,High,3,6.4
SV7885,Database Systems,24,Low,1,0.8
SV7886,Database Systems,7,Low,1,0.8
SV7887,Cloud Computing,94,High,3,5.6
SV7888,Software Engineering,20,Low,1,1.2
SV7889,Computer Networks,1,Low,1,1.0
SV7890,Machine Learning,21,Low,1,0.9
SV7891,Database Systems,71,Medium,2,4.0
SV7892,Software Engineering,86,High,3,5.3
SV7893,Artificial Intelligence,95,High,3,6.6
SV7894,Cybersecurity,71,Medium,2,2.9
SV7895,Cybersecurity,67,Medium,2,3.1
SV7896,Software Engineering,63,Medium,2,3.6
SV7897,Cloud Computing,93,High,3,5.4
SV7898,Computer Networks,18,Low,1,1.3
SV7899,Mobile App Development,86,High,3,5.4
SV7900,Cloud Computing,81,High,3,5.9
SV7901,Software Engineering,52,Medium,2,3.1
SV7902,Computer Networks,92,Medium,2,6.6
SV7903,Computer Networks,86,High,3,6.3
SV7904,Web Development,96,High,3,6.1
SV7905,Data Science,51,Medium,2,3.1
SV7906,Cybersecurity,46,High,3,3.8
SV7907,Software Engineering,81,High,3,5.9
SV7908,Mobile App Development,53,Medium,2,3.8
SV7909,Data Science,43,Low,1,1.7
SV7910,Artificial Intelligence,96,High,3,5.2
SV7911,Database Systems,6,Low,1,0.9
SV7912,Web Development,91,High,3,5.7
SV7913,Database Systems,0,Low,1,1.5
SV7914,Data Science,62,High,3,3.4
SV7915,Data Science,97,High,3,6.2
SV7916,Database Systems,38,Low,1,0.9
SV7917,Mobile App Development,18,Low,1,0.7
SV7918,Mobile App Development,30,Low,1,1.4
SV7919,Machine Learning,76,High,3,6.5
SV7920,Artificial Intelligence,23,Low,1,2.2
SV7921,Mobile App Development,68,Medium,2,2.7
SV7922,Artificial Intelligence,86,High,3,5.7
SV7923,Artificial Intelligence,82,High,3,5.7
SV7924,Data Science,64,Medium,2,3.5
SV7925,Artificial Intelligence,32,Low,1,0.9
SV7926,Web Development,58,Medium,2,3.1
SV7927,Database Systems,32,Low,1,1.5
SV7928,Machine Learning,31,Low,1,1.1
SV7929,Software Engineering,58,Medium,2,4.0
SV7930,Cloud Computing,91,High,3,6.2
SV7931,Machine Learning,100,High,3,6.5
SV7932,Web Development,40,Low,1,1.2
SV7933,Machine Learning,11,Low,1,2.2
SV7934,Artificial Intelligence,72,High,3,3.1
SV7935,Data Science,10,Low,1,2.0
SV7936,Cloud Computing,96,High,3,5.5
SV7937,Mobile App Development,18,Low,1,1.4
SV7938,Data Science,53,Medium,2,4.1
SV7939,Artificial Intelligence,56,Medium,2,3.0
SV7940,Artificial Intelligence,41,Low,1,1.9
SV7941,Cloud Computing,97,High,3,6.0
SV7942,Cloud Computing,70,Medium,2,2.9
SV7943,Cybersecurity,30,Low,1,2.3
SV7944,Computer Networks,51,Low,1,3.5
SV7945,Computer Networks,1,Low,1,1.6
SV7946,Data Science,82,High,3,6.1
SV7947,Mobile App Development,37,Low,1,1.3
SV7948,Machine Learning,31,Low,1,0.7
SV7949,Artificial Intelligence,9,Low,1,1.1
SV7950,Artificial Intelligence,7,Low,1,1.1
SV7951,Cybersecurity,89,Medium,2,5.4
SV7952,Data Science,93,High,3,5.7
SV7953,Data Science,74,Medium,2,2.9
SV7954,Database Systems,19,Low,1,0.8
SV7955,Cloud Computing,19,Low,1,1.0
SV7956,Mobile App Development,8,Low,1,0.9
SV7957,Cloud Computing,71,Medium,2,3.7
SV7958,Mobile App Development,14,Low,1,1.3
SV7959,Web Development,97,High,3,5.6
SV7960,Software Engineering,87,High,3,6.1
SV7961,Computer Networks,96,High,3,5.5
SV7962,Computer Networks,62,Medium,2,3.0
SV7963,Mobile App Development,90,High,3,5.9
SV7964,Computer Networks,20,Low,1,2.0
SV7965,Cloud Computing,4,Low,1,2.3
SV7966,Artificial Intelligence,34,Low,1,1.9
SV7967,Cloud Computing,84,High,3,6.6
SV7968,Mobile App Development,67,Low,1,3.3
SV7969,Data Science,47,Medium,2,4.3
SV7970,Cloud Computing,79,High,3,5.5
SV7971,Computer Networks,94,High,3,6.1
SV7972,Cybersecurity,89,High,3,5.5
SV7973,Database Systems,61,High,3,3.4
SV7974,Artificial Intelligence,34,Low,1,1.0
SV7975,Computer Networks,69,Medium,2,3.5
SV7976,Cybersecurity,96,High,3,5.9
SV7977,Mobile App Development,20,Low,1,1.2
SV7978,Web Development,79,Medium,2,6.6
SV7979,Cybersecurity,38,Low,1,1.9
SV7980,Software Engineering,33,Low,1,1.5
SV7981,Web Development,14,Low,1,1.8
SV7982,Machine Learning,5,Low,1,1.2
SV7983,Artificial Intelligence,65,Medium,2,3.8
SV7984,Computer Networks,87,High,3,6.2
SV7985,Machine Learning,55,Low,1,3.7
SV7986,Cloud Computing,48,Medium,2,2.9
SV7987,Mobile App Development,91,High,3,5.9
SV7988,Artificial Intelligence,0,Low,1,1.3
SV7989,Data Science,64,Medium,2,2.8
SV7990,Web Development,27,Medium,2,1.8
SV7991,Data Science,99,High,3,6.5
SV7992,Machine Learning,19,Low,1,1.7
SV7993,Cybersecurity,47,Medium,2,3.9
SV7994,Cybersecurity,71,Medium,2,3.6
SV7995,Mobile App Development,64,Medium,2,3.1
SV7996,Machine Learning,89,High,3,5.4
SV7997,Database Systems,50,Medium,2,3.8
SV7998,Artificial Intelligence,42,Low,1,1.2
SV7999,Web Development,48,Medium,2,4.0
SV8000,Cybersecurity,24,Low,1,1.4
SV8001,Cybersecurity,73,Low,1,3.8
SV8002,Data Science,75,Medium,2,2.7
SV8003,Data Science,40,Low,1,1.6
SV8004,Computer Networks,70,Medium,2,3.9
SV8005,Cloud Computing,63,Medium,2,3.8
SV8006,Database Systems,60,Medium,2,3.1
SV8007,Data Science,11,Low,1,1.9
SV8008,Data Science,80,High,3,5.8
SV8009,Artificial Intelligence,68,Low,1,4.3
SV8010,Computer Networks,13,Low,1,2.2
SV8011,Data Science,33,Low,1,1.2
SV8012,Web Development,47,Medium,2,4.0
SV8013,Artificial Intelligence,60,Medium,2,3.5
SV8014,Cloud Computing,80,High,3,5.4
SV8015,Machine Learning,34,Low,1,1.5
SV8016,Artificial Intelligence,64,Medium,2,3.2
SV8017,Machine Learning,58,Medium,2,2.7
SV8018,Cybersecurity,35,Low,1,1.4
SV8019,Computer Networks,78,High,3,6.2
SV8020,Cloud Computing,18,Low,1,1.1
SV8021,Computer Networks,41,Medium,2,0.7
SV8022,Cloud Computing,68,Medium,2,4.2
SV8023,Computer Networks,18,Low,1,1.6
SV8024,Artificial Intelligence,38,Low,1,2.0
SV8025,Computer Networks,68,Medium,2,3.1
SV8026,Software Engineering,51,Medium,2,3.0
SV8027,Cloud Computing,11,Medium,2,1.7
SV8028,Machine Learning,82,High,3,6.7
SV8029,Cloud Computing,46,Medium,2,2.7
SV8030,Cybersecurity,75,Medium,2,3.5
SV8031,Web Development,35,Low,1,0.8
SV8032,Software Engineering,62,Medium,2,3.2
SV8033,Mobile App Development,75,Medium,2,3.1
SV8034,Cloud Computing,81,High,3,5.8
SV8035,Data Science,50,Medium,2,4.3
SV8036,Artificial Intelligence,42,Medium,2,1.6
SV8037,Artificial Intelligence,33,Medium,2,2.3
SV8038,Computer Networks,96,High,3,5.9
SV8039,Computer Networks,48,High,3,3.7
SV8040,Artificial Intelligence,17,Low,1,1.8
SV8041,Database Systems,60,Medium,2,3.2
SV8042,Software Engineering,56,Medium,2,3.1
SV8043,Software Engineering,92,Medium,2,6.6
SV8044,Machine Learning,4,Low,1,0.8
SV8045,Cloud Computing,88,Medium,2,6.1
SV8046,Mobile App Development,23,Medium,2,0.9
SV8047,Artificial Intelligence,92,Medium,2,5.9
SV8048,Cloud Computing,63,Medium,2,3.2
SV8049,Software Engineering,58,Medium,2,3.4
SV8050,Cybersecurity,37,Low,1,2.2
SV8051,Artificial Intelligence,32,Low,1,1.1
SV8052,Cloud Computing,9,Low,1,2.0
SV8053,Software Engineering,36,Low,1,2.3
SV8054,Web Development,96,High,3,5.6
SV8055,Software Engineering,86,High,3,5.7
SV8056,Computer Networks,10,Low,1,1.2
SV8057,Data Science,23,Low,1,2.0
SV8058,Database Systems,87,High,3,5.8
SV8059,Database Systems,70,Medium,2,3.7
SV8060,Computer Networks,20,Low,1,1.2
SV8061,Computer Networks,19,Low,1,1.3
SV8062,Artificial Intelligence,9,Low,1,1.0
SV8063,Web Development,88,High,3,5.9
SV8064,Web Development,46,Medium,2,3.6
SV8065,Artificial Intelligence,99,High,3,5.4
SV8066,Cloud Computing,46,Medium,2,3.4
SV8067,Artificial Intelligence,14,Low,1,2.0
SV8068,Mobile App Development,43,Low,1,1.8
SV8069,Mobile App Development,61,Medium,2,4.2
SV8070,Database Systems,5,Low,1,2.0
SV8071,Software Engineering,100,High,3,6.0
SV8072,Artificial Intelligence,65,Medium,2,3.3
SV8073,Artificial Intelligence,75,Medium,2,3.6
SV8074,Cloud Computing,3,Low,1,1.4
SV8075,Machine Learning,22,Low,1,0.8
SV8076,Database Systems,12,Low,1,1.7
SV8077,Database Systems,80,High,3,5.9
SV8078,Database Systems,30,Low,1,0.8
SV8079,Software Engineering,15,Low,1,2.1
SV8080,Computer Networks,40,Low,1,1.4
SV8081,Cybersecurity,89,High,3,6.5
SV8082,Machine Learning,91,High,3,6.0
SV8083,Software Engineering,0,Low,1,1.8
SV8084,Mobile App Development,11,Low,1,1.4
SV8085,Cloud Computing,100,High,3,5.9
SV8086,Computer Networks,55,Medium,2,3.7
SV8087,Mobile App Development,49,Low,1,2.8
SV8088,Computer Networks,19,Medium,2,0.9
SV8089,Web Development,65,Medium,2,3.9
SV8090,Database Systems,35,Low,1,1.0
SV8091,Computer Networks,78,High,3,6.1
SV8092,Data Science,37,Low,1,2.2
SV8093,Database Systems,21,Low,1,1.8
SV8094,Database Systems,60,Medium,2,3.3
SV8095,Cloud Computing,49,Medium,2,3.1
SV8096,Machine Learning,95,High,3,5.4
SV8097,Mobile App Development,58,Medium,2,3.5
SV8098,Computer Networks,19,Low,1,0.9
SV8099,Computer Networks,35,Medium,2,1.1
SV8100,Web Development,96,High,3,5.5
SV8101,Database Systems,14,Low,1,0.8
SV8102,Artificial Intelligence,61,Medium,2,3.5
SV8103,Cybersecurity,2,Low,1,2.2
SV8104,Artificial Intelligence,92,High,3,5.5
SV8105,Computer Networks,90,High,3,5.6
SV8106,Artificial Intelligence,4,Low,1,1.2
SV8107,Cloud Computing,55,Medium,2,3.8
SV8108,Data Science,30,Low,1,1.8
SV8109,Computer Networks,85,High,3,5.4
SV8110,Computer Networks,34,Low,1,1.0
SV8111,Data Science,70,Low,1,3.5
SV8112,Mobile App Development,69,Medium,2,3.9
SV8113,Data Science,25,Low,1,2.3
SV8114,Artificial Intelligence,0,Low,1,0.8
SV8115,Cloud Computing,82,High,3,6.1
SV8116,Web Development,6,Low,1,1.5
SV8117,Mobile App Development,35,Low,1,1.3
SV8118,Software Engineering,75,Medium,2,4.2
SV8119,Web Development,83,High,3,5.3
SV8120,Machine Learning,86,High,3,6.6
SV8121,Machine Learning,24,Low,1,1.9
SV8122,Machine Learning,93,High,3,6.5
SV8123,Machine Learning,58,Medium,2,3.0
SV8124,Cloud Computing,60,Medium,2,3.6
SV8125,Web Development,28,Low,1,1.6
SV8126,Database Systems,94,High,3,6.2
SV8127,Cybersecurity,17,Low,1,0.8
SV8128,Mobile App Development,40,Low,1,1.0
SV8129,Software Engineering,18,Low,1,1.6
SV8130,Artificial Intelligence,3,Medium,2,2.0
SV8131,Computer Networks,64,Medium,2,3.7
SV8132,Machine Learning,40,Low,1,1.3
SV8133,Software Engineering,14,Low,1,1.7
SV8134,Computer Networks,53,Medium,2,3.0
SV8135,Cybersecurity,63,Medium,2,3.1
SV8136,Software Engineering,71,Medium,2,3.7
SV8137,Web Development,14,Low,1,0.8
SV8138,Software Engineering,78,High,3,6.6
SV8139,Machine Learning,49,Medium,2,3.6
SV8140,Cybersecurity,21,Low,1,1.7
SV8141,Artificial Intelligence,17,Low,1,1.7
SV8142,Database Systems,79,High,3,6.5
SV8143,Data Science,1,Low,1,1.2
SV8144,Machine Learning,35,Low,1,1.5
SV8145,Computer Networks,19,Low,1,0.8
SV8146,Cybersecurity,15,Low,1,2.1
SV8147,Web Development,66,Medium,2,3.7
SV8148,Cloud Computing,29,Low,1,0.9
SV8149,Cybersecurity,54,Medium,2,4.1
SV8150,Computer Networks,65,High,3,3.1
SV8151,Data Science,98,High,3,6.1
SV8152,Data Science,25,Low,1,1.6
SV8153,Mobile App Development,56,Medium,2,3.1
SV8154,Database Systems,68,Medium,2,3.1
SV8155,Computer Networks,1,Low,1,1.0
SV8156,Data Science,55,Medium,2,3.4
SV8157,Mobile App Development,83,High,3,6.0
SV8158,Mobile App Development,61,Medium,2,4.0
SV8159,Mobile App Development,33,Low,1,2.0
SV8160,Cybersecurity,97,High,3,6.2
SV8161,Mobile App Development,55,Medium,2,4.1
SV8162,Machine Learning,54,Medium,2,3.7
SV8163,Computer Networks,19,Low,1,1.3
SV8164,Machine Learning,49,Medium,2,2.9
SV8165,Cloud Computing,24,Low,1,1.9
SV8166,Data Science,83,High,3,6.5
SV8167,Database Systems,24,Low,1,1.7
SV8168,Mobile App Development,52,Medium,2,4.0
SV8169,Web Development,13,Low,1,1.9
SV8170,Web Development,59,Medium,2,4.0
SV8171,Data Science,42,Low,1,1.9
SV8172,Cloud Computing,61,Low,1,3.6
SV8173,Web Development,75,Medium,2,3.7
SV8174,Machine Learning,68,Medium,2,4.2
SV8175,Software Engineering,62,Medium,2,3.1
SV8176,Cybersecurity,1,Low,1,0.9
SV8177,Artificial Intelligence,53,Medium,2,4.1
SV8178,Web Development,15,Low,1,2.1
SV8179,Database Systems,54,Medium,2,3.5
SV8180,Mobile App Development,93,High,3,5.8
SV8181,Database Systems,42,Medium,2,1.0
SV8182,Computer Networks,60,Medium,2,2.8
SV8183,Cybersecurity,37,Low,1,1.9
SV8184,Machine Learning,44,Low,1,2.3
SV8185,Cloud Computing,50,Medium,2,3.5
SV8186,Cybersecurity,41,Low,1,2.2
SV8187,Artificial Intelligence,23,Low,1,1.6
SV8188,Software Engineering,29,Low,1,1.4
SV8189,Web Development,36,Low,1,1.8
SV8190,Cloud Computing,52,Medium,2,3.5
SV8191,Cloud Computing,62,Medium,2,3.4
SV8192,Web Development,10,Low,1,1.2
SV8193,Web Development,77,High,3,5.4
SV8194,Web Development,22,Low,1,1.6
SV8195,Web Development,79,Medium,2,6.2
SV8196,Web Development,49,High,3,4.2
SV8197,Cloud Computing,84,High,3,5.6
SV8198,Data Science,54,Low,1,4.0
SV8199,Data Science,54,Low,1,3.0
SV8200,Database Systems,3,Low,1,1.0
SV8201,Data Science,96,High,3,6.4
SV8202,Artificial Intelligence,53,Medium,2,4.0
SV8203,Data Science,60,Medium,2,3.9
SV8204,Cloud Computing,77,High,3,6.3
SV8205,Web Development,82,High,3,6.3
SV8206,Mobile App Development,4,Medium,2,0.8
SV8207,Mobile App Development,99,Medium,2,5.4
SV8208,Artificial Intelligence,94,High,3,5.7
SV8209,Computer Networks,17,Low,1,1.5
SV8210,Cloud Computing,43,Low,1,1.8
SV8211,Machine Learning,30,Low,1,1.3
SV8212,Cybersecurity,93,High,3,6.4
SV8213,Database Systems,20,Low,1,0.9
SV8214,Machine Learning,46,Medium,2,3.3
SV8215,Cloud Computing,29,Low,1,1.8
SV8216,Data Science,54,Medium,2,3.0
SV8217,Web Development,67,Medium,2,3.3
SV8218,Machine Learning,68,Medium,2,3.7
SV8219,Cybersecurity,40,Low,1,1.0
SV8220,Computer Networks,44,Low,1,1.7
SV8221,Mobile App Development,73,Medium,2,3.0
SV8222,Computer Networks,90,High,3,6.1
SV8223,Cybersecurity,79,High,3,6.8
SV8224,Web Development,29,Low,1,1.0
SV8225,Data Science,76,High,3,5.6
SV8226,Cybersecurity,99,High,3,6.0
SV8227,Database Systems,84,High,3,6.5
SV8228,Cybersecurity,44,Low,1,2.1
SV8229,Cloud Computing,44,Low,1,1.2
SV8230,Data Science,78,High,3,5.6
SV8231,Web Development,83,High,3,6.1
SV8232,Mobile App Development,83,Medium,2,6.7
SV8233,Mobile App Development,44,Low,1,1.1
SV8234,Cybersecurity,54,Medium,2,3.1
SV8235,Cloud Computing,58,Medium,2,3.7
SV8236,Machine Learning,4,Low,1,2.1
SV8237,Computer Networks,31,Low,1,1.9
SV8238,Computer Networks,5,Low,1,1.7
SV8239,Computer Networks,93,High,3,5.8
SV8240,Machine Learning,25,Low,1,1.6
SV8241,Cloud Computing,36,Low,1,1.7
SV8242,Computer Networks,12,Medium,2,1.3
SV8243,Database Systems,92,High,3,6.2
SV8244,Machine Learning,68,Medium,2,3.7
SV8245,Machine Learning,24,Low,1,0.9
SV8246,Web Development,12,Medium,2,0.8
SV8247,Web Development,87,High,3,5.9
SV8248,Data Science,94,High,3,6.5
SV8249,Database Systems,19,Low,1,2.1
SV8250,Database Systems,71,Medium,2,3.6
SV8251,Data Science,59,Medium,2,4.3
SV8252,Database Systems,72,High,3,3.8
SV8253,Artificial Intelligence,20,Low,1,0.7
SV8254,Software Engineering,60,Medium,2,4.0
SV8255,Computer Networks,83,High,3,5.6
SV8256,Web Development,78,High,3,5.7
SV8257,Data Science,25,Low,1,1.3
SV8258,Data Science,53,High,3,3.1
SV8259,Database Systems,41,Low,1,1.3
SV8260,Machine Learning,10,Low,1,1.6
SV8261,Mobile App Development,36,Medium,2,0.9
SV8262,Cybersecurity,10,Low,1,1.9
SV8263,Cybersecurity,26,Low,1,1.0
SV8264,Data Science,93,High,3,6.2
SV8265,Computer Networks,82,Medium,2,5.7
SV8266,Artificial Intelligence,33,Low,1,1.5
SV8267,Computer Networks,37,Low,1,1.2
SV8268,Data Science,60,Medium,2,3.0
SV8269,Computer Networks,86,High,3,6.3
SV8270,Web Development,52,Medium,2,4.2
SV8271,Computer Networks,64,Medium,2,3.1
SV8272,Database Systems,2,Low,1,1.6
SV8273,Database Systems,66,Medium,2,3.2
SV8274,Artificial Intelligence,27,Low,1,1.2
SV8275,Web Development,13,Low,1,1.7
SV8276,Mobile App Development,51,Medium,2,3.3
SV8277,Machine Learning,29,Low,1,1.2
SV8278,Web Development,57,Low,1,3.1
SV8279,Cloud Computing,53,Medium,2,3.6
SV8280,Software Engineering,68,Medium,2,3.3
SV8281,Data Science,14,Medium,2,2.0
SV8282,Cloud Computing,37,Medium,2,2.1
SV8283,Artificial Intelligence,77,High,3,6.2
SV8284,Cloud Computing,13,Low,1,1.9
SV8285,Database Systems,56,Medium,2,3.5
SV8286,Computer Networks,58,Medium,2,3.4
SV8287,Machine Learning,7,Low,1,1.3
SV8288,Cybersecurity,71,Medium,2,4.1
SV8289,Data Science,18,Low,1,2.0
SV8290,Cybersecurity,31,Low,1,2.2
SV8291,Computer Networks,94,High,3,6.6
SV8292,Database Systems,28,Low,1,1.4
SV8293,Database Systems,40,Low,1,1.7
SV8294,Computer Networks,74,Medium,2,3.8
SV8295,Data Science,44,Low,1,1.1
SV8296,Cybersecurity,12,Low,1,1.0
SV8297,Web Development,26,Low,1,0.7
SV8298,Database Systems,18,Low,1,1.3
SV8299,Cybersecurity,25,Low,1,1.5
SV8300,Mobile App Development,52,Medium,2,4.2
SV8301,Cybersecurity,50,Medium,2,3.8
SV8302,Mobile App Development,36,Low,1,1.3
SV8303,Mobile App Development,8,Low,1,1.3
SV8304,Database Systems,91,High,3,5.8
SV8305,Data Science,95,High,3,5.6
SV8306,Artificial Intelligence,51,Medium,2,2.8
SV8307,Database Systems,53,Medium,2,3.4
SV8308,Data Science,2,Low,1,1.6
SV8309,Data Science,95,High,3,6.4
SV8310,Cloud Computing,68,Medium,2,3.5
SV8311,Computer Networks,7,Low,1,2.2
SV8312,Computer Networks,13,Low,1,0.9
SV8313,Computer Networks,2,Low,1,1.7
SV8314,Software Engineering,23,Low,1,1.9
SV8315,Database Systems,12,Low,1,1.5
SV8316,Data Science,42,Low,1,1.5
SV8317,Cloud Computing,28,Low,1,0.9
SV8318,Mobile App Development,71,Medium,2,3.8
SV8319,Artificial Intelligence,50,Medium,2,3.5
SV8320,Artificial Intelligence,41,Low,1,1.6
SV8321,Mobile App Development,30,Low,1,0.9
SV8322,Cybersecurity,62,Medium,2,3.7
SV8323,Cybersecurity,25,Low,1,1.4
SV8324,Computer Networks,17,Low,1,1.6
SV8325,Database Systems,81,Medium,2,6.6
SV8326,Software Engineering,56,Medium,2,2.9
SV8327,Cloud Computing,6,Low,1,1.9
SV8328,Artificial Intelligence,47,Medium,2,3.8
SV8329,Computer Networks,79,High,3,5.8
SV8330,Machine Learning,59,Medium,2,3.7
SV8331,Computer Networks,32,Medium,2,1.2
SV8332,Machine Learning,2,Medium,2,0.9
SV8333,Web Development,3,Low,1,1.7
SV8334,Data Science,99,High,3,5.2
SV8335,Mobile App Development,3,Low,1,0.8
SV8336,Data Science,41,Low,1,1.7
SV8337,Computer Networks,8,Medium,2,1.4
SV8338,Data Science,50,Low,1,3.0
SV8339,Cloud Computing,16,Low,1,1.9
SV8340,Web Development,16,Low,1,2.3
SV8341,Software Engineering,96,High,3,5.2
SV8342,Web Development,19,Low,1,1.6
SV8343,Artificial Intelligence,13,Medium,2,0.9
SV8344,Cloud Computing,21,Low,1,1.8
SV8345,Data Science,51,Medium,2,3.1
SV8346,Software Engineering,26,Low,1,0.9
SV8347,Data Science,42,Medium,2,1.0
SV8348,Database Systems,2,Low,1,1.2
SV8349,Database Systems,87,High,3,6.0
SV8350,Cybersecurity,93,High,3,6.0
SV8351,Web Development,7,Low,1,1.3
SV8352,Software Engineering,85,Medium,2,6.8
SV8353,Database Systems,88,High,3,5.3
SV8354,Cybersecurity,9,Low,1,1.7
SV8355,Cloud Computing,28,Low,1,1.6
SV8356,Software Engineering,39,Low,1,1.0
SV8357,Cybersecurity,64,Medium,2,3.9
SV8358,Mobile App Development,20,Low,1,1.1
SV8359,Software Engineering,23,Low,1,1.9
SV8360,Computer Networks,72,Medium,2,4.1
SV8361,Cybersecurity,59,Medium,2,3.3
SV8362,Data Science,25,Low,1,1.9
SV8363,Computer Networks,8,Low,1,1.5
SV8364,Mobile App Development,19,Low,1,1.6
SV8365,Database Systems,55,Medium,2,3.6
SV8366,Machine Learning,98,High,3,5.9
SV8367,Cybersecurity,35,Low,1,1.9
SV8368,Cloud Computing,35,Low,1,1.4
SV8369,Cybersecurity,72,High,3,2.9
SV8370,Machine Learning,21,Low,1,1.2
SV8371,Mobile App Development,0,Low,1,1.7
SV8372,Mobile App Development,68,Low,1,3.0
SV8373,Computer Networks,72,Medium,2,3.8
SV8374,Software Engineering,36,Low,1,2.0
SV8375,Cloud Computing,82,High,3,6.1
SV8376,Computer Networks,71,Low,1,3.2
SV8377,Cloud Computing,95,High,3,5.9
SV8378,Cloud Computing,12,Low,1,1.4
SV8379,Machine Learning,83,High,3,5.8
SV8380,Computer Networks,99,High,3,5.8
SV8381,Cloud Computing,42,Medium,2,1.6
SV8382,Artificial Intelligence,36,Low,1,1.9
SV8383,Machine Learning,93,High,3,6.0
SV8384,Mobile App Development,73,Low,1,3.7
SV8385,Machine Learning,94,High,3,5.4
SV8386,Data Science,24,Low,1,1.9
SV8387,Data Science,92,High,3,5.8
SV8388,Cloud Computing,87,High,3,6.6
SV8389,Computer Networks,20,Low,1,0.9
SV8390,Mobile App Development,40,Low,1,2.1
SV8391,Machine Learning,72,Medium,2,3.2
SV8392,Computer Networks,41,Low,1,2.1
SV8393,Machine Learning,41,Medium,2,1.4
SV8394,Machine Learning,1,Medium,2,1.0
SV8395,Artificial Intelligence,67,Medium,2,4.2
SV8396,Data Science,7,Low,1,1.0
SV8397,Machine Learning,95,High,3,6.5
SV8398,Artificial Intelligence,60,Medium,2,4.1
SV8399,Data Science,13,Low,1,2.1
SV8400,Artificial Intelligence,76,High,3,6.2
SV8401,Computer Networks,20,Low,1,1.4
SV8402,Software Engineering,23,Low,1,1.3
SV8403,Data Science,49,Medium,2,3.0
SV8404,Database Systems,81,High,3,5.7
SV8405,Software Engineering,44,Low,1,1.9
SV8406,Computer Networks,63,Medium,2,2.9
SV8407,Machine Learning,63,Medium,2,4.0
SV8408,Mobile App Development,25,Low,1,1.1
SV8409,Computer Networks,31,Medium,2,1.3
SV8410,Artificial Intelligence,56,High,3,3.1
SV8411,Artificial Intelligence,52,Medium,2,3.0
SV8412,Artificial Intelligence,32,Low,1,2.1
SV8413,Artificial Intelligence,51,High,3,4.2
SV8414,Computer Networks,94,High,3,6.6
SV8415,Mobile App Development,17,Low,1,2.0
SV8416,Cybersecurity,34,Low,1,1.3
SV8417,Artificial Intelligence,11,Low,1,2.1
SV8418,Cybersecurity,50,Medium,2,4.0
SV8419,Mobile App Development,88,High,3,6.3
SV8420,Mobile App Development,94,High,3,5.4
SV8421,Software Engineering,9,Medium,2,1.5
SV8422,Data Science,51,Medium,2,4.1
SV8423,Database Systems,33,Low,1,1.4
SV8424,Cloud Computing,66,Medium,2,2.7
SV8425,Database Systems,38,Low,1,1.2
SV8426,Computer Networks,7,Medium,2,0.8
SV8427,Cloud Computing,95,High,3,6.7
SV8428,Mobile App Development,28,Medium,2,1.8
SV8429,Database Systems,21,Low,1,1.1
SV8430,Web Development,83,High,3,5.3
SV8431,Data Science,69,Medium,2,3.2
SV8432,Database Systems,60,Medium,2,3.3
SV8433,Data Science,42,Low,1,1.6
SV8434,Cybersecurity,48,Medium,2,3.0
SV8435,Computer Networks,28,Low,1,0.9
SV8436,Data Science,80,Medium,2,6.2
SV8437,Cybersecurity,30,Low,1,0.8
SV8438,Artificial Intelligence,52,Medium,2,3.6
SV8439,Cybersecurity,33,Low,1,0.8
SV8440,Computer Networks,37,Low,1,1.5
SV8441,Software Engineering,56,Medium,2,3.7
SV8442,Artificial Intelligence,100,High,3,6.2
SV8443,Mobile App Development,3,Low,1,1.4
SV8444,Machine Learning,1,Low,1,1.2
SV8445,Cybersecurity,11,Low,1,2.1
SV8446,Cybersecurity,34,Low,1,1.2
SV8447,Data Science,69,Medium,2,3.8
SV8448,Mobile App Development,71,Medium,2,3.0
SV8449,Database Systems,20,Low,1,0.9
SV8450,Web Development,60,Medium,2,3.2
SV8451,Cloud Computing,34,Low,1,0.7
SV8452,Cybersecurity,47,Low,1,3.4
SV8453,Database Systems,14,Medium,2,2.1
SV8454,Web Development,70,High,3,3.4
SV8455,Cloud Computing,14,Low,1,1.2
SV8456,Machine Learning,5,Low,1,0.9
SV8457,Data Science,80,High,3,5.3
SV8458,Database Systems,67,Medium,2,3.0
SV8459,Data Science,21,Low,1,1.4
SV8460,Cloud Computing,31,Low,1,1.6
SV8461,Software Engineering,21,Low,1,0.9
SV8462,Cybersecurity,26,Low,1,0.7
SV8463,Artificial Intelligence,14,Low,1,1.6
SV8464,Web Development,43,Medium,2,1.6
SV8465,Mobile App Development,85,High,3,6.0
SV8466,Computer Networks,91,High,3,6.0
SV8467,Cybersecurity,8,Low,1,1.5
SV8468,Artificial Intelligence,33,Low,1,1.9
SV8469,Computer Networks,99,High,3,5.3
SV8470,Database Systems,72,Medium,2,3.7
SV8471,Computer Networks,14,Low,1,0.8
SV8472,Machine Learning,61,Medium,2,3.3
SV8473,Cybersecurity,44,Medium,2,0.8
SV8474,Data Science,83,Medium,2,6.7
SV8475,Software Engineering,71,High,3,2.7
SV8476,Mobile App Development,57,Medium,2,3.1
SV8477,Data Science,91,High,3,6.6
SV8478,Artificial Intelligence,18,Low,1,1.1
SV8479,Cybersecurity,15,Low,1,0.8
SV8480,Software Engineering,74,Low,1,4.0
SV8481,Computer Networks,7,Low,1,1.5
SV8482,Cybersecurity,32,Low,1,1.5
SV8483,Computer Networks,73,Medium,2,2.7
SV8484,Database Systems,17,Low,1,0.9
SV8485,Machine Learning,34,Low,1,1.1
SV8486,Cloud Computing,42,Low,1,1.7
SV8487,Cybersecurity,49,Medium,2,3.1
SV8488,Artificial Intelligence,2,Low,1,2.1
SV8489,Computer Networks,90,Medium,2,5.5
SV8490,Data Science,58,Medium,2,4.0
SV8491,Database Systems,27,Low,1,1.7
SV8492,Artificial Intelligence,45,Low,1,0.8
SV8493,Mobile App Development,63,Medium,2,4.0
SV8494,Cloud Computing,69,High,3,2.7
SV8495,Database Systems,46,Medium,2,3.4
SV8496,Machine Learning,13,Low,1,1.7
SV8497,Cloud Computing,6,Low,1,1.3
SV8498,Computer Networks,73,Medium,2,3.3
SV8499,Artificial Intelligence,78,High,3,5.8
SV8500,Mobile App Development,30,Low,1,1.1
SV8501,Web Development,92,High,3,6.6
SV8502,Machine Learning,80,High,3,6.0
SV8503,Software Engineering,50,Medium,2,3.6
SV8504,Computer Networks,28,Low,1,1.7
SV8505,Web Development,14,Low,1,1.3
SV8506,Cybersecurity,89,High,3,5.2
SV8507,Mobile App Development,75,Medium,2,3.7
SV8508,Data Science,24,Low,1,0.9
SV8509,Software Engineering,60,High,3,3.7
SV8510,Artificial Intelligence,40,Low,1,1.1
SV8511,Mobile App Development,68,Medium,2,4.1
SV8512,Cloud Computing,3,Low,1,1.8
SV8513,Database Systems,56,Medium,2,3.3
SV8514,Cloud Computing,30,Low,1,1.8
SV8515,Cloud Computing,2,Low,1,1.0
SV8516,Cybersecurity,66,Medium,2,4.1
SV8517,Machine Learning,89,High,3,5.7
SV8518,Data Science,49,High,3,2.8
SV8519,Software Engineering,16,Low,1,0.9
SV8520,Machine Learning,59,Medium,2,2.8
SV8521,Mobile App Development,73,Medium,2,3.7
SV8522,Cloud Computing,65,Medium,2,3.8
SV8523,Cybersecurity,87,High,3,5.5
SV8524,Mobile App Development,74,Medium,2,3.6
SV8525,Database Systems,23,Medium,2,1.1
SV8526,Data Science,98,Medium,2,6.2
SV8527,Software Engineering,86,High,3,5.7
SV8528,Database Systems,31,Low,1,0.8
SV8529,Cybersecurity,86,High,3,5.4
SV8530,Data Science,97,Medium,2,5.3
SV8531,Mobile App Development,18,Low,1,0.9
SV8532,Cloud Computing,65,Medium,2,4.1
SV8533,Cloud Computing,59,Medium,2,3.7
SV8534,Computer Networks,65,Low,1,3.3
SV8535,Cloud Computing,14,Low,1,1.1
SV8536,Web Development,84,High,3,5.4
SV8537,Cloud Computing,34,Low,1,1.8
SV8538,Web Development,68,Medium,2,4.2
SV8539,Artificial Intelligence,26,Medium,2,1.6
SV8540,Web Development,87,High,3,5.7
SV8541,Data Science,6,Low,1,1.6
SV8542,Database Systems,5,Medium,2,1.1
SV8543,Data Science,32,Low,1,1.2
SV8544,Database Systems,57,Medium,2,2.9
SV8545,Computer Networks,48,Medium,2,3.4
SV8546,Artificial Intelligence,16,Low,1,1.4
SV8547,Database Systems,41,Low,1,0.8
SV8548,Database Systems,93,High,3,6.7
SV8549,Cybersecurity,71,High,3,3.6
SV8550,Machine Learning,39,Low,1,1.2
SV8551,Machine Learning,45,Medium,2,1.1
SV8552,Cybersecurity,70,Medium,2,2.7
SV8553,Cloud Computing,69,Medium,2,2.8
SV8554,Cybersecurity,67,Medium,2,3.6
SV8555,Database Systems,0,Low,1,1.2
SV8556,Database Systems,78,High,3,5.2
SV8557,Cybersecurity,94,High,3,6.3
SV8558,Cybersecurity,88,High,3,5.6
SV8559,Cloud Computing,96,High,3,6.1
SV8560,Data Science,51,Medium,2,2.8
SV8561,Artificial Intelligence,34,Low,1,1.0
SV8562,Mobile App Development,68,Low,1,2.9
SV8563,Database Systems,4,Medium,2,1.0
SV8564,Artificial Intelligence,99,High,3,5.5
SV8565,Cybersecurity,16,Medium,2,1.7
SV8566,Cloud Computing,52,Medium,2,3.6
SV8567,Web Development,51,Medium,2,3.3
SV8568,Cloud Computing,13,Low,1,1.4
SV8569,Software Engineering,28,Low,1,1.9
SV8570,Software Engineering,7,Low,1,2.2
SV8571,Artificial Intelligence,97,High,3,5.3
SV8572,Machine Learning,0,Low,1,1.4
SV8573,Software Engineering,28,Low,1,1.1
SV8574,Software Engineering,35,Low,1,1.8
SV8575,Data Science,50,Medium,2,3.0
SV8576,Web Development,36,Low,1,1.8
SV8577,Data Science,92,High,3,6.3
SV8578,Web Development,68,Medium,2,3.4
SV8579,Computer Networks,52,Medium,2,2.8
SV8580,Mobile App Development,95,High,3,5.4
SV8581,Database Systems,51,Medium,2,3.8
SV8582,Software Engineering,87,High,3,5.2
SV8583,Database Systems,82,High,3,5.2
SV8584,Software Engineering,11,Low,1,1.5
SV8585,Data Science,51,Medium,2,4.0
SV8586,Mobile App Development,0,Low,1,1.1
SV8587,Data Science,6,Low,1,1.1
SV8588,Data Science,16,Low,1,1.6
SV8589,Web Development,97,High,3,5.3
SV8590,Machine Learning,42,Low,1,2.0
SV8591,Cloud Computing,70,Medium,2,3.7
SV8592,Artificial Intelligence,16,Low,1,2.1
SV8593,Database Systems,58,Medium,2,3.6
SV8594,Computer Networks,2,Low,1,1.0
SV8595,Software Engineering,28,Low,1,1.2
SV8596,Data Science,21,Low,1,1.5
SV8597,Machine Learning,37,Low,1,2.0
SV8598,Data Science,53,Medium,2,3.5
SV8599,Mobile App Development,92,High,3,6.0
SV8600,Web Development,49,Medium,2,3.5
SV8601,Computer Networks,68,Medium,2,4.3
SV8602,Cloud Computing,29,Low,1,2.0
SV8603,Mobile App Development,22,Low,1,2.1
SV8604,Cybersecurity,84,High,3,6.1
SV8605,Computer Networks,89,High,3,6.0
SV8606,Data Science,46,Medium,2,4.1
SV8607,Mobile App Development,20,Low,1,1.6
SV8608,Cloud Computing,19,Low,1,2.1
SV8609,Machine Learning,22,Low,1,1.0
SV8610,Machine Learning,67,Medium,2,4.3
SV8611,Database Systems,20,Low,1,2.2
SV8612,Cloud Computing,20,Low,1,1.8
SV8613,Machine Learning,0,Low,1,1.2
SV8614,Mobile App Development,14,Low,1,1.4
SV8615,Database Systems,16,Low,1,1.9
SV8616,Machine Learning,50,Medium,2,3.8
SV8617,Computer Networks,62,Medium,2,3.2
SV8618,Web Development,13,Low,1,2.1
SV8619,Cybersecurity,58,Medium,2,3.2
SV8620,Cloud Computing,82,High,3,5.5
SV8621,Mobile App Development,49,Medium,2,2.9
SV8622,Software Engineering,33,Low,1,1.1
SV8623,Data Science,5,Low,1,0.9
SV8624,Mobile App Development,48,High,3,3.4
SV8625,Machine Learning,5,Low,1,1.9
SV8626,Mobile App Development,68,Medium,2,4.0
SV8627,Software Engineering,6,Low,1,1.8
SV8628,Data Science,96,High,3,6.5
SV8629,Database Systems,76,High,3,6.6
SV8630,Machine Learning,50,Medium,2,3.3
SV8631,Artificial Intelligence,0,Low,1,0.9
SV8632,Machine Learning,12,Low,1,1.3
SV8633,Cybersecurity,42,Medium,2,1.6
SV8634,Artificial Intelligence,26,Low,1,1.5
SV8635,Cybersecurity,70,Medium,2,4.2
SV8636,Software Engineering,2,Low,1,0.8
SV8637,Cloud Computing,57,Medium,2,4.3
SV8638,Data Science,88,High,3,6.2
SV8639,Web Development,96,High,3,5.4
SV8640,Database Systems,16,Low,1,1.2
SV8641,Web Development,44,Low,1,1.3
SV8642,Computer Networks,77,High,3,5.3
SV8643,Computer Networks,100,High,3,5.7
SV8644,Software Engineering,57,Medium,2,4.3
SV8645,Cloud Computing,55,Medium,2,2.9
SV8646,Computer Networks,53,Medium,2,3.9
SV8647,Machine Learning,86,High,3,5.6
SV8648,Mobile App Development,87,High,3,5.8
SV8649,Cybersecurity,28,Low,1,2.1
SV8650,Computer Networks,53,Medium,2,3.4
SV8651,Software Engineering,26,Low,1,1.7
SV8652,Cybersecurity,44,Low,1,1.5
SV8653,Machine Learning,86,High,3,6.2
SV8654,Cloud Computing,30,Low,1,1.3
SV8655,Data Science,35,Low,1,1.1
SV8656,Web Development,80,High,3,5.8
SV8657,Machine Learning,60,Medium,2,3.3
SV8658,Database Systems,36,Low,1,0.8
SV8659,Artificial Intelligence,66,Medium,2,3.6
SV8660,Software Engineering,35,Low,1,1.4
SV8661,Web Development,4,Low,1,1.1
SV8662,Database Systems,45,Low,1,2.1
SV8663,Data Science,78,High,3,6.4
SV8664,Database Systems,51,Medium,2,3.5
SV8665,Cloud Computing,48,High,3,3.2
SV8666,Artificial Intelligence,5,Low,1,1.2
SV8667,Cybersecurity,9,Low,1,1.0
SV8668,Web Development,95,High,3,5.9
SV8669,Artificial Intelligence,22,Low,1,1.1
SV8670,Mobile App Development,16,Low,1,0.8
SV8671,Machine Learning,83,High,3,6.0
SV8672,Mobile App Development,43,Medium,2,1.3
SV8673,Machine Learning,40,Low,1,1.4
SV8674,Cloud Computing,14,Low,1,1.5
SV8675,Artificial Intelligence,43,Low,1,2.1
SV8676,Data Science,57,Medium,2,3.3
SV8677,Computer Networks,85,High,3,5.4
SV8678,Database Systems,49,Medium,2,4.0
SV8679,Computer Networks,51,Medium,2,3.2
SV8680,Artificial Intelligence,69,Medium,2,3.5
SV8681,Mobile App Development,67,High,3,4.2
SV8682,Computer Networks,62,Medium,2,3.9
SV8683,Software Engineering,57,High,3,3.1
SV8684,Computer Networks,22,Low,1,1.1
SV8685,Machine Learning,43,Low,1,1.0
SV8686,Software Engineering,82,High,3,6.5
SV8687,Web Development,94,High,3,5.4
SV8688,Computer Networks,43,Low,1,1.6
SV8689,Software Engineering,51,Medium,2,3.6
SV8690,Artificial Intelligence,66,Low,1,3.9
SV8691,Database Systems,27,Medium,2,1.5
SV8692,Web Development,66,Medium,2,4.2
SV8693,Data Science,77,High,3,6.3
SV8694,Data Science,17,Low,1,1.1
SV8695,Cloud Computing,26,Low,1,2.0
SV8696,Computer Networks,50,Medium,2,4.1
SV8697,Database Systems,59,Medium,2,3.4
SV8698,Cybersecurity,73,Medium,2,3.3
SV8699,Software Engineering,48,Medium,2,3.5
SV8700,Web Development,14,Medium,2,1.5
SV8701,Artificial Intelligence,82,High,3,6.8
SV8702,Computer Networks,72,Medium,2,3.9
SV8703,Artificial Intelligence,67,Medium,2,4.0
SV8704,Cybersecurity,14,Low,1,2.2
SV8705,Cloud Computing,50,Medium,2,2.8
SV8706,Cybersecurity,47,Medium,2,3.7
SV8707,Machine Learning,71,Medium,2,3.0
SV8708,Mobile App Development,0,Low,1,1.6
SV8709,Web Development,6,Low,1,2.1
SV8710,Mobile App Development,52,Medium,2,4.0
SV8711,Cybersecurity,30,Low,1,0.8
SV8712,Cloud Computing,17,Low,1,2.3
SV8713,Cloud Computing,11,Low,1,1.3
SV8714,Data Science,47,Medium,2,3.8
SV8715,Computer Networks,29,Low,1,0.9
SV8716,Data Science,96,High,3,6.3
SV8717,Web Development,6,Low,1,1.8
SV8718,Web Development,91,High,3,6.3
SV8719,Web Development,2,Low,1,2.1
SV8720,Artificial Intelligence,62,High,3,3.3
SV8721,Data Science,5,Low,1,2.0
SV8722,Artificial Intelligence,94,High,3,6.7
SV8723,Mobile App Development,14,Low,1,2.2
SV8724,Computer Networks,70,Medium,2,3.9
SV8725,Cybersecurity,42,Low,1,2.3
SV8726,Software Engineering,93,High,3,5.6
SV8727,Data Science,90,Medium,2,6.7
SV8728,Software Engineering,80,High,3,6.3
SV8729,Cloud Computing,17,Low,1,2.1
SV8730,Data Science,21,Low,1,1.6
SV8731,Mobile App Development,60,Medium,2,3.9
SV8732,Data Science,60,Medium,2,2.9
SV8733,Artificial Intelligence,52,Low,1,3.3
SV8734,Computer Networks,25,Low,1,1.7
SV8735,Cybersecurity,90,High,3,5.7
SV8736,Database Systems,39,Low,1,1.6
SV8737,Cybersecurity,87,High,3,6.2
SV8738,Cybersecurity,7,Medium,2,0.9
SV8739,Cloud Computing,20,Low,1,0.8
SV8740,Mobile App Development,92,High,3,6.2
SV8741,Software Engineering,42,Low,1,1.9
SV8742,Mobile App Development,20,Low,1,2.2
SV8743,Database Systems,2,Low,1,1.9
SV8744,Cloud Computing,30,Low,1,2.1
SV8745,Computer Networks,26,Low,1,2.1
SV8746,Cybersecurity,26,Low,1,1.8
SV8747,Artificial Intelligence,72,Medium,2,3.9
SV8748,Cloud Computing,56,Medium,2,2.7
SV8749,Web Development,96,High,3,5.7
SV8750,Data Science,32,Low,1,2.0
SV8751,Mobile App Development,89,High,3,6.7
SV8752,Cloud Computing,91,High,3,5.9
SV8753,Web Development,43,Low,1,2.1
SV8754,Software Engineering,42,Low,1,1.3
SV8755,Database Systems,30,Low,1,1.0
SV8756,Database Systems,64,Medium,2,3.3
SV8757,Cybersecurity,83,High,3,6.6
SV8758,Cybersecurity,75,Medium,2,3.1
SV8759,Cloud Computing,16,Low,1,0.7
SV8760,Cloud Computing,14,Low,1,1.5
SV8761,Computer Networks,33,Low,1,1.8
SV8762,Data Science,79,High,3,5.7
SV8763,Machine Learning,3,Medium,2,1.1
SV8764,Software Engineering,71,Medium,2,3.3
SV8765,Cybersecurity,97,High,3,5.5
SV8766,Machine Learning,88,High,3,6.6
SV8767,Machine Learning,78,High,3,6.3
SV8768,Data Science,27,Low,1,1.5
SV8769,Artificial Intelligence,72,Medium,2,2.8
SV8770,Artificial Intelligence,1,Low,1,1.5
SV8771,Cybersecurity,16,Low,1,0.8
SV8772,Web Development,57,Medium,2,3.3
SV8773,Data Science,73,Medium,2,2.9
SV8774,Data Science,8,Low,1,1.1
SV8775,Mobile App Development,30,Low,1,1.2
SV8776,Machine Learning,65,Low,1,3.8
SV8777,Mobile App Development,87,High,3,5.7
SV8778,Machine Learning,61,Medium,2,3.1
SV8779,Artificial Intelligence,18,Low,1,2.3
SV8780,Cybersecurity,80,High,3,5.2
SV8781,Software Engineering,73,Medium,2,3.1
SV8782,Artificial Intelligence,54,Medium,2,3.8
SV8783,Data Science,27,Low,1,1.4
SV8784,Software Engineering,91,High,3,6.1
SV8785,Cloud Computing,49,High,3,4.0
SV8786,Software Engineering,64,Medium,2,3.3
SV8787,Software Engineering,2,Low,1,1.9
SV8788,Artificial Intelligence,78,High,3,5.8
SV8789,Data Science,51,High,3,2.9
SV8790,Software Engineering,9,Low,1,1.0
SV8791,Artificial Intelligence,20,Low,1,2.0
SV8792,Artificial Intelligence,36,Low,1,2.1
SV8793,Software Engineering,14,Low,1,1.4
SV8794,Machine Learning,86,High,3,5.4
SV8795,Data Science,77,High,3,5.6
SV8796,Database Systems,78,High,3,6.2
SV8797,Software Engineering,73,High,3,3.6
SV8798,Mobile App Development,8,Low,1,1.9
SV8799,Mobile App Development,43,Low,1,2.0
SV8800,Cloud Computing,38,Low,1,1.0
SV8801,Data Science,4,Low,1,1.1
SV8802,Artificial Intelligence,24,Low,1,1.2
SV8803,Computer Networks,55,Medium,2,3.8
SV8804,Cybersecurity,89,High,3,6.2
SV8805,Web Development,63,Medium,2,3.9
SV8806,Computer Networks,71,Medium,2,3.6
SV8807,Data Science,85,High,3,6.0
SV8808,Data Science,51,Medium,2,4.0
SV8809,Software Engineering,88,High,3,6.4
SV8810,Software Engineering,75,Medium,2,3.1
SV8811,Computer Networks,8,Medium,2,1.4
SV8812,Artificial Intelligence,9,Medium,2,1.3
SV8813,Cloud Computing,9,Medium,2,2.2
SV8814,Software Engineering,72,Medium,2,2.7
SV8815,Web Development,61,Medium,2,4.2
SV8816,Web Development,89,High,3,5.5
SV8817,Cloud Computing,98,High,3,6.5
SV8818,Machine Learning,90,High,3,6.6
SV8819,Machine Learning,59,Medium,2,4.2
SV8820,Data Science,94,High,3,5.4
SV8821,Software Engineering,18,Low,1,2.2
SV8822,Mobile App Development,37,Low,1,0.8
SV8823,Computer Networks,5,Low,1,1.3
SV8824,Database Systems,14,Low,1,1.9
SV8825,Cloud Computing,92,High,3,5.2
SV8826,Data Science,46,High,3,3.0
SV8827,Mobile App Development,44,Low,1,0.8
SV8828,Software Engineering,4,Low,1,0.7
SV8829,Mobile App Development,77,High,3,6.2
SV8830,Mobile App Development,52,Low,1,3.2
SV8831,Cloud Computing,65,Medium,2,2.9
SV8832,Data Science,61,Medium,2,3.4
SV8833,Artificial Intelligence,22,Low,1,1.1
SV8834,Web Development,43,Medium,2,1.3
SV8835,Computer Networks,51,Medium,2,2.9
SV8836,Data Science,45,Low,1,1.1
SV8837,Database Systems,18,Low,1,1.1
SV8838,Mobile App Development,87,High,3,6.6
SV8839,Artificial Intelligence,83,High,3,5.4
SV8840,Cloud Computing,46,Medium,2,3.7
SV8841,Cybersecurity,90,Medium,2,5.9
SV8842,Computer Networks,51,Medium,2,3.4
SV8843,Computer Networks,23,Low,1,1.0
SV8844,Web Development,16,Low,1,1.1
SV8845,Cybersecurity,88,High,3,6.4
SV8846,Software Engineering,45,Low,1,1.3
SV8847,Cybersecurity,63,Medium,2,3.7
SV8848,Mobile App Development,94,High,3,6.7
SV8849,Mobile App Development,27,Low,1,1.6
SV8850,Mobile App Development,49,Medium,2,4.0
SV8851,Mobile App Development,63,Medium,2,3.8
SV8852,Data Science,27,Low,1,1.4
SV8853,Computer Networks,85,High,3,6.7
SV8854,Cybersecurity,55,Medium,2,3.3
SV8855,Computer Networks,58,Medium,2,2.7
SV8856,Database Systems,4,Low,1,1.8
SV8857,Cybersecurity,53,Medium,2,4.2
SV8858,Data Science,43,Low,1,1.4
SV8859,Database Systems,41,Low,1,1.9
SV8860,Computer Networks,71,Medium,2,3.0
SV8861,Database Systems,91,High,3,5.7
SV8862,Web Development,56,Medium,2,3.7
SV8863,Database Systems,46,Low,1,4.3
SV8864,Cybersecurity,75,Medium,2,4.3
SV8865,Mobile App Development,24,Low,1,2.3
SV8866,Mobile App Development,43,Low,1,0.8
SV8867,Software Engineering,14,Low,1,1.4
SV8868,Computer Networks,50,Low,1,3.5
SV8869,Web Development,52,Medium,2,3.2
SV8870,Cybersecurity,33,Low,1,1.0
SV8871,Cybersecurity,76,High,3,6.1
SV8872,Cloud Computing,7,Medium,2,1.3
SV8873,Machine Learning,76,High,3,6.1
SV8874,Computer Networks,99,High,3,5.2
SV8875,Cybersecurity,69,Medium,2,4.0
SV8876,Artificial Intelligence,95,Medium,2,6.1
SV8877,Cybersecurity,20,Low,1,1.6
SV8878,Cloud Computing,6,Low,1,1.8
SV8879,Database Systems,89,Medium,2,6.5
SV8880,Data Science,78,Medium,2,5.4
SV8881,Data Science,55,Medium,2,3.7
SV8882,Artificial Intelligence,48,High,3,2.9
SV8883,Artificial Intelligence,41,Low,1,1.3
SV8884,Software Engineering,22,Low,1,1.4
SV8885,Data Science,51,Medium,2,3.6
SV8886,Database Systems,78,High,3,5.8
SV8887,Data Science,52,Medium,2,4.0
SV8888,Machine Learning,15,Medium,2,1.9
SV8889,Computer Networks,95,High,3,6.0
SV8890,Data Science,36,Low,1,1.9
SV8891,Mobile App Development,17,Low,1,2.1
SV8892,Software Engineering,19,Low,1,1.9
SV8893,Cloud Computing,45,Low,1,1.1
SV8894,Artificial Intelligence,1,Low,1,2.2
SV8895,Machine Learning,86,High,3,6.4
SV8896,Artificial Intelligence,93,Medium,2,6.6
SV8897,Software Engineering,62,Medium,2,3.2
SV8898,Cybersecurity,2,Low,1,0.9
SV8899,Machine Learning,45,Low,1,1.9
SV8900,Web Development,48,Medium,2,2.7
SV8901,Machine Learning,0,Low,1,1.5
SV8902,Software Engineering,21,Low,1,0.8
SV8903,Cloud Computing,92,High,3,6.3
SV8904,Machine Learning,13,Low,1,1.6
SV8905,Software Engineering,91,High,3,5.5
SV8906,Database Systems,84,High,3,5.4
SV8907,Computer Networks,44,Low,1,1.3
SV8908,Data Science,95,High,3,6.4
SV8909,Database Systems,5,Low,1,2.1
SV8910,Software Engineering,64,Medium,2,3.9
SV8911,Mobile App Development,20,Low,1,2.0
SV8912,Cybersecurity,3,Low,1,0.9
SV8913,Data Science,2,Low,1,2.2
SV8914,Mobile App Development,29,Low,1,2.2
SV8915,Cloud Computing,30,Low,1,2.2
SV8916,Artificial Intelligence,33,Medium,2,2.2
SV8917,Web Development,82,High,3,6.6
SV8918,Data Science,19,Medium,2,1.2
SV8919,Database Systems,86,High,3,6.4
SV8920,Cybersecurity,53,Medium,2,3.9
SV8921,Mobile App Development,24,Low,1,1.5
SV8922,Software Engineering,14,Low,1,1.2
SV8923,Data Science,37,Low,1,2.0
SV8924,Artificial Intelligence,22,Low,1,2.0
SV8925,Software Engineering,51,Medium,2,3.5
SV8926,Mobile App Development,65,Medium,2,3.1
SV8927,Cybersecurity,56,Medium,2,2.7
SV8928,Machine Learning,56,Medium,2,4.2
SV8929,Artificial Intelligence,78,High,3,6.1
SV8930,Software Engineering,51,High,3,4.1
SV8931,Artificial Intelligence,34,Low,1,2.0
SV8932,Cloud Computing,73,Medium,2,4.1
SV8933,Software Engineering,13,Medium,2,1.5
SV8934,Data Science,90,High,3,5.9
SV8935,Machine Learning,13,Low,1,1.0
SV8936,Machine Learning,98,High,3,6.1
SV8937,Web Development,32,Low,1,0.9
SV8938,Artificial Intelligence,51,Medium,2,3.0
SV8939,Database Systems,0,Low,1,1.7
SV8940,Machine Learning,33,Low,1,0.8
SV8941,Machine Learning,18,Low,1,1.9
SV8942,Cloud Computing,23,Low,1,1.3
SV8943,Computer Networks,3,Low,1,1.7
SV8944,Cloud Computing,35,Low,1,1.7
SV8945,Cloud Computing,76,High,3,6.0
SV8946,Computer Networks,57,Medium,2,4.1
SV8947,Artificial Intelligence,31,Low,1,2.2
SV8948,Software Engineering,8,Low,1,2.1
SV8949,Cybersecurity,79,High,3,6.6
SV8950,Database Systems,66,Low,1,3.8
SV8951,Machine Learning,19,Low,1,1.0
SV8952,Web Development,73,Medium,2,4.0
SV8953,Database Systems,61,Medium,2,3.3
SV8954,Software Engineering,57,Medium,2,3.5
SV8955,Computer Networks,21,Low,1,0.9
SV8956,Database Systems,66,Medium,2,3.1
SV8957,Machine Learning,74,Medium,2,3.9
SV8958,Database Systems,88,High,3,6.4
SV8959,Cybersecurity,47,Low,1,3.5
SV8960,Computer Networks,7,Low,1,2.1
SV8961,Database Systems,72,Medium,2,4.1
SV8962,Machine Learning,14,Low,1,1.9
SV8963,Machine Learning,31,Low,1,2.0
SV8964,Database Systems,52,Medium,2,3.6
SV8965,Artificial Intelligence,66,Low,1,3.8
SV8966,Web Development,3,Low,1,0.7
SV8967,Mobile App Development,29,Low,1,2.2
SV8968,Cloud Computing,12,Low,1,2.1
SV8969,Computer Networks,20,Medium,2,2.2
SV8970,Mobile App Development,40,Low,1,2.1
SV8971,Software Engineering,18,Low,1,0.9
SV8972,Software Engineering,47,Medium,2,3.5
SV8973,Machine Learning,85,Medium,2,6.3
SV8974,Software Engineering,62,Medium,2,4.1
SV8975,Artificial Intelligence,19,Low,1,1.6
SV8976,Web Development,63,Medium,2,3.4
SV8977,Software Engineering,36,Medium,2,0.9
SV8978,Cybersecurity,30,Low,1,1.7
SV8979,Web Development,73,Medium,2,3.2
SV8980,Artificial Intelligence,17,Low,1,1.1
SV8981,Mobile App Development,19,Low,1,2.1
SV8982,Web Development,81,High,3,5.6
SV8983,Web Development,10,Low,1,0.9
SV8984,Mobile App Development,85,High,3,5.9
SV8985,Artificial Intelligence,43,Medium,2,1.3
SV8986,Software Engineering,81,High,3,5.6
SV8987,Machine Learning,63,Low,1,2.8
SV8988,Computer Networks,33,Low,1,1.2
SV8989,Mobile App Development,86,High,3,6.5
SV8990,Mobile App Development,64,Medium,2,3.2
SV8991,Mobile App Development,54,Medium,2,3.5
SV8992,Mobile App Development,73,Medium,2,3.3
SV8993,Computer Networks,0,Low,1,1.0
SV8994,Computer Networks,37,Medium,2,2.1
SV8995,Software Engineering,8,Medium,2,1.3
SV8996,Database Systems,94,High,3,5.9
SV8997,Database Systems,70,Medium,2,4.0
SV8998,Data Science,16,Low,1,1.1
SV8999,Mobile App Development,98,High,3,6.5
SV9000,Mobile App Development,100,High,3,5.8
SV9001,Web Development,51,High,3,3.3
SV9002,Database Systems,17,Low,1,1.7
SV9003,Software Engineering,62,Medium,2,2.8
SV9004,Machine Learning,32,Low,1,0.8
SV9005,Data Science,3,Low,1,1.1
SV9006,Data Science,86,High,3,5.9
SV9007,Software Engineering,74,High,3,3.8
SV9008,Machine Learning,51,High,3,3.8
SV9009,Web Development,8,Low,1,1.1
SV9010,Computer Networks,63,High,3,3.7
SV9011,Cloud Computing,29,Medium,2,0.9
SV9012,Database Systems,7,Low,1,1.3
SV9013,Mobile App Development,4,Low,1,1.1
SV9014,Software Engineering,75,Medium,2,3.7
SV9015,Database Systems,62,Medium,2,2.8
SV9016,Mobile App Development,0,Low,1,1.4
SV9017,Cloud Computing,14,Low,1,1.4
SV9018,Cloud Computing,88,High,3,6.1
SV9019,Computer Networks,81,High,3,6.0
SV9020,Artificial Intelligence,37,Low,1,1.3
SV9021,Cloud Computing,41,Low,1,1.5
SV9022,Database Systems,45,Low,1,1.1
SV9023,Cybersecurity,52,Medium,2,3.9
SV9024,Cybersecurity,25,Low,1,1.5
SV9025,Mobile App Development,60,High,3,3.3
SV9026,Mobile App Development,66,Medium,2,4.0
SV9027,Artificial Intelligence,53,Medium,2,3.8
SV9028,Cybersecurity,21,Low,1,0.7
SV9029,Mobile App Development,25,Low,1,1.3
SV9030,Cloud Computing,82,High,3,5.5
SV9031,Mobile App Development,59,Medium,2,3.9
SV9032,Data Science,38,Low,1,2.0
SV9033,Artificial Intelligence,35,Low,1,2.1
SV9034,Software Engineering,20,Low,1,1.5
SV9035,Machine Learning,40,Low,1,1.0
SV9036,Web Development,47,Medium,2,3.4
SV9037,Machine Learning,25,Low,1,0.9
SV9038,Machine Learning,62,Medium,2,4.1
SV9039,Computer Networks,76,High,3,5.8
SV9040,Software Engineering,35,Low,1,1.1
SV9041,Mobile App Development,23,Low,1,1.0
SV9042,Computer Networks,89,High,3,6.3
SV9043,Machine Learning,20,Low,1,1.6
SV9044,Data Science,17,Low,1,1.7
SV9045,Web Development,14,Low,1,2.0
SV9046,Machine Learning,78,High,3,6.2
SV9047,Cybersecurity,5,Medium,2,2.2
SV9048,Software Engineering,42,Low,1,0.7
SV9049,Software Engineering,30,Low,1,2.1
SV9050,Software Engineering,27,Low,1,1.0
SV9051,Artificial Intelligence,7,Low,1,1.7
SV9052,Artificial Intelligence,28,Low,1,1.2
SV9053,Cloud Computing,20,Low,1,1.9
SV9054,Database Systems,80,High,3,5.3
SV9055,Web Development,87,High,3,6.2
SV9056,Computer Networks,57,Medium,2,4.0
SV9057,Mobile App Development,59,Medium,2,4.1
SV9058,Machine Learning,49,Medium,2,2.9
SV9059,Database Systems,99,High,3,6.5
SV9060,Mobile App Development,30,Low,1,2.2
SV9061,Computer Networks,46,Medium,2,3.8
SV9062,Database Systems,33,Low,1,0.9
SV9063,Mobile App Development,1,Low,1,1.0
SV9064,Data Science,66,Low,1,4.2
SV9065,Artificial Intelligence,93,High,3,5.5
SV9066,Computer Networks,71,Medium,2,2.8
SV9067,Web Development,51,Medium,2,3.7
SV9068,Cybersecurity,6,Low,1,0.7
SV9069,Data Science,75,Medium,2,3.0
SV9070,Artificial Intelligence,18,Medium,2,1.8
SV9071,Software Engineering,89,High,3,5.3
SV9072,Artificial Intelligence,91,High,3,6.2
SV9073,Database Systems,14,Low,1,1.2
SV9074,Cloud Computing,77,High,3,5.9
SV9075,Data Science,47,Medium,2,3.3
SV9076,Software Engineering,13,Low,1,2.2
SV9077,Database Systems,2,Low,1,1.6
SV9078,Computer Networks,49,Medium,2,2.9
SV9079,Web Development,92,High,3,6.4
SV9080,Artificial Intelligence,53,Medium,2,3.1
SV9081,Computer Networks,5,Low,1,1.3
SV9082,Software Engineering,48,High,3,3.6
SV9083,Database Systems,22,Low,1,1.2
SV9084,Cloud Computing,91,High,3,6.0
SV9085,Artificial Intelligence,77,High,3,6.7
SV9086,Web Development,77,High,3,5.5
SV9087,Cloud Computing,19,Low,1,1.9
SV9088,Mobile App Development,76,Medium,2,6.6
SV9089,Database Systems,90,High,3,6.0
SV9090,Computer Networks,59,Medium,2,3.8
SV9091,Artificial Intelligence,98,High,3,5.2
SV9092,Artificial Intelligence,44,Low,1,1.0
SV9093,Software Engineering,60,Medium,2,3.4
SV9094,Web Development,55,Medium,2,3.9
SV9095,Cybersecurity,1,Low,1,1.9
SV9096,Mobile App Development,44,Low,1,1.3
SV9097,Cloud Computing,39,Low,1,2.2
SV9098,Data Science,23,Low,1,0.7
SV9099,Data Science,28,Medium,2,1.9
SV9100,Artificial Intelligence,66,Medium,2,2.8
SV9101,Software Engineering,67,Medium,2,3.7
SV9102,Machine Learning,65,Medium,2,3.1
SV9103,Artificial Intelligence,83,High,3,5.5
SV9104,Data Science,53,Low,1,3.5
SV9105,Data Science,52,Medium,2,3.6
SV9106,Mobile App Development,78,High,3,5.4
SV9107,Computer Networks,48,Low,1,2.8
SV9108,Machine Learning,31,Low,1,1.8
SV9109,Artificial Intelligence,60,Medium,2,3.5
SV9110,Mobile App Development,41,Low,1,1.2
SV9111,Software Engineering,0,Low,1,1.7
SV9112,Mobile App Development,62,Medium,2,3.9
SV9113,Artificial Intelligence,34,Low,1,1.1
SV9114,Database Systems,50,Medium,2,4.2
SV9115,Cybersecurity,70,Low,1,3.0
SV9116,Artificial Intelligence,44,Low,1,1.7
SV9117,Web Development,76,High,3,6.7
SV9118,Data Science,64,Medium,2,4.1
SV9119,Machine Learning,13,Low,1,2.0
SV9120,Machine Learning,92,High,3,5.6
SV9121,Computer Networks,2,Medium,2,0.8
SV9122,Cybersecurity,23,Medium,2,1.4
SV9123,Web Development,64,High,3,3.6
SV9124,Data Science,47,Medium,2,2.7
SV9125,Machine Learning,9,Low,1,1.9
SV9126,Web Development,12,Low,1,1.0
SV9127,Mobile App Development,99,High,3,5.9
SV9128,Computer Networks,72,Medium,2,3.4
SV9129,Artificial Intelligence,13,Low,1,1.2
SV9130,Artificial Intelligence,99,High,3,6.7
SV9131,Database Systems,9,Low,1,1.6
SV9132,Data Science,39,Low,1,1.9
SV9133,Web Development,22,Low,1,1.9
SV9134,Cloud Computing,98,Medium,2,6.1
SV9135,Machine Learning,54,Medium,2,2.9
SV9136,Software Engineering,62,Low,1,4.0
SV9137,Software Engineering,70,Medium,2,3.4
SV9138,Artificial Intelligence,41,Medium,2,1.9
SV9139,Cloud Computing,98,High,3,6.7
SV9140,Software Engineering,65,Medium,2,3.9
SV9141,Cybersecurity,78,High,3,6.5
SV9142,Cybersecurity,72,Medium,2,2.9
SV9143,Data Science,46,Medium,2,3.1
SV9144,Cloud Computing,80,High,3,6.5
SV9145,Cybersecurity,51,Medium,2,3.6
SV9146,Cybersecurity,17,Low,1,1.2
SV9147,Artificial Intelligence,78,Medium,2,6.0
SV9148,Software Engineering,17,Medium,2,2.0
SV9149,Data Science,23,Low,1,0.8
SV9150,Web Development,22,Low,1,2.0
SV9151,Mobile App Development,11,Low,1,1.4
SV9152,Machine Learning,22,Low,1,2.2
SV9153,Machine Learning,20,Low,1,1.1
SV9154,Computer Networks,63,Medium,2,4.3
SV9155,Mobile App Development,89,High,3,6.2
SV9156,Mobile App Development,71,Medium,2,2.7
SV9157,Machine Learning,93,High,3,6.1
SV9158,Machine Learning,33,Low,1,2.1
SV9159,Web Development,1,Low,1,1.5
SV9160,Cloud Computing,68,Medium,2,3.7
SV9161,Cloud Computing,30,Low,1,2.1
SV9162,Web Development,96,High,3,6.3
SV9163,Software Engineering,67,Medium,2,2.9
SV9164,Mobile App Development,69,Medium,2,3.6
SV9165,Database Systems,86,High,3,6.6
SV9166,Mobile App Development,18,Low,1,0.8
SV9167,Computer Networks,71,Medium,2,4.3
SV9168,Machine Learning,12,Low,1,1.8
SV9169,Mobile App Development,64,Medium,2,3.7
SV9170,Machine Learning,5,Low,1,1.1
SV9171,Mobile App Development,70,Medium,2,2.9
SV9172,Computer Networks,26,Low,1,0.8
SV9173,Software Engineering,78,High,3,5.8
SV9174,Database Systems,51,Medium,2,3.2
SV9175,Cybersecurity,97,High,3,5.9
SV9176,Web Development,86,High,3,6.3
SV9177,Web Development,47,Medium,2,4.2
SV9178,Database Systems,87,Medium,2,6.7
SV9179,Mobile App Development,78,High,3,6.3
SV9180,Cybersecurity,98,High,3,5.4
SV9181,Computer Networks,67,Medium,2,3.1
SV9182,Cloud Computing,43,Low,1,1.2
SV9183,Mobile App Development,100,High,3,5.2
SV9184,Software Engineering,16,Low,1,1.1
SV9185,Machine Learning,94,High,3,6.8
SV9186,Data Science,37,Low,1,1.4
SV9187,Mobile App Development,9,Low,1,2.0
SV9188,Data Science,53,Low,1,4.2
SV9189,Mobile App Development,90,High,3,5.7
SV9190,Database Systems,5,Medium,2,2.2
SV9191,Data Science,5,Low,1,0.7
SV9192,Mobile App Development,51,Medium,2,3.2
SV9193,Web Development,14,Low,1,1.0
SV9194,Data Science,67,Medium,2,3.9
SV9195,Mobile App Development,56,Medium,2,4.2
SV9196,Cloud Computing,55,Medium,2,2.8
SV9197,Machine Learning,6,Low,1,2.1
SV9198,Cloud Computing,50,High,3,3.9
SV9199,Cybersecurity,57,Medium,2,4.3
SV9200,Mobile App Development,63,High,3,3.0
SV9201,Artificial Intelligence,25,Low,1,1.6
SV9202,Software Engineering,57,Medium,2,4.3
SV9203,Cloud Computing,30,Low,1,1.7
SV9204,Data Science,65,Medium,2,3.5
SV9205,Database Systems,91,High,3,5.6
SV9206,Software Engineering,12,Low,1,2.2
SV9207,Artificial Intelligence,17,Low,1,1.6
SV9208,Computer Networks,93,High,3,5.9
SV9209,Mobile App Development,74,Medium,2,4.0
SV9210,Database Systems,12,Low,1,1.8
SV9211,Mobile App Development,23,Low,1,0.7
SV9212,Cybersecurity,56,Medium,2,3.1
SV9213,Artificial Intelligence,28,Low,1,1.9
SV9214,Mobile App Development,55,Medium,2,4.0
SV9215,Data Science,53,Medium,2,3.9
SV9216,Cybersecurity,4,Low,1,1.1
SV9217,Web Development,34,Low,1,1.0
SV9218,Computer Networks,18,Low,1,1.5
SV9219,Artificial Intelligence,54,Medium,2,3.7
SV9220,Machine Learning,76,High,3,5.3
SV9221,Database Systems,68,Medium,2,4.1
SV9222,Cloud Computing,43,Low,1,0.8
SV9223,Mobile App Development,77,High,3,5.9
SV9224,Database Systems,37,Low,1,1.5
SV9225,Database Systems,61,High,3,3.9
SV9226,Machine Learning,21,Medium,2,1.5
SV9227,Machine Learning,72,Low,1,4.2
SV9228,Cybersecurity,39,Low,1,1.9
SV9229,Artificial Intelligence,25,Low,1,1.9
SV9230,Data Science,4,Medium,2,1.3
SV9231,Computer Networks,92,High,3,5.6
SV9232,Machine Learning,53,Medium,2,3.0
SV9233,Machine Learning,85,High,3,5.8
SV9234,Cloud Computing,48,Medium,2,3.4
SV9235,Web Development,2,Low,1,0.9
SV9236,Machine Learning,91,High,3,6.6
SV9237,Web Development,37,Low,1,1.0
SV9238,Cybersecurity,13,Low,1,1.0
SV9239,Data Science,46,Low,1,3.7
SV9240,Database Systems,13,Low,1,1.0
SV9241,Machine Learning,74,High,3,3.2
SV9242,Mobile App Development,72,High,3,3.0
SV9243,Web Development,37,Low,1,1.5
SV9244,Cloud Computing,63,Low,1,3.9
SV9245,Computer Networks,43,Low,1,1.0
SV9246,Cloud Computing,69,Medium,2,3.4
SV9247,Machine Learning,64,Medium,2,3.8
SV9248,Artificial Intelligence,24,Low,1,1.0
SV9249,Database Systems,15,Low,1,2.2
SV9250,Data Science,14,Low,1,1.7
SV9251,Mobile App Development,97,Medium,2,6.3
SV9252,Artificial Intelligence,80,High,3,6.3
SV9253,Cloud Computing,2,Medium,2,0.9
SV9254,Web Development,66,Medium,2,4.3
SV9255,Web Development,36,Low,1,1.9
SV9256,Artificial Intelligence,80,High,3,6.3
SV9257,Web Development,54,Medium,2,3.0
SV9258,Cloud Computing,37,Low,1,1.0
SV9259,Artificial Intelligence,62,Medium,2,3.5
SV9260,Cloud Computing,0,Low,1,1.2
SV9261,Mobile App Development,70,High,3,3.5
SV9262,Database Systems,89,High,3,6.7
SV9263,Computer Networks,18,Low,1,2.2
SV9264,Mobile App Development,51,Medium,2,4.1
SV9265,Mobile App Development,29,Low,1,2.0
SV9266,Web Development,54,Medium,2,3.1
SV9267,Machine Learning,13,Low,1,1.9
SV9268,Software Engineering,12,Low,1,1.9
SV9269,Web Development,83,High,3,6.7
SV9270,Machine Learning,89,High,3,6.1
SV9271,Cloud Computing,26,Low,1,1.1
SV9272,Software Engineering,88,High,3,6.0
SV9273,Web Development,8,Low,1,2.1
SV9274,Software Engineering,40,Low,1,1.9
SV9275,Software Engineering,47,Medium,2,3.5
SV9276,Cybersecurity,11,Low,1,1.7
SV9277,Database Systems,9,Low,1,1.0
SV9278,Cybersecurity,5,Low,1,0.8
SV9279,Machine Learning,33,Low,1,0.7
SV9280,Data Science,51,Medium,2,3.8
SV9281,Artificial Intelligence,40,Low,1,1.2
SV9282,Computer Networks,82,High,3,6.1
SV9283,Data Science,5,Low,1,1.8
SV9284,Artificial Intelligence,1,Low,1,1.6
SV9285,Machine Learning,14,Low,1,1.5
SV9286,Machine Learning,16,Low,1,2.1
SV9287,Cloud Computing,15,Low,1,1.5
SV9288,Computer Networks,27,Medium,2,1.6
SV9289,Database Systems,84,High,3,5.4
SV9290,Software Engineering,71,Medium,2,4.1
SV9291,Cybersecurity,9,Low,1,1.7
SV9292,Cybersecurity,9,Low,1,1.7
SV9293,Machine Learning,9,Low,1,1.4
SV9294,Cybersecurity,72,Medium,2,3.8
SV9295,Machine Learning,27,Low,1,2.0
SV9296,Software Engineering,23,Low,1,0.9
SV9297,Machine Learning,18,Low,1,2.0
SV9298,Cloud Computing,96,High,3,6.1
SV9299,Database Systems,67,High,3,4.2
SV9300,Mobile App Development,55,Medium,2,3.0
SV9301,Web Development,66,Medium,2,2.9
SV9302,Database Systems,41,Low,1,0.9
SV9303,Database Systems,11,Low,1,1.7
SV9304,Data Science,17,Low,1,1.6
SV9305,Computer Networks,22,Low,1,1.8
SV9306,Computer Networks,83,High,3,5.7
SV9307,Artificial Intelligence,5,Medium,2,1.6
SV9308,Web Development,52,Medium,2,3.5
SV9309,Software Engineering,97,High,3,6.4
SV9310,Mobile App Development,41,Low,1,2.3
SV9311,Mobile App Development,65,Medium,2,3.8
SV9312,Computer Networks,29,Low,1,1.3
SV9313,Database Systems,8,Low,1,2.3
SV9314,Cloud Computing,90,Medium,2,5.7
SV9315,Artificial Intelligence,41,Low,1,0.7
SV9316,Machine Learning,33,Low,1,1.2
SV9317,Artificial Intelligence,39,Low,1,2.0
SV9318,Data Science,87,High,3,6.3
SV9319,Artificial Intelligence,16,Low,1,2.0
SV9320,Database Systems,28,Low,1,0.8
SV9321,Software Engineering,99,Medium,2,5.7
SV9322,Database Systems,49,Low,1,3.5
SV9323,Computer Networks,75,Medium,2,3.6
SV9324,Software Engineering,94,High,3,6.0
SV9325,Cybersecurity,48,Medium,2,3.0
SV9326,Software Engineering,72,Medium,2,3.8
SV9327,Artificial Intelligence,60,Medium,2,4.1
SV9328,Artificial Intelligence,82,High,3,6.3
SV9329,Artificial Intelligence,45,Low,1,0.9
SV9330,Cybersecurity,45,Low,1,1.1
SV9331,Computer Networks,16,Low,1,0.9
SV9332,Machine Learning,65,Medium,2,3.9
SV9333,Web Development,4,Low,1,1.4
SV9334,Computer Networks,53,Medium,2,3.8
SV9335,Artificial Intelligence,15,Low,1,1.3
SV9336,Computer Networks,80,High,3,5.6
SV9337,Data Science,90,High,3,6.4
SV9338,Mobile App Development,6,Medium,2,1.1
SV9339,Mobile App Development,7,Low,1,1.1
SV9340,Web Development,71,Medium,2,3.0
SV9341,Web Development,86,High,3,5.9
SV9342,Machine Learning,95,High,3,5.5
SV9343,Data Science,81,High,3,6.5
SV9344,Database Systems,37,Low,1,2.2
SV9345,Computer Networks,53,Medium,2,4.0
SV9346,Software Engineering,75,Medium,2,3.5
SV9347,Software Engineering,14,Medium,2,1.3
SV9348,Database Systems,91,Medium,2,6.4
SV9349,Mobile App Development,49,Medium,2,4.0
SV9350,Database Systems,55,Low,1,3.7
SV9351,Computer Networks,94,High,3,6.6
SV9352,Data Science,8,Low,1,2.0
SV9353,Artificial Intelligence,7,Low,1,0.7
SV9354,Cybersecurity,18,Low,1,1.2
SV9355,Artificial Intelligence,50,Medium,2,2.9
SV9356,Cybersecurity,71,Medium,2,3.0
SV9357,Software Engineering,97,High,3,5.3
SV9358,Web Development,56,Medium,2,3.7
SV9359,Computer Networks,67,High,3,4.1
SV9360,Artificial Intelligence,30,Low,1,0.8
SV9361,Database Systems,2,Low,1,1.9
SV9362,Data Science,98,High,3,5.7
SV9363,Data Science,82,High,3,5.8
SV9364,Mobile App Development,42,Low,1,1.4
SV9365,Data Science,28,Low,1,1.6
SV9366,Data Science,9,Low,1,2.0
SV9367,Web Development,11,Low,1,1.8
SV9368,Database Systems,45,Low,1,2.3
SV9369,Software Engineering,29,Low,1,1.0
SV9370,Data Science,93,High,3,5.5
SV9371,Software Engineering,81,Medium,2,6.0
SV9372,Web Development,87,High,3,5.5
SV9373,Data Science,31,Low,1,2.2
SV9374,Computer Networks,72,Medium,2,2.9
SV9375,Mobile App Development,46,High,3,3.2
SV9376,Artificial Intelligence,87,High,3,5.6
SV9377,Computer Networks,62,Medium,2,3.3
SV9378,Cloud Computing,25,Medium,2,1.4
SV9379,Machine Learning,2,Low,1,2.2
SV9380,Data Science,22,Medium,2,0.9
SV9381,Software Engineering,74,Medium,2,3.3
SV9382,Machine Learning,73,Medium,2,3.3
SV9383,Cybersecurity,49,Medium,2,3.0
SV9384,Data Science,35,Low,1,1.6
SV9385,Cloud Computing,12,Low,1,1.6
SV9386,Web Development,28,Medium,2,1.8
SV9387,Mobile App Development,37,Low,1,2.2
SV9388,Cloud Computing,76,High,3,5.4
SV9389,Software Engineering,89,High,3,5.5
SV9390,Web Development,83,High,3,6.7
SV9391,Artificial Intelligence,4,Low,1,1.4
SV9392,Web Development,19,Low,1,1.2
SV9393,Data Science,77,High,3,6.2
SV9394,Machine Learning,13,Low,1,2.0
SV9395,Machine Learning,7,Low,1,2.3
SV9396,Software Engineering,47,Medium,2,3.7
SV9397,Web Development,12,Low,1,1.3
SV9398,Cloud Computing,23,Low,1,1.5
SV9399,Software Engineering,78,High,3,6.1
SV9400,Mobile App Development,64,High,3,4.3
SV9401,Software Engineering,85,High,3,6.1
SV9402,Software Engineering,33,Low,1,1.1
SV9403,Artificial Intelligence,50,Medium,2,3.6
SV9404,Computer Networks,2,Low,1,0.8
SV9405,Data Science,89,High,3,5.7
SV9406,Artificial Intelligence,77,High,3,6.0
SV9407,Machine Learning,57,Medium,2,4.2
SV9408,Machine Learning,71,Medium,2,4.3
SV9409,Cybersecurity,54,Medium,2,3.7
SV9410,Cybersecurity,79,High,3,6.3
SV9411,Cloud Computing,41,Low,1,1.2
SV9412,Machine Learning,20,Medium,2,1.4
SV9413,Computer Networks,9,Medium,2,1.0
SV9414,Artificial Intelligence,56,High,3,3.8
SV9415,Mobile App Development,24,Low,1,1.3
SV9416,Computer Networks,55,High,3,3.6
SV9417,Cybersecurity,37,Low,1,0.9
SV9418,Web Development,85,High,3,6.6
SV9419,Computer Networks,60,Medium,2,3.9
SV9420,Computer Networks,46,Low,1,4.2
SV9421,Computer Networks,53,High,3,3.3
SV9422,Computer Networks,45,Low,1,1.8
SV9423,Computer Networks,67,Low,1,3.5
SV9424,Cybersecurity,3,Low,1,1.5
SV9425,Machine Learning,93,Medium,2,5.3
SV9426,Software Engineering,65,Low,1,3.7
SV9427,Computer Networks,92,High,3,5.6
SV9428,Computer Networks,42,Low,1,2.1
SV9429,Data Science,61,Medium,2,4.0
SV9430,Machine Learning,99,High,3,5.3
SV9431,Software Engineering,84,High,3,6.0
SV9432,Mobile App Development,84,High,3,5.7
SV9433,Mobile App Development,84,High,3,6.3
SV9434,Web Development,3,Low,1,0.9
SV9435,Database Systems,64,Medium,2,3.5
SV9436,Artificial Intelligence,61,Medium,2,3.9
SV9437,Data Science,89,High,3,5.5
SV9438,Machine Learning,1,Low,1,0.7
SV9439,Machine Learning,8,Low,1,1.9
SV9440,Database Systems,56,Medium,2,4.0
SV9441,Web Development,44,Medium,2,1.7
SV9442,Cloud Computing,17,Low,1,1.3
SV9443,Cybersecurity,47,Low,1,3.7
SV9444,Web Development,41,Low,1,1.7
SV9445,Software Engineering,40,Low,1,2.0
SV9446,Web Development,74,Medium,2,3.1
SV9447,Database Systems,88,High,3,6.2
SV9448,Database Systems,89,High,3,6.8
SV9449,Artificial Intelligence,57,High,3,3.6
SV9450,Data Science,99,High,3,5.6
SV9451,Computer Networks,41,Low,1,1.0
SV9452,Mobile App Development,34,Low,1,1.5
SV9453,Database Systems,37,Low,1,1.8
SV9454,Artificial Intelligence,66,Medium,2,2.8
SV9455,Cybersecurity,40,Low,1,1.4
SV9456,Mobile App Development,98,High,3,5.6
SV9457,Cloud Computing,49,Medium,2,3.0
SV9458,Machine Learning,85,High,3,6.6
SV9459,Cybersecurity,71,Medium,2,3.8
SV9460,Cloud Computing,78,High,3,5.8
SV9461,Mobile App Development,44,Low,1,2.2
SV9462,Cybersecurity,70,Medium,2,3.8
SV9463,Artificial Intelligence,18,Low,1,0.9
SV9464,Cloud Computing,16,Medium,2,1.3
SV9465,Machine Learning,64,Low,1,3.2
SV9466,Computer Networks,92,High,3,5.3
SV9467,Artificial Intelligence,76,High,3,5.8
SV9468,Software Engineering,55,Medium,2,2.7
SV9469,Machine Learning,92,High,3,5.5
SV9470,Data Science,40,Low,1,1.8
SV9471,Web Development,41,Low,1,0.9
SV9472,Data Science,5,Low,1,1.1
SV9473,Database Systems,68,Medium,2,3.8
SV9474,Computer Networks,97,High,3,6.1
SV9475,Software Engineering,74,Low,1,4.1
SV9476,Software Engineering,72,Medium,2,3.3
SV9477,Web Development,39,Low,1,0.9
SV9478,Cloud Computing,40,Low,1,1.8
SV9479,Web Development,8,Low,1,1.6
SV9480,Database Systems,7,Medium,2,1.5
SV9481,Data Science,43,Low,1,1.1
SV9482,Software Engineering,57,Low,1,3.6
SV9483,Data Science,66,Medium,2,3.5
SV9484,Machine Learning,12,Low,1,2.0
SV9485,Computer Networks,18,Medium,2,1.2
SV9486,Cybersecurity,97,High,3,6.6
SV9487,Database Systems,95,High,3,5.7
SV9488,Cybersecurity,48,Medium,2,3.1
SV9489,Database Systems,79,High,3,6.3
SV9490,Mobile App Development,99,High,3,5.5
SV9491,Computer Networks,81,High,3,5.9
SV9492,Machine Learning,77,High,3,6.1
SV9493,Computer Networks,29,Low,1,2.2
SV9494,Cloud Computing,65,Medium,2,2.7
SV9495,Database Systems,76,High,3,5.3
SV9496,Cybersecurity,90,High,3,5.8
SV9497,Database Systems,58,Medium,2,2.9
SV9498,Cloud Computing,52,Medium,2,3.7
SV9499,Database Systems,51,Medium,2,3.3
SV9500,Computer Networks,80,High,3,5.7
SV9501,Artificial Intelligence,30,Low,1,1.7
SV9502,Database Systems,14,Low,1,2.0
SV9503,Mobile App Development,19,Medium,2,1.5
SV9504,Mobile App Development,4,Low,1,2.2
SV9505,Software Engineering,6,Low,1,1.7
SV9506,Mobile App Development,17,Low,1,0.8
SV9507,Database Systems,55,Low,1,2.9
SV9508,Database Systems,74,Medium,2,3.4
SV9509,Artificial Intelligence,95,High,3,6.6
SV9510,Mobile App Development,90,High,3,5.8
SV9511,Data Science,89,Medium,2,6.1
SV9512,Database Systems,100,High,3,6.4
SV9513,Machine Learning,44,Low,1,1.6
SV9514,Machine Learning,27,Low,1,2.0
SV9515,Cybersecurity,49,Medium,2,3.1
SV9516,Artificial Intelligence,1,Low,1,2.2
SV9517,Cloud Computing,83,High,3,6.6
SV9518,Data Science,67,Low,1,2.8
SV9519,Database Systems,76,High,3,5.5
SV9520,Computer Networks,23,Low,1,0.9
SV9521,Web Development,47,Medium,2,3.1
SV9522,Web Development,44,Low,1,1.8
SV9523,Cloud Computing,92,High,3,6.4
SV9524,Software Engineering,57,Medium,2,3.8
SV9525,Computer Networks,35,Low,1,1.2
SV9526,Web Development,1,Low,1,1.9
SV9527,Cloud Computing,17,Low,1,2.2
SV9528,Web Development,48,Medium,2,3.2
SV9529,Artificial Intelligence,7,Low,1,1.2
SV9530,Cybersecurity,57,High,3,4.3
SV9531,Software Engineering,14,Low,1,0.9
SV9532,Artificial Intelligence,16,Low,1,1.5
SV9533,Computer Networks,22,Low,1,1.0
SV9534,Cloud Computing,65,Medium,2,2.8
SV9535,Data Science,69,Medium,2,4.1
SV9536,Computer Networks,92,Medium,2,5.5
SV9537,Computer Networks,26,Low,1,2.0
SV9538,Mobile App Development,36,Low,1,2.0
SV9539,Data Science,48,Medium,2,3.3
SV9540,Machine Learning,63,High,3,4.3
SV9541,Mobile App Development,33,Low,1,1.8
SV9542,Cloud Computing,17,Medium,2,1.4
SV9543,Machine Learning,63,Medium,2,3.8
SV9544,Web Development,73,High,3,3.8
SV9545,Web Development,43,Low,1,1.4
SV9546,Computer Networks,16,Low,1,1.0
SV9547,Mobile App Development,58,High,3,3.5
SV9548,Database Systems,12,Low,1,2.2
SV9549,Data Science,51,Medium,2,4.0
SV9550,Machine Learning,59,Medium,2,2.9
SV9551,Data Science,41,Low,1,2.3
SV9552,Mobile App Development,90,Medium,2,6.5
SV9553,Computer Networks,63,Medium,2,3.3
SV9554,Artificial Intelligence,65,Medium,2,4.1
SV9555,Web Development,33,Low,1,1.4
SV9556,Machine Learning,94,High,3,5.3
SV9557,Machine Learning,86,Medium,2,5.2
SV9558,Cloud Computing,70,Medium,2,3.5
SV9559,Machine Learning,63,Medium,2,3.5
SV9560,Mobile App Development,32,Low,1,2.0
SV9561,Machine Learning,11,Low,1,2.2
SV9562,Machine Learning,75,Medium,2,3.0
SV9563,Data Science,18,Low,1,0.8
SV9564,Computer Networks,8,Low,1,1.5
SV9565,Cybersecurity,73,Medium,2,2.7
SV9566,Machine Learning,16,Low,1,1.5
SV9567,Database Systems,49,Medium,2,2.9
SV9568,Computer Networks,38,Low,1,1.8
SV9569,Software Engineering,40,Low,1,1.3
SV9570,Cloud Computing,9,Low,1,1.5
SV9571,Data Science,11,Low,1,1.4
SV9572,Cloud Computing,78,High,3,5.3
SV9573,Artificial Intelligence,94,High,3,6.4
SV9574,Machine Learning,14,Low,1,1.2
SV9575,Web Development,27,Low,1,1.0
SV9576,Database Systems,3,Low,1,1.8
SV9577,Data Science,35,Low,1,0.8
SV9578,Cloud Computing,64,Medium,2,4.1
SV9579,Machine Learning,97,High,3,6.5
SV9580,Web Development,46,Medium,2,4.2
SV9581,Web Development,80,High,3,6.0
SV9582,Artificial Intelligence,38,Low,1,1.7
SV9583,Computer Networks,37,Low,1,1.5
SV9584,Database Systems,43,Low,1,1.0
SV9585,Cybersecurity,50,Medium,2,3.8
SV9586,Database Systems,96,High,3,5.9
SV9587,Artificial Intelligence,84,High,3,6.2
SV9588,Mobile App Development,25,Medium,2,1.9
SV9589,Computer Networks,35,Low,1,1.6
SV9590,Data Science,68,Medium,2,3.5
SV9591,Computer Networks,96,High,3,6.8
SV9592,Artificial Intelligence,0,Low,1,1.1
SV9593,Artificial Intelligence,52,Medium,2,3.5
SV9594,Data Science,5,Low,1,0.9
SV9595,Data Science,36,Low,1,1.5
SV9596,Data Science,1,Low,1,1.4
SV9597,Computer Networks,68,Medium,2,3.1
SV9598,Machine Learning,89,High,3,5.8
SV9599,Cloud Computing,40,Low,1,2.3
SV9600,Software Engineering,50,Medium,2,3.1
SV9601,Data Science,46,Medium,2,4.1
SV9602,Cloud Computing,12,Low,1,1.6
SV9603,Software Engineering,75,Medium,2,3.3
SV9604,Computer Networks,68,Medium,2,3.5
SV9605,Cloud Computing,65,Low,1,4.0
SV9606,Data Science,58,Medium,2,3.4
SV9607,Cybersecurity,67,Medium,2,3.8
SV9608,Artificial Intelligence,58,Medium,2,3.9
SV9609,Cloud Computing,90,High,3,6.2
SV9610,Web Development,9,Low,1,2.1
SV9611,Web Development,12,Low,1,1.2
SV9612,Cloud Computing,1,Low,1,1.3
SV9613,Data Science,89,High,3,5.5
SV9614,Database Systems,14,Medium,2,2.1
SV9615,Data Science,45,Low,1,1.6
SV9616,Computer Networks,56,Medium,2,3.1
SV9617,Data Science,9,Low,1,1.3
SV9618,Computer Networks,21,Low,1,1.7
SV9619,Database Systems,88,High,3,5.8
SV9620,Cybersecurity,78,High,3,5.7
SV9621,Computer Networks,76,High,3,6.6
SV9622,Mobile App Development,7,Low,1,2.1
SV9623,Web Development,20,Low,1,0.9
SV9624,Artificial Intelligence,84,High,3,5.8
SV9625,Web Development,21,Low,1,1.7
SV9626,Computer Networks,96,Medium,2,5.7
SV9627,Mobile App Development,44,Low,1,1.1
SV9628,Machine Learning,90,Medium,2,5.3
SV9629,Cybersecurity,39,Low,1,2.2
SV9630,Cybersecurity,21,Low,1,1.1
SV9631,Machine Learning,29,Low,1,2.2
SV9632,Artificial Intelligence,61,Medium,2,4.1
SV9633,Database Systems,72,Medium,2,4.2
SV9634,Software Engineering,44,Low,1,2.3
SV9635,Mobile App Development,34,Low,1,2.2
SV9636,Computer Networks,81,High,3,6.0
SV9637,Software Engineering,41,Low,1,1.9
SV9638,Artificial Intelligence,4,Low,1,1.4
SV9639,Database Systems,26,Low,1,2.2
SV9640,Cybersecurity,69,Low,1,3.6
SV9641,Computer Networks,61,Medium,2,3.7
SV9642,Computer Networks,31,Low,1,2.1
SV9643,Database Systems,7,Low,1,1.8
SV9644,Web Development,84,High,3,6.6
SV9645,Mobile App Development,17,Low,1,0.8
SV9646,Database Systems,77,High,3,6.1
SV9647,Data Science,14,Low,1,1.2
SV9648,Data Science,25,Low,1,1.2
SV9649,Database Systems,52,Medium,2,4.1
SV9650,Cybersecurity,43,Medium,2,1.3
SV9651,Database Systems,31,Low,1,1.4
SV9652,Cloud Computing,27,Low,1,1.8
SV9653,Artificial Intelligence,38,Low,1,0.7
SV9654,Data Science,31,Low,1,1.1
SV9655,Software Engineering,76,Medium,2,6.0
SV9656,Database Systems,78,High,3,5.9
SV9657,Data Science,17,Low,1,1.7
SV9658,Artificial Intelligence,69,High,3,3.6
SV9659,Artificial Intelligence,10,Low,1,2.2
SV9660,Software Engineering,31,Low,1,1.0
SV9661,Computer Networks,19,Low,1,1.3
SV9662,Cloud Computing,96,High,3,5.2
SV9663,Database Systems,39,Low,1,0.8
SV9664,Machine Learning,7,Medium,2,2.2
SV9665,Database Systems,34,Medium,2,2.0
SV9666,Computer Networks,68,Medium,2,3.8
SV9667,Mobile App Development,98,High,3,6.6
SV9668,Web Development,77,High,3,5.7
SV9669,Cybersecurity,20,Medium,2,0.7
SV9670,Computer Networks,23,Low,1,1.4
SV9671,Artificial Intelligence,16,Low,1,1.7
SV9672,Machine Learning,17,Low,1,2.1
SV9673,Cybersecurity,97,High,3,6.0
SV9674,Data Science,11,Low,1,1.7
SV9675,Database Systems,15,Low,1,0.7
SV9676,Cybersecurity,3,Low,1,0.9
SV9677,Data Science,88,High,3,5.4
SV9678,Web Development,33,Low,1,1.0
SV9679,Data Science,91,High,3,6.6
SV9680,Machine Learning,45,Low,1,1.5
SV9681,Artificial Intelligence,74,High,3,3.6
SV9682,Computer Networks,76,High,3,5.4
SV9683,Software Engineering,30,Low,1,1.5
SV9684,Computer Networks,24,Low,1,2.3
SV9685,Computer Networks,73,High,3,3.3
SV9686,Data Science,23,Medium,2,0.9
SV9687,Database Systems,64,Medium,2,3.0
SV9688,Cybersecurity,24,Low,1,1.9
SV9689,Software Engineering,27,Low,1,0.7
SV9690,Software Engineering,35,Low,1,1.1
SV9691,Cybersecurity,81,High,3,5.5
SV9692,Cybersecurity,5,Low,1,1.1
SV9693,Artificial Intelligence,65,Medium,2,3.2
SV9694,Machine Learning,66,Medium,2,2.9
SV9695,Web Development,71,Medium,2,3.2
SV9696,Machine Learning,94,High,3,5.3
SV9697,Cybersecurity,47,Medium,2,3.0
SV9698,Database Systems,82,Medium,2,5.5
SV9699,Cloud Computing,69,Medium,2,3.5
SV9700,Cloud Computing,77,High,3,5.3
SV9701,Web Development,66,Medium,2,3.3
SV9702,Cybersecurity,47,Medium,2,3.2
SV9703,Cloud Computing,64,Medium,2,2.7
SV9704,Web Development,43,Low,1,1.1
SV9705,Software Engineering,93,High,3,5.9
SV9706,Web Development,62,Medium,2,2.8
SV9707,Software Engineering,45,Low,1,1.2
SV9708,Artificial Intelligence,18,Low,1,0.9
SV9709,Cloud Computing,63,Medium,2,3.2
SV9710,Web Development,82,High,3,5.9
SV9711,Web Development,72,Medium,2,4.3
SV9712,Web Development,70,Medium,2,3.6
SV9713,Database Systems,100,High,3,5.8
SV9714,Web Development,49,High,3,4.1
SV9715,Database Systems,62,Medium,2,4.3
SV9716,Computer Networks,40,Low,1,0.9
SV9717,Artificial Intelligence,6,Low,1,1.3
SV9718,Computer Networks,8,Low,1,1.5
SV9719,Mobile App Development,3,Medium,2,1.0
SV9720,Computer Networks,88,High,3,5.9
SV9721,Cybersecurity,48,Medium,2,4.1
SV9722,Software Engineering,75,High,3,3.2
SV9723,Cybersecurity,5,Low,1,1.3
SV9724,Machine Learning,81,High,3,5.2
SV9725,Computer Networks,20,Low,1,1.8
SV9726,Cloud Computing,14,Low,1,1.2
SV9727,Data Science,66,Medium,2,4.2
SV9728,Computer Networks,65,High,3,3.1
SV9729,Artificial Intelligence,55,High,3,3.9
SV9730,Computer Networks,67,Medium,2,3.7
SV9731,Database Systems,31,Low,1,1.8
SV9732,Machine Learning,65,Medium,2,4.0
SV9733,Web Development,28,Low,1,1.7
SV9734,Machine Learning,65,Medium,2,4.2
SV9735,Machine Learning,33,Low,1,0.9
SV9736,Software Engineering,26,Low,1,1.8
SV9737,Data Science,59,Medium,2,3.9
SV9738,Machine Learning,38,Low,1,1.8
SV9739,Software Engineering,43,Low,1,1.6
SV9740,Web Development,81,High,3,6.2
SV9741,Cybersecurity,35,Low,1,2.3
SV9742,Web Development,18,Low,1,1.8
SV9743,Cloud Computing,90,High,3,5.7
SV9744,Machine Learning,44,Low,1,1.0
SV9745,Machine Learning,83,High,3,6.6
SV9746,Cybersecurity,20,Low,1,0.9
SV9747,Artificial Intelligence,22,Low,1,1.5
SV9748,Machine Learning,93,High,3,5.9
SV9749,Data Science,88,High,3,6.0
SV9750,Mobile App Development,94,High,3,5.9
SV9751,Machine Learning,26,Low,1,1.2
SV9752,Mobile App Development,97,High,3,5.7
SV9753,Web Development,71,Medium,2,2.9
SV9754,Computer Networks,18,Low,1,2.0
SV9755,Artificial Intelligence,40,Low,1,1.7
SV9756,Software Engineering,25,Medium,2,1.5
SV9757,Database Systems,27,Low,1,1.2
SV9758,Artificial Intelligence,63,Medium,2,3.3
SV9759,Database Systems,67,Medium,2,3.9
SV9760,Web Development,94,High,3,6.5
SV9761,Artificial Intelligence,79,High,3,6.0
SV9762,Software Engineering,50,Medium,2,3.0
SV9763,Database Systems,73,Medium,2,3.7
SV9764,Cybersecurity,47,Medium,2,3.5
SV9765,Data Science,9,Low,1,1.5
SV9766,Artificial Intelligence,72,Medium,2,3.9
SV9767,Web Development,38,Low,1,1.3
SV9768,Machine Learning,99,High,3,6.6
SV9769,Software Engineering,99,High,3,6.0
SV9770,Database Systems,18,Low,1,1.1
SV9771,Database Systems,63,Medium,2,2.8
SV9772,Data Science,18,Low,1,2.1
SV9773,Database Systems,75,High,3,3.0
SV9774,Mobile App Development,61,Medium,2,4.2
SV9775,Cloud Computing,12,Low,1,1.4
SV9776,Mobile App Development,24,Medium,2,1.0
SV9777,Database Systems,99,High,3,6.0
SV9778,Software Engineering,88,Medium,2,5.9
SV9779,Artificial Intelligence,91,High,3,5.7
SV9780,Web Development,41,Low,1,1.5
SV9781,Machine Learning,38,Low,1,0.8
SV9782,Artificial Intelligence,29,Low,1,1.5
SV9783,Cybersecurity,4,Low,1,2.0
SV9784,Artificial Intelligence,80,High,3,5.2
SV9785,Artificial Intelligence,17,Medium,2,1.9
SV9786,Web Development,20,Low,1,1.8
SV9787,Data Science,85,Medium,2,5.2
SV9788,Database Systems,49,Medium,2,2.9
SV9789,Data Science,5,Medium,2,2.1
SV9790,Cybersecurity,49,Medium,2,2.8
SV9791,Computer Networks,79,High,3,5.8
SV9792,Machine Learning,65,Medium,2,3.0
SV9793,Mobile App Development,0,Low,1,1.4
SV9794,Machine Learning,56,High,3,4.2
SV9795,Database Systems,29,Low,1,1.7
SV9796,Machine Learning,57,Medium,2,3.1
SV9797,Cloud Computing,51,High,3,3.8
SV9798,Mobile App Development,36,Low,1,1.6
SV9799,Cybersecurity,47,High,3,3.3
SV9800,Database Systems,86,High,3,6.7
SV9801,Software Engineering,0,Low,1,1.4
SV9802,Cybersecurity,18,Low,1,2.1
SV9803,Cloud Computing,45,Low,1,1.3
SV9804,Mobile App Development,66,Low,1,3.4
SV9805,Web Development,1,Low,1,0.9
SV9806,Cloud Computing,55,Medium,2,2.9
SV9807,Cybersecurity,100,High,3,5.3
SV9808,Database Systems,16,Low,1,1.0
SV9809,Computer Networks,91,High,3,5.3
SV9810,Database Systems,81,High,3,6.4
SV9811,Mobile App Development,96,High,3,6.3
SV9812,Computer Networks,78,Medium,2,5.3
SV9813,Data Science,21,Low,1,1.0
SV9814,Mobile App Development,26,Low,1,2.3
SV9815,Mobile App Development,54,Medium,2,4.1
SV9816,Cloud Computing,100,High,3,6.2
SV9817,Database Systems,31,Low,1,1.3
SV9818,Cybersecurity,59,High,3,3.1
SV9819,Web Development,82,High,3,5.7
SV9820,Machine Learning,27,Low,1,1.6
SV9821,Artificial Intelligence,27,Low,1,1.6
SV9822,Web Development,73,Medium,2,3.6
SV9823,Machine Learning,83,High,3,5.9
SV9824,Data Science,24,Low,1,1.2
SV9825,Cybersecurity,84,High,3,6.0
SV9826,Database Systems,77,High,3,6.2
SV9827,Software Engineering,85,High,3,6.6
SV9828,Mobile App Development,25,Low,1,1.9
SV9829,Web Development,74,Medium,2,3.9
SV9830,Machine Learning,70,Medium,2,3.9
SV9831,Software Engineering,16,Low,1,2.1
SV9832,Web Development,81,High,3,6.6
SV9833,Cybersecurity,6,Low,1,0.9
SV9834,Database Systems,55,Medium,2,3.7
SV9835,Computer Networks,63,Medium,2,3.5
SV9836,Web Development,19,Low,1,1.7
SV9837,Web Development,37,Low,1,1.9
SV9838,Database Systems,74,Medium,2,4.3
SV9839,Data Science,57,Medium,2,4.0
SV9840,Cloud Computing,15,Low,1,2.3
SV9841,Web Development,50,Medium,2,3.5
SV9842,Database Systems,26,Low,1,1.8
SV9843,Cloud Computing,50,Medium,2,3.7
SV9844,Database Systems,74,Medium,2,3.4
SV9845,Database Systems,15,Low,1,2.0
SV9846,Data Science,86,High,3,5.4
SV9847,Database Systems,59,Medium,2,2.7
SV9848,Cybersecurity,75,Low,1,3.1
SV9849,Web Development,39,Low,1,2.1
SV9850,Machine Learning,66,Medium,2,3.6
SV9851,Machine Learning,1,Low,1,2.2
SV9852,Machine Learning,47,High,3,2.8
SV9853,Database Systems,51,Medium,2,2.8
SV9854,Software Engineering,23,Low,1,1.8
SV9855,Cloud Computing,92,High,3,6.6
SV9856,Cloud Computing,97,High,3,6.8
SV9857,Database Systems,83,Medium,2,5.4
SV9858,Cybersecurity,81,High,3,5.2
SV9859,Cybersecurity,77,High,3,5.3
SV9860,Mobile App Development,81,High,3,5.3
SV9861,Database Systems,1,Low,1,2.0
SV9862,Artificial Intelligence,64,High,3,3.4
SV9863,Data Science,19,Medium,2,1.7
SV9864,Machine Learning,33,Low,1,2.0
SV9865,Data Science,40,Low,1,1.1
SV9866,Machine Learning,40,Low,1,1.3
SV9867,Computer Networks,74,Medium,2,2.8
SV9868,Computer Networks,90,High,3,6.3
SV9869,Database Systems,22,Low,1,2.1
SV9870,Computer Networks,37,Low,1,1.8
SV9871,Software Engineering,43,Medium,2,2.0
SV9872,Mobile App Development,66,Medium,2,3.8
SV9873,Cybersecurity,61,Medium,2,3.7
SV9874,Software Engineering,11,Low,1,1.4
SV9875,Data Science,29,Low,1,0.8
SV9876,Data Science,94,High,3,6.6
SV9877,Computer Networks,86,Medium,2,5.5
SV9878,Cybersecurity,64,Medium,2,3.8
SV9879,Mobile App Development,40,Low,1,0.8
SV9880,Machine Learning,19,Low,1,2.0
SV9881,Software Engineering,5,Low,1,1.3
SV9882,Mobile App Development,74,Medium,2,2.9
SV9883,Web Development,98,High,3,6.1
SV9884,Cloud Computing,3,Medium,2,1.2
SV9885,Computer Networks,92,High,3,5.8
SV9886,Machine Learning,9,Low,1,0.8
SV9887,Web Development,50,Medium,2,4.1
SV9888,Machine Learning,92,High,3,6.3
SV9889,Machine Learning,37,Low,1,1.4
SV9890,Computer Networks,0,Low,1,1.7
SV9891,Machine Learning,7,Low,1,2.0
SV9892,Mobile App Development,80,High,3,6.3
SV9893,Mobile App Development,82,High,3,6.7
SV9894,Web Development,62,Medium,2,3.7
SV9895,Data Science,32,Low,1,1.0
SV9896,Cybersecurity,14,Low,1,1.5
SV9897,Software Engineering,30,Low,1,1.6
SV9898,Software Engineering,20,Low,1,1.5
SV9899,Artificial Intelligence,2,Low,1,0.8
SV9900,Computer Networks,65,Medium,2,2.9
SV9901,Database Systems,34,Medium,2,1.3
SV9902,Database Systems,40,Low,1,0.8
SV9903,Web Development,58,Medium,2,3.7
SV9904,Machine Learning,15,Low,1,2.2
SV9905,Machine Learning,55,Medium,2,3.1
SV9906,Computer Networks,44,Low,1,1.4
SV9907,Cloud Computing,58,Medium,2,4.0
SV9908,Data Science,49,Medium,2,3.4
SV9909,Artificial Intelligence,84,High,3,5.9
SV9910,Mobile App Development,11,Low,1,1.0
SV9911,Machine Learning,91,High,3,6.2
SV9912,Artificial Intelligence,11,Low,1,0.8
SV9913,Software Engineering,32,Low,1,1.1
SV9914,Cloud Computing,83,High,3,5.6
SV9915,Mobile App Development,48,Low,1,3.6
SV9916,Computer Networks,20,Low,1,2.2
SV9917,Artificial Intelligence,59,Medium,2,3.8
SV9918,Web Development,51,Medium,2,3.1
SV9919,Mobile App Development,53,Medium,2,4.0
SV9920,Computer Networks,38,Low,1,2.3
SV9921,Database Systems,48,Low,1,3.0
SV9922,Computer Networks,63,Medium,2,3.0
SV9923,Computer Networks,99,High,3,6.6
SV9924,Mobile App Development,85,High,3,6.0
SV9925,Cloud Computing,25,Medium,2,1.4
SV9926,Mobile App Development,70,Medium,2,3.5
SV9927,Cybersecurity,6,Low,1,1.4
SV9928,Data Science,71,Medium,2,3.4
SV9929,Cloud Computing,61,Medium,2,4.2
SV9930,Web Development,89,High,3,5.6
SV9931,Cloud Computing,87,High,3,5.7
SV9932,Software Engineering,23,Low,1,0.8
SV9933,Web Development,39,Low,1,0.9
SV9934,Database Systems,75,Low,1,3.8
SV9935,Mobile App Development,46,Medium,2,4.1
SV9936,Computer Networks,7,Low,1,1.2
SV9937,Mobile App Development,53,Medium,2,3.7
SV9938,Software Engineering,8,Low,1,1.7
SV9939,Artificial Intelligence,2,Low,1,1.8
SV9940,Software Engineering,53,Medium,2,3.4
SV9941,Cybersecurity,20,Medium,2,1.3
SV9942,Computer Networks,94,High,3,5.8
SV9943,Computer Networks,47,Low,1,3.4
SV9944,Machine Learning,46,Medium,2,3.4
SV9945,Artificial Intelligence,87,High,3,6.5
SV9946,Machine Learning,67,Low,1,3.2
SV9947,Database Systems,83,High,3,6.7
SV9948,Data Science,62,Medium,2,4.1
SV9949,Data Science,15,Low,1,1.1
SV9950,Mobile App Development,73,Medium,2,4.1
SV9951,Data Science,89,High,3,5.3
SV9952,Computer Networks,92,Medium,2,5.6
SV9953,Software Engineering,4,Low,1,1.5
SV9954,Artificial Intelligence,10,Low,1,1.6
SV9955,Mobile App Development,28,Low,1,0.8
SV9956,Mobile App Development,78,High,3,6.7
SV9957,Artificial Intelligence,69,Medium,2,4.0
SV9958,Computer Networks,47,Medium,2,2.7
SV9959,Database Systems,14,Low,1,1.7
SV9960,Database Systems,83,High,3,6.0
SV9961,Mobile App Development,33,Low,1,1.8
SV9962,Database Systems,59,Medium,2,3.3
SV9963,Computer Networks,61,Medium,2,3.8
SV9964,Cybersecurity,1,Low,1,1.0
SV9965,Cybersecurity,79,High,3,5.4
SV9966,Machine Learning,18,Low,1,1.7
SV9967,Cloud Computing,97,High,3,6.3
SV9968,Web Development,48,Medium,2,2.8
SV9969,Data Science,77,High,3,5.5
SV9970,Database Systems,87,High,3,6.7
SV9971,Cybersecurity,27,Low,1,1.0
SV9972,Software Engineering,47,Medium,2,2.7
SV9973,Artificial Intelligence,95,High,3,6.2
SV9974,Cloud Computing,36,Low,1,0.7
SV9975,Machine Learning,73,Medium,2,3.9
SV9976,Web Development,48,Medium,2,3.3
SV9977,Cybersecurity,47,Medium,2,3.5
SV9978,Machine Learning,72,Medium,2,2.8
SV9979,Cloud Computing,87,High,3,5.4
SV9980,Artificial Intelligence,99,High,3,6.5
SV9981,Data Science,28,Low,1,1.7
SV9982,Cybersecurity,59,Medium,2,3.6
SV9983,Artificial Intelligence,28,Low,1,2.2
SV9984,Web Development,57,Medium,2,3.0
SV9985,Database Systems,47,Low,1,3.8
SV9986,Cloud Computing,22,Low,1,0.9
SV9987,Web Development,26,Low,1,1.0
SV9988,Data Science,94,High,3,6.7
SV9989,Artificial Intelligence,6,Low,1,0.7
SV9990,Computer Networks,48,Medium,2,2.7
SV9991,Data Science,53,Medium,2,3.5
SV9992,Mobile App Development,67,High,3,3.9
SV9993,Cybersecurity,77,High,3,6.5
SV9994,Database Systems,41,Low,1,1.1
SV9995,Cloud Computing,73,Medium,2,3.6
SV9996,Software Engineering,58,Medium,2,3.0
SV9997,Artificial Intelligence,43,Low,1,1.1
SV9998,Computer Networks,97,Medium,2,6.7
SV9999,Software Engineering,25,Low,1,1.8
SV10000,Cybersecurity,22,Low,1,1.8
SV10001,Cybersecurity,72,High,3,3.3
SV10002,Cloud Computing,100,High,3,5.8
SV10003,Computer Networks,7,Low,1,2.1
SV10004,Cybersecurity,52,High,3,2.7
SV10005,Software Engineering,13,Low,1,0.9
SV10006,Computer Networks,70,Medium,2,3.5
SV10007,Software Engineering,6,Low,1,1.9
SV10008,Data Science,8,Low,1,2.1
SV10009,Web Development,2,Low,1,1.3
SV10010,Computer Networks,77,High,3,6.2
SV10011,Machine Learning,16,Low,1,2.1
SV10012,Web Development,43,Low,1,2.1
SV10013,Web Development,85,High,3,6.1
SV10014,Computer Networks,45,Medium,2,2.1
SV10015,Database Systems,89,High,3,6.6
SV10016,Cybersecurity,57,Medium,2,3.5
SV10017,Data Science,27,Low,1,2.2
SV10018,Database Systems,13,Low,1,1.2
SV10019,Database Systems,8,Low,1,1.8
SV10020,Machine Learning,25,Low,1,0.8
SV10021,Artificial Intelligence,1,Low,1,1.9
SV10022,Computer Networks,74,Medium,2,3.5
SV10023,Software Engineering,80,High,3,6.4
SV10024,Cybersecurity,33,Low,1,0.9
SV10025,Database Systems,18,Low,1,1.9
SV10026,Data Science,38,Low,1,1.3
SV10027,Artificial Intelligence,81,High,3,6.7
SV10028,Machine Learning,12,Low,1,0.8
SV10029,Mobile App Development,4,Low,1,1.1
SV10030,Cybersecurity,49,Medium,2,3.5
SV10031,Mobile App Development,22,Low,1,0.9
SV10032,Web Development,87,High,3,6.2
SV10033,Database Systems,28,Low,1,2.3
SV10034,Cloud Computing,71,Medium,2,4.2
SV10035,Cybersecurity,25,Low,1,1.1
SV10036,Software Engineering,78,High,3,6.0
SV10037,Artificial Intelligence,56,Medium,2,3.8
SV10038,Data Science,0,Low,1,1.8
SV10039,Cybersecurity,27,Low,1,1.8
SV10040,Software Engineering,61,Medium,2,4.3
SV10041,Computer Networks,46,Medium,2,4.3
SV10042,Mobile App Development,77,Medium,2,6.3
SV10043,Computer Networks,97,High,3,6.5
SV10044,Artificial Intelligence,58,Medium,2,4.0
SV10045,Machine Learning,30,Low,1,2.0
SV10046,Database Systems,69,Medium,2,2.7
SV10047,Cybersecurity,48,Medium,2,3.5
SV10048,Cloud Computing,4,Low,1,1.0
SV10049,Mobile App Development,30,Low,1,1.7
SV10050,Mobile App Development,36,Medium,2,1.7
SV10051,Cybersecurity,78,High,3,6.1
SV10052,Web Development,14,Low,1,2.3
SV10053,Computer Networks,51,Medium,2,3.4
SV10054,Mobile App Development,68,Medium,2,4.3
SV10055,Software Engineering,91,High,3,6.1
SV10056,Data Science,96,High,3,6.1
SV10057,Database Systems,10,Low,1,1.7
SV10058,Mobile App Development,42,Low,1,1.3
SV10059,Software Engineering,69,High,3,3.7
SV10060,Artificial Intelligence,22,Low,1,2.0
SV10061,Artificial Intelligence,39,Low,1,2.0
SV10062,Database Systems,62,Medium,2,3.7
SV10063,Web Development,1,Low,1,1.7
SV10064,Cloud Computing,78,High,3,5.6
SV10065,Database Systems,86,High,3,6.2
SV10066,Machine Learning,85,High,3,6.7
SV10067,Web Development,72,Medium,2,3.2
SV10068,Mobile App Development,46,Low,1,3.3
SV10069,Database Systems,29,Low,1,2.2
SV10070,Computer Networks,15,Low,1,1.1
SV10071,Artificial Intelligence,58,Medium,2,3.3
SV10072,Software Engineering,46,Medium,2,3.7
SV10073,Database Systems,29,Low,1,1.6
SV10074,Computer Networks,8,Low,1,1.1
SV10075,Web Development,64,Low,1,3.9
SV10076,Machine Learning,58,Medium,2,3.9
SV10077,Software Engineering,63,Low,1,3.9
SV10078,Data Science,7,Low,1,0.9
SV10079,Machine Learning,51,Medium,2,3.5
SV10080,Mobile App Development,17,Low,1,1.8
SV10081,Computer Networks,90,High,3,5.6
SV10082,Database Systems,81,High,3,5.4
SV10083,Database Systems,95,High,3,6.4
SV10084,Cybersecurity,57,Medium,2,4.0
SV10085,Artificial Intelligence,48,Medium,2,3.2
SV10086,Mobile App Development,31,Low,1,1.8
SV10087,Computer Networks,47,Medium,2,2.7
SV10088,Database Systems,44,Medium,2,0.8
SV10089,Data Science,53,High,3,2.7
SV10090,Software Engineering,99,High,3,6.1
SV10091,Mobile App Development,99,High,3,5.3
SV10092,Web Development,84,High,3,6.4
SV10093,Data Science,45,Low,1,1.5
SV10094,Software Engineering,95,High,3,5.3
SV10095,Cloud Computing,30,Low,1,1.1
SV10096,Artificial Intelligence,36,Low,1,1.8
SV10097,Mobile App Development,15,Low,1,0.7
SV10098,Computer Networks,45,Low,1,1.8
SV10099,Machine Learning,45,Low,1,2.1
SV10100,Software Engineering,77,High,3,5.3
SV10101,Web Development,87,High,3,6.0
SV10102,Database Systems,88,High,3,5.8
SV10103,Machine Learning,60,Low,1,3.8
SV10104,Data Science,45,Low,1,1.8
SV10105,Artificial Intelligence,50,Medium,2,3.7
SV10106,Computer Networks,61,Medium,2,3.7
SV10107,Machine Learning,34,Low,1,1.3
SV10108,Web Development,80,High,3,6.4
SV10109,Software Engineering,41,Low,1,1.1
SV10110,Computer Networks,44,Low,1,1.6
SV10111,Cloud Computing,67,Medium,2,2.7
SV10112,Database Systems,74,Medium,2,3.7
SV10113,Artificial Intelligence,46,Low,1,3.4
SV10114,Machine Learning,78,High,3,6.3
SV10115,Artificial Intelligence,29,Low,1,1.6
SV10116,Artificial Intelligence,23,Low,1,2.2
SV10117,Artificial Intelligence,65,High,3,3.8
SV10118,Software Engineering,42,Low,1,1.0
SV10119,Artificial Intelligence,33,Low,1,1.5
SV10120,Cloud Computing,22,Low,1,1.8
SV10121,Data Science,60,Medium,2,2.7
SV10122,Web Development,94,High,3,5.5
SV10123,Computer Networks,36,Low,1,1.3
SV10124,Cloud Computing,12,Low,1,0.7
SV10125,Computer Networks,96,High,3,6.2
SV10126,Web Development,70,Medium,2,2.9
SV10127,Data Science,95,High,3,5.7
SV10128,Mobile App Development,6,Medium,2,2.2
SV10129,Computer Networks,41,Low,1,2.3
SV10130,Computer Networks,37,Low,1,1.1
SV10131,Data Science,51,Medium,2,2.8
SV10132,Machine Learning,43,Medium,2,0.8
SV10133,Cloud Computing,63,Medium,2,3.9
SV10134,Machine Learning,12,Low,1,0.7
SV10135,Machine Learning,87,Medium,2,5.5
SV10136,Machine Learning,27,Low,1,1.4
SV10137,Artificial Intelligence,95,High,3,6.4
SV10138,Database Systems,81,High,3,5.5
SV10139,Computer Networks,97,High,3,5.7
SV10140,Machine Learning,97,High,3,6.4
SV10141,Cloud Computing,0,Medium,2,2.2
SV10142,Database Systems,42,Low,1,1.5
SV10143,Database Systems,41,Low,1,2.2
SV10144,Machine Learning,94,High,3,5.5
SV10145,Software Engineering,49,Medium,2,4.2
SV10146,Machine Learning,59,Medium,2,2.9
SV10147,Software Engineering,0,Low,1,2.0
SV10148,Machine Learning,50,Medium,2,2.9
SV10149,Cloud Computing,15,Low,1,2.1
SV10150,Software Engineering,38,Low,1,1.8
SV10151,Artificial Intelligence,14,Low,1,1.6
SV10152,Database Systems,32,Medium,2,1.2
SV10153,Machine Learning,86,High,3,5.5
SV10154,Database Systems,52,Medium,2,4.0
SV10155,Machine Learning,97,High,3,6.3
SV10156,Computer Networks,16,Low,1,1.1
SV10157,Computer Networks,88,High,3,5.7
SV10158,Cybersecurity,5,Low,1,1.2
SV10159,Machine Learning,30,Medium,2,2.2
SV10160,Cybersecurity,68,Low,1,3.9
SV10161,Data Science,39,Low,1,1.0
SV10162,Data Science,29,Low,1,1.6
SV10163,Database Systems,68,Medium,2,3.6
SV10164,Software Engineering,75,Medium,2,2.7
SV10165,Machine Learning,6,Low,1,1.5
SV10166,Web Development,12,Low,1,1.7
SV10167,Machine Learning,3,Low,1,1.4
SV10168,Machine Learning,49,Low,1,3.7
SV10169,Web Development,2,Low,1,1.5
SV10170,Data Science,11,Low,1,1.2
SV10171,Cybersecurity,64,Medium,2,3.8
SV10172,Database Systems,26,Low,1,1.4
SV10173,Data Science,49,Medium,2,3.5
SV10174,Web Development,76,High,3,5.2
SV10175,Machine Learning,16,Medium,2,1.8
SV10176,Data Science,71,Medium,2,3.0
SV10177,Cloud Computing,31,Low,1,1.8
SV10178,Computer Networks,83,High,3,5.6
SV10179,Machine Learning,50,Medium,2,3.6
SV10180,Mobile App Development,16,Low,1,1.7
SV10181,Web Development,33,Low,1,1.1
SV10182,Artificial Intelligence,34,Low,1,0.9
SV10183,Software Engineering,98,High,3,6.1
SV10184,Artificial Intelligence,23,Low,1,1.3
SV10185,Data Science,53,Medium,2,2.9
SV10186,Machine Learning,17,Low,1,2.2
SV10187,Software Engineering,49,Medium,2,3.9
SV10188,Software Engineering,45,Low,1,1.0
SV10189,Database Systems,47,Medium,2,3.9
SV10190,Artificial Intelligence,32,Low,1,0.8
SV10191,Machine Learning,86,High,3,5.8
SV10192,Database Systems,88,High,3,5.9
SV10193,Cybersecurity,100,High,3,6.8
SV10194,Artificial Intelligence,26,Low,1,1.8
SV10195,Computer Networks,0,Low,1,0.8
SV10196,Computer Networks,84,High,3,5.8
SV10197,Database Systems,58,Medium,2,3.8
SV10198,Cybersecurity,9,Low,1,1.9
SV10199,Cloud Computing,94,High,3,5.4
SV10200,Cloud Computing,24,Low,1,2.2
SV10201,Computer Networks,83,High,3,5.5
SV10202,Mobile App Development,56,Medium,2,4.2
SV10203,Web Development,65,Medium,2,3.1
SV10204,Web Development,14,Low,1,1.6
SV10205,Mobile App Development,27,Low,1,0.8
SV10206,Database Systems,12,Low,1,0.9
SV10207,Web Development,13,Low,1,1.5
SV10208,Web Development,65,Medium,2,2.8
SV10209,Artificial Intelligence,33,Low,1,1.4
SV10210,Artificial Intelligence,98,High,3,6.2
SV10211,Mobile App Development,100,High,3,5.2
SV10212,Machine Learning,24,Low,1,1.1
SV10213,Cybersecurity,53,Medium,2,3.6
SV10214,Database Systems,78,High,3,6.4
SV10215,Artificial Intelligence,11,Low,1,1.3
SV10216,Artificial Intelligence,8,Low,1,2.0
SV10217,Cloud Computing,30,Low,1,1.4
SV10218,Cybersecurity,77,High,3,6.7
SV10219,Cloud Computing,92,High,3,5.5
SV10220,Machine Learning,52,Medium,2,3.1
SV10221,Cybersecurity,42,Medium,2,1.3
SV10222,Web Development,37,Low,1,1.3
SV10223,Cloud Computing,41,Low,1,2.1
SV10224,Computer Networks,71,Medium,2,4.1
SV10225,Database Systems,47,Medium,2,4.2
SV10226,Web Development,66,Medium,2,4.1
SV10227,Cybersecurity,65,Medium,2,3.0
SV10228,Computer Networks,15,Low,1,0.8
SV10229,Machine Learning,82,High,3,5.9
SV10230,Computer Networks,93,High,3,6.8
SV10231,Artificial Intelligence,15,Medium,2,2.1
SV10232,Mobile App Development,30,Low,1,1.8
SV10233,Computer Networks,57,Medium,2,2.9
SV10234,Software Engineering,27,Medium,2,2.1
SV10235,Machine Learning,3,Low,1,2.2
SV10236,Web Development,9,Low,1,1.4
SV10237,Cloud Computing,50,High,3,3.4
SV10238,Data Science,17,Low,1,1.3
SV10239,Machine Learning,46,Medium,2,3.9
SV10240,Software Engineering,31,Low,1,1.5
SV10241,Artificial Intelligence,29,Low,1,1.7
SV10242,Cloud Computing,35,Medium,2,0.7
SV10243,Database Systems,8,Low,1,0.9
SV10244,Data Science,35,Medium,2,1.8
SV10245,Computer Networks,28,Medium,2,1.6
SV10246,Software Engineering,15,Low,1,2.0
SV10247,Computer Networks,91,High,3,5.8
SV10248,Database Systems,20,Low,1,1.2
SV10249,Machine Learning,63,Medium,2,2.8
SV10250,Mobile App Development,65,Medium,2,3.2
SV10251,Software Engineering,58,Medium,2,3.0
SV10252,Cybersecurity,98,High,3,5.3
SV10253,Web Development,27,Low,1,1.7
SV10254,Cybersecurity,54,Medium,2,4.0
SV10255,Mobile App Development,99,High,3,5.4
SV10256,Database Systems,30,Low,1,2.3
SV10257,Cybersecurity,32,Low,1,0.8
SV10258,Artificial Intelligence,86,High,3,6.0
SV10259,Software Engineering,59,Medium,2,4.0
SV10260,Artificial Intelligence,40,Low,1,1.7
SV10261,Data Science,80,High,3,5.6
SV10262,Mobile App Development,45,Low,1,1.8
SV10263,Data Science,48,Medium,2,3.5
SV10264,Data Science,64,Medium,2,2.9
SV10265,Data Science,41,Low,1,1.3
SV10266,Machine Learning,22,Low,1,0.7
SV10267,Machine Learning,26,Low,1,0.9
SV10268,Mobile App Development,88,Medium,2,6.4
SV10269,Cloud Computing,31,Low,1,2.1
SV10270,Cybersecurity,82,High,3,6.0
SV10271,Machine Learning,87,High,3,5.7
SV10272,Computer Networks,2,Low,1,1.1
SV10273,Artificial Intelligence,59,Medium,2,3.2
SV10274,Machine Learning,75,High,3,4.0
SV10275,Database Systems,98,High,3,6.8
SV10276,Data Science,78,High,3,5.6
SV10277,Machine Learning,16,Low,1,2.1
SV10278,Mobile App Development,31,Low,1,1.5
SV10279,Artificial Intelligence,6,Low,1,1.4
SV10280,Artificial Intelligence,82,High,3,5.8
SV10281,Cloud Computing,70,Medium,2,2.8
SV10282,Web Development,68,High,3,2.7
SV10283,Web Development,57,High,3,3.6
SV10284,Cybersecurity,39,Low,1,1.0
SV10285,Computer Networks,84,High,3,6.6
SV10286,Software Engineering,47,Medium,2,2.9
SV10287,Mobile App Development,50,Medium,2,3.0
SV10288,Database Systems,56,Medium,2,3.8
SV10289,Machine Learning,70,Medium,2,3.8
SV10290,Mobile App Development,36,Low,1,1.7
SV10291,Computer Networks,86,High,3,6.1
SV10292,Web Development,74,Medium,2,3.2
SV10293,Mobile App Development,73,Medium,2,4.2
SV10294,Machine Learning,84,High,3,5.4
SV10295,Cloud Computing,54,Medium,2,3.2
SV10296,Cybersecurity,40,Medium,2,2.3
SV10297,Cloud Computing,96,High,3,5.8
SV10298,Web Development,19,Low,1,1.5
SV10299,Data Science,32,Low,1,1.8
SV10300,Web Development,39,Low,1,1.7
SV10301,Cybersecurity,98,High,3,6.3
SV10302,Machine Learning,33,Low,1,1.5
SV10303,Computer Networks,61,Medium,2,3.4
SV10304,Software Engineering,99,High,3,5.5
SV10305,Cloud Computing,90,High,3,5.3
SV10306,Web Development,18,Low,1,1.3
SV10307,Computer Networks,42,Low,1,2.0
SV10308,Cloud Computing,68,Medium,2,3.4
SV10309,Web Development,62,Medium,2,2.9
SV10310,Cybersecurity,92,High,3,6.6
SV10311,Cloud Computing,9,Low,1,1.6
SV10312,Web Development,12,Medium,2,1.7
SV10313,Machine Learning,92,High,3,6.3
SV10314,Cybersecurity,4,Low,1,1.6
SV10315,Computer Networks,57,Medium,2,3.5
SV10316,Computer Networks,58,Medium,2,4.2
SV10317,Software Engineering,75,Medium,2,3.7
SV10318,Mobile App Development,58,Medium,2,4.0
SV10319,Data Science,76,High,3,5.2
SV10320,Machine Learning,85,High,3,6.5
SV10321,Cybersecurity,14,Low,1,1.8
SV10322,Cloud Computing,76,Medium,2,5.9
SV10323,Computer Networks,0,Low,1,2.2
SV10324,Machine Learning,37,Low,1,1.6
SV10325,Cybersecurity,52,Medium,2,3.9
SV10326,Cybersecurity,51,Medium,2,2.7
SV10327,Cloud Computing,0,Low,1,1.9
SV10328,Cybersecurity,10,Low,1,1.9
SV10329,Database Systems,57,Medium,2,4.3
SV10330,Machine Learning,39,Low,1,1.6
SV10331,Web Development,85,High,3,6.7
SV10332,Computer Networks,98,High,3,6.1
SV10333,Computer Networks,59,Medium,2,3.2
SV10334,Web Development,43,Low,1,1.5
SV10335,Machine Learning,5,Low,1,1.1
SV10336,Data Science,27,Medium,2,1.6
SV10337,Machine Learning,30,Low,1,1.4
SV10338,Artificial Intelligence,7,Low,1,2.1
SV10339,Cybersecurity,4,Low,1,1.7
SV10340,Mobile App Development,53,Medium,2,3.6
SV10341,Cloud Computing,16,Low,1,1.0
SV10342,Database Systems,37,Low,1,1.5
SV10343,Mobile App Development,8,Low,1,1.4
SV10344,Web Development,73,Medium,2,2.8
SV10345,Cloud Computing,83,High,3,5.9
SV10346,Cloud Computing,77,High,3,6.3
SV10347,Cloud Computing,13,Low,1,1.5
SV10348,Computer Networks,25,Low,1,2.2
SV10349,Database Systems,92,High,3,5.9
SV10350,Computer Networks,61,High,3,3.2
SV10351,Cybersecurity,90,High,3,5.7
SV10352,Artificial Intelligence,24,Low,1,1.7
SV10353,Software Engineering,79,High,3,5.9
SV10354,Database Systems,35,Low,1,1.7
SV10355,Mobile App Development,97,High,3,6.2
SV10356,Cybersecurity,79,High,3,5.8
SV10357,Machine Learning,32,Low,1,2.1
SV10358,Web Development,2,Low,1,1.7
SV10359,Artificial Intelligence,86,High,3,5.6
SV10360,Cybersecurity,10,Low,1,1.9
SV10361,Machine Learning,57,Medium,2,3.2
SV10362,Artificial Intelligence,63,High,3,2.9
SV10363,Machine Learning,17,Low,1,1.8
SV10364,Database Systems,46,Medium,2,4.2
SV10365,Machine Learning,43,Low,1,1.2
SV10366,Artificial Intelligence,92,High,3,5.8
SV10367,Machine Learning,58,Low,1,4.2
SV10368,Mobile App Development,49,Low,1,3.8
SV10369,Cybersecurity,68,Medium,2,4.0
SV10370,Artificial Intelligence,87,High,3,6.4
SV10371,Mobile App Development,28,Low,1,1.9
SV10372,Machine Learning,92,High,3,6.6
SV10373,Machine Learning,89,High,3,5.7
SV10374,Cloud Computing,66,Medium,2,3.9
SV10375,Artificial Intelligence,1,Low,1,1.0
SV10376,Database Systems,24,Low,1,1.2
SV10377,Machine Learning,18,Low,1,1.6
SV10378,Web Development,39,Low,1,1.8
SV10379,Computer Networks,1,Low,1,2.2
SV10380,Software Engineering,82,High,3,6.2
SV10381,Computer Networks,64,Medium,2,3.2
SV10382,Database Systems,61,Medium,2,3.3
SV10383,Cybersecurity,90,High,3,6.0
SV10384,Data Science,53,Medium,2,3.0
SV10385,Web Development,44,Low,1,1.4
SV10386,Data Science,48,Medium,2,2.9
SV10387,Machine Learning,98,High,3,6.3
SV10388,Cybersecurity,68,High,3,2.8
SV10389,Mobile App Development,37,Low,1,0.8
SV10390,Machine Learning,3,Low,1,1.7
SV10391,Data Science,16,Low,1,2.0
SV10392,Machine Learning,52,Medium,2,4.3
SV10393,Software Engineering,84,High,3,5.3
SV10394,Cloud Computing,52,Medium,2,2.7
SV10395,Software Engineering,30,Medium,2,1.2
SV10396,Cybersecurity,21,Low,1,1.2
SV10397,Mobile App Development,10,Low,1,0.9
SV10398,Software Engineering,33,Low,1,1.7
SV10399,Artificial Intelligence,14,Medium,2,1.6
SV10400,Mobile App Development,9,Low,1,0.8
SV10401,Data Science,95,High,3,5.3
SV10402,Software Engineering,52,High,3,3.6
SV10403,Cloud Computing,47,Medium,2,3.4
SV10404,Mobile App Development,30,Medium,2,1.2
SV10405,Machine Learning,36,Low,1,0.9
SV10406,Cloud Computing,27,Low,1,0.8
SV10407,Machine Learning,30,Low,1,2.2
SV10408,Software Engineering,69,High,3,2.9
SV10409,Web Development,13,Low,1,0.9
SV10410,Web Development,86,High,3,6.5
SV10411,Data Science,15,Low,1,2.1
SV10412,Cloud Computing,24,Low,1,1.1
SV10413,Machine Learning,38,Low,1,0.7
SV10414,Database Systems,65,Medium,2,3.1
SV10415,Cloud Computing,37,Medium,2,1.3
SV10416,Artificial Intelligence,40,Low,1,1.9
SV10417,Data Science,97,High,3,6.4
SV10418,Computer Networks,39,Low,1,1.8
SV10419,Computer Networks,63,Medium,2,3.7
SV10420,Machine Learning,88,Medium,2,5.6
SV10421,Web Development,99,High,3,5.7
SV10422,Mobile App Development,15,Low,1,1.0
SV10423,Artificial Intelligence,81,High,3,5.5
SV10424,Computer Networks,76,High,3,6.7
SV10425,Machine Learning,58,Medium,2,3.2
SV10426,Machine Learning,100,High,3,5.8
SV10427,Software Engineering,90,High,3,5.8
SV10428,Web Development,97,High,3,6.1
SV10429,Cloud Computing,10,Low,1,1.6
SV10430,Mobile App Development,0,Low,1,0.9
SV10431,Software Engineering,12,Medium,2,2.0
SV10432,Computer Networks,29,Low,1,2.0
SV10433,Mobile App Development,68,Medium,2,3.5
SV10434,Data Science,17,Low,1,1.9
SV10435,Web Development,77,High,3,6.4
SV10436,Computer Networks,12,Low,1,2.0
SV10437,Machine Learning,31,Low,1,1.1
SV10438,Computer Networks,70,Medium,2,3.0
SV10439,Database Systems,71,Medium,2,3.2
SV10440,Cybersecurity,49,High,3,3.6
SV10441,Cybersecurity,70,Medium,2,3.1
SV10442,Computer Networks,79,High,3,5.4
SV10443,Database Systems,30,Low,1,1.2
SV10444,Computer Networks,50,Medium,2,3.3
SV10445,Cybersecurity,26,Medium,2,1.0
SV10446,Software Engineering,59,Low,1,3.7
SV10447,Data Science,32,Medium,2,1.7
SV10448,Cybersecurity,52,Low,1,3.6
SV10449,Data Science,92,High,3,5.2
SV10450,Machine Learning,71,Medium,2,4.0
SV10451,Data Science,32,Low,1,1.8
SV10452,Software Engineering,40,Medium,2,0.8
SV10453,Database Systems,18,Low,1,1.8
SV10454,Data Science,84,High,3,6.5
SV10455,Mobile App Development,40,Medium,2,1.3
SV10456,Cloud Computing,84,Medium,2,5.8
SV10457,Cybersecurity,88,High,3,5.5
SV10458,Database Systems,41,Low,1,1.1
SV10459,Artificial Intelligence,22,Low,1,1.5
SV10460,Machine Learning,74,Medium,2,3.3
SV10461,Cloud Computing,32,Low,1,1.4
SV10462,Mobile App Development,19,Low,1,0.8
SV10463,Web Development,24,Low,1,1.3
SV10464,Software Engineering,89,High,3,6.1
SV10465,Computer Networks,51,Medium,2,3.3
SV10466,Cloud Computing,11,Low,1,1.7
SV10467,Database Systems,31,Low,1,2.0
SV10468,Database Systems,32,Low,1,1.2
SV10469,Database Systems,73,Low,1,3.2
SV10470,Machine Learning,67,Medium,2,4.2
SV10471,Data Science,14,Low,1,2.0
SV10472,Cybersecurity,50,Medium,2,2.9
SV10473,Web Development,5,Low,1,1.1
SV10474,Computer Networks,90,High,3,5.7
SV10475,Database Systems,68,Medium,2,4.3
SV10476,Computer Networks,68,Medium,2,3.8
SV10477,Artificial Intelligence,81,High,3,5.5
SV10478,Machine Learning,91,High,3,5.5
SV10479,Database Systems,34,Low,1,1.3
SV10480,Artificial Intelligence,85,High,3,5.9
SV10481,Web Development,33,Low,1,0.9
SV10482,Web Development,62,Low,1,3.3
SV10483,Cybersecurity,67,Low,1,3.8
SV10484,Mobile App Development,17,Low,1,2.1
SV10485,Cybersecurity,25,Low,1,2.2
SV10486,Data Science,85,High,3,6.7
SV10487,Computer Networks,96,High,3,6.0
SV10488,Software Engineering,60,High,3,3.8
SV10489,Web Development,77,High,3,5.2
SV10490,Software Engineering,94,High,3,6.3
SV10491,Machine Learning,73,Medium,2,2.7
SV10492,Cloud Computing,87,High,3,6.7
SV10493,Database Systems,84,High,3,6.7
SV10494,Machine Learning,47,Medium,2,4.2
SV10495,Web Development,71,Medium,2,3.0
SV10496,Artificial Intelligence,95,High,3,6.8
SV10497,Computer Networks,30,Low,1,1.0
SV10498,Software Engineering,33,Low,1,1.2
SV10499,Cybersecurity,86,High,3,6.1
SV10500,Cloud Computing,88,High,3,6.7
SV10501,Mobile App Development,6,Low,1,2.0
SV10502,Machine Learning,82,High,3,6.8
SV10503,Mobile App Development,6,Low,1,1.9
SV10504,Software Engineering,46,Medium,2,3.0
SV10505,Software Engineering,7,Low,1,1.2
SV10506,Database Systems,77,Medium,2,6.1
SV10507,Artificial Intelligence,0,Medium,2,1.6
SV10508,Artificial Intelligence,76,High,3,5.3
SV10509,Data Science,2,Low,1,1.5
SV10510,Cybersecurity,52,High,3,4.1
SV10511,Web Development,91,High,3,6.1
SV10512,Web Development,37,Low,1,1.8
SV10513,Software Engineering,50,Medium,2,4.0
SV10514,Machine Learning,14,Low,1,2.2
SV10515,Computer Networks,99,Medium,2,6.0
SV10516,Web Development,66,High,3,3.5
SV10517,Web Development,63,Low,1,3.1
SV10518,Machine Learning,67,Medium,2,2.8
SV10519,Cybersecurity,4,Low,1,1.2
SV10520,Cloud Computing,89,High,3,5.4
SV10521,Artificial Intelligence,88,High,3,5.9
SV10522,Database Systems,9,Low,1,1.0
SV10523,Database Systems,7,Low,1,1.8
SV10524,Database Systems,11,Low,1,2.0
SV10525,Machine Learning,63,Medium,2,2.8
SV10526,Database Systems,58,Medium,2,3.7
SV10527,Software Engineering,66,Low,1,3.2
SV10528,Data Science,90,High,3,6.1
SV10529,Machine Learning,49,High,3,3.8
SV10530,Machine Learning,22,Low,1,0.8
SV10531,Artificial Intelligence,39,Low,1,1.6
SV10532,Database Systems,96,High,3,6.2
SV10533,Mobile App Development,77,High,3,6.4
SV10534,Cloud Computing,86,High,3,5.6
SV10535,Data Science,94,High,3,6.6
SV10536,Machine Learning,76,High,3,6.5
SV10537,Data Science,75,Medium,2,3.0
SV10538,Machine Learning,98,High,3,5.3
SV10539,Cybersecurity,17,Low,1,1.6
SV10540,Artificial Intelligence,20,Low,1,2.1
SV10541,Software Engineering,0,Low,1,0.9
SV10542,Cybersecurity,37,Low,1,1.9
SV10543,Computer Networks,40,Low,1,1.9
SV10544,Database Systems,41,Low,1,1.2
SV10545,Computer Networks,8,Low,1,2.1
SV10546,Cloud Computing,22,Low,1,0.7
SV10547,Mobile App Development,77,High,3,5.8
SV10548,Software Engineering,10,Low,1,1.3
SV10549,Cybersecurity,70,Medium,2,3.3
SV10550,Data Science,30,Low,1,0.8
SV10551,Data Science,87,High,3,6.7
SV10552,Cloud Computing,25,Medium,2,2.1
SV10553,Machine Learning,29,Low,1,1.1
SV10554,Data Science,33,Low,1,0.9
SV10555,Database Systems,45,Low,1,1.5
SV10556,Mobile App Development,68,High,3,3.4
SV10557,Artificial Intelligence,4,Low,1,1.8
SV10558,Database Systems,60,Medium,2,4.2
SV10559,Mobile App Development,82,High,3,5.6
SV10560,Cloud Computing,37,Medium,2,1.7
SV10561,Database Systems,27,Low,1,1.6
SV10562,Artificial Intelligence,25,Low,1,0.9
SV10563,Artificial Intelligence,60,Medium,2,4.2
SV10564,Web Development,22,Low,1,1.8
SV10565,Machine Learning,45,Low,1,1.3
SV10566,Cloud Computing,29,Medium,2,1.8
SV10567,Database Systems,66,Medium,2,3.8
SV10568,Software Engineering,91,High,3,5.4
SV10569,Software Engineering,32,Low,1,1.6
SV10570,Cloud Computing,2,Low,1,0.9
SV10571,Database Systems,68,Medium,2,3.9
SV10572,Cybersecurity,82,High,3,6.6
SV10573,Cybersecurity,41,Low,1,1.1
SV10574,Machine Learning,61,Medium,2,3.0
SV10575,Database Systems,57,Medium,2,2.9
SV10576,Artificial Intelligence,56,Medium,2,2.9
SV10577,Data Science,0,Low,1,1.1
SV10578,Software Engineering,72,Medium,2,4.1
SV10579,Database Systems,59,Medium,2,3.6
SV10580,Database Systems,68,Medium,2,3.1
SV10581,Data Science,58,Medium,2,3.4
SV10582,Data Science,45,Low,1,1.2
SV10583,Mobile App Development,33,Low,1,2.3
SV10584,Web Development,100,High,3,5.2
SV10585,Machine Learning,96,High,3,5.5
SV10586,Software Engineering,24,Low,1,1.3
SV10587,Data Science,41,Medium,2,1.8
SV10588,Cybersecurity,28,Low,1,0.7
SV10589,Cloud Computing,24,Low,1,1.2
SV10590,Cybersecurity,53,Medium,2,4.0
SV10591,Mobile App Development,72,Medium,2,3.3
SV10592,Mobile App Development,66,Medium,2,2.7
SV10593,Data Science,14,Medium,2,0.9
SV10594,Mobile App Development,3,Low,1,0.9
SV10595,Artificial Intelligence,37,Low,1,2.2
SV10596,Computer Networks,19,Low,1,1.4
SV10597,Database Systems,22,Low,1,1.9
SV10598,Database Systems,36,Low,1,1.8
SV10599,Data Science,61,Medium,2,4.2
SV10600,Mobile App Development,7,Low,1,1.5
SV10601,Cloud Computing,36,Low,1,1.5
SV10602,Artificial Intelligence,44,Low,1,1.2
SV10603,Machine Learning,96,Medium,2,5.9
SV10604,Mobile App Development,32,Low,1,0.9
SV10605,Artificial Intelligence,6,Low,1,2.1
SV10606,Web Development,21,Low,1,1.1
SV10607,Machine Learning,4,Low,1,1.8
SV10608,Database Systems,14,Low,1,1.4
SV10609,Web Development,20,Low,1,1.6
SV10610,Data Science,88,High,3,6.1
SV10611,Software Engineering,16,Low,1,1.2
SV10612,Data Science,55,Medium,2,4.3
SV10613,Cloud Computing,49,Medium,2,4.0
SV10614,Artificial Intelligence,6,Low,1,1.2
SV10615,Software Engineering,49,High,3,2.7
SV10616,Machine Learning,59,Medium,2,3.5
SV10617,Machine Learning,82,High,3,6.2
SV10618,Web Development,6,Low,1,0.8
SV10619,Cloud Computing,39,Low,1,1.5
SV10620,Database Systems,44,Low,1,1.7
SV10621,Mobile App Development,58,Medium,2,3.1
SV10622,Mobile App Development,87,High,3,5.3
SV10623,Software Engineering,74,Medium,2,3.9
SV10624,Cloud Computing,54,Medium,2,3.5
SV10625,Cloud Computing,63,Medium,2,3.5
SV10626,Machine Learning,64,Medium,2,4.3
SV10627,Database Systems,53,Medium,2,3.7
SV10628,Artificial Intelligence,95,High,3,6.2
SV10629,Database Systems,39,Low,1,1.6
SV10630,Cybersecurity,52,Medium,2,4.0
SV10631,Cloud Computing,43,Low,1,2.1
SV10632,Data Science,62,Medium,2,4.1
SV10633,Computer Networks,1,Low,1,2.1
SV10634,Cloud Computing,78,High,3,6.4
SV10635,Software Engineering,20,Low,1,1.8
SV10636,Data Science,87,High,3,5.5
SV10637,Software Engineering,49,Medium,2,3.1
SV10638,Web Development,80,High,3,6.4
SV10639,Computer Networks,51,Low,1,3.5
SV10640,Computer Networks,8,Low,1,1.2
SV10641,Machine Learning,98,High,3,6.0
SV10642,Cloud Computing,19,Low,1,0.9
SV10643,Machine Learning,82,High,3,5.8
SV10644,Mobile App Development,17,Low,1,0.7
SV10645,Software Engineering,83,High,3,6.2
SV10646,Cybersecurity,29,Low,1,1.7
SV10647,Cybersecurity,64,High,3,4.3
SV10648,Mobile App Development,23,Low,1,2.0
SV10649,Web Development,87,High,3,5.5
SV10650,Cybersecurity,46,Medium,2,3.7
SV10651,Software Engineering,82,High,3,5.6
SV10652,Cybersecurity,93,High,3,6.2
SV10653,Mobile App Development,89,High,3,5.9
SV10654,Data Science,43,Low,1,2.3
SV10655,Machine Learning,28,Low,1,1.6
SV10656,Artificial Intelligence,76,High,3,6.0
SV10657,Software Engineering,67,Medium,2,3.0
SV10658,Machine Learning,16,Low,1,0.7
SV10659,Computer Networks,96,High,3,5.8
SV10660,Database Systems,4,Low,1,0.8
SV10661,Cybersecurity,91,Medium,2,6.6
SV10662,Cybersecurity,87,High,3,5.2
SV10663,Web Development,80,High,3,6.5
SV10664,Machine Learning,49,Medium,2,3.2
SV10665,Database Systems,39,Low,1,1.5
SV10666,Cybersecurity,45,Medium,2,0.8
SV10667,Computer Networks,50,Medium,2,3.0
SV10668,Web Development,10,Low,1,1.0
SV10669,Machine Learning,11,Low,1,1.8
SV10670,Web Development,12,Low,1,1.8
SV10671,Machine Learning,63,Medium,2,3.9
SV10672,Cloud Computing,7,Low,1,1.4
SV10673,Cloud Computing,64,Medium,2,3.4
SV10674,Mobile App Development,8,Low,1,1.8
SV10675,Software Engineering,91,High,3,5.7
SV10676,Web Development,1,Low,1,1.3
SV10677,Mobile App Development,77,High,3,5.7
SV10678,Web Development,12,Low,1,1.9
SV10679,Cybersecurity,1,Medium,2,1.4
SV10680,Artificial Intelligence,67,Medium,2,3.4
SV10681,Web Development,75,Medium,2,3.7
SV10682,Cybersecurity,47,High,3,2.9
SV10683,Database Systems,73,Medium,2,4.1
SV10684,Cloud Computing,2,Low,1,1.5
SV10685,Mobile App Development,67,Medium,2,4.1
SV10686,Artificial Intelligence,5,Low,1,0.7
SV10687,Computer Networks,86,High,3,6.1
SV10688,Cloud Computing,4,Low,1,0.9
SV10689,Mobile App Development,2,Low,1,1.9
SV10690,Artificial Intelligence,9,Low,1,0.9
SV10691,Computer Networks,42,Low,1,2.0
SV10692,Data Science,18,Low,1,2.0
SV10693,Cybersecurity,13,Medium,2,2.1
SV10694,Data Science,20,Low,1,1.2
SV10695,Cybersecurity,42,Low,1,1.7
SV10696,Machine Learning,27,Low,1,1.9
SV10697,Software Engineering,20,Low,1,1.9
SV10698,Artificial Intelligence,35,Low,1,1.5
SV10699,Data Science,23,Low,1,0.8
SV10700,Software Engineering,53,Medium,2,3.0
SV10701,Artificial Intelligence,37,Low,1,2.0
SV10702,Mobile App Development,16,Medium,2,2.1
SV10703,Machine Learning,21,Low,1,1.0
SV10704,Mobile App Development,82,High,3,6.0
SV10705,Cybersecurity,44,Low,1,2.0
SV10706,Software Engineering,73,Medium,2,2.9
SV10707,Artificial Intelligence,60,Medium,2,3.0
SV10708,Web Development,10,Low,1,1.6
SV10709,Software Engineering,60,Medium,2,2.8
SV10710,Database Systems,37,Medium,2,0.7
SV10711,Computer Networks,65,Medium,2,3.8
SV10712,Data Science,32,Low,1,0.8
SV10713,Artificial Intelligence,42,Low,1,1.6
SV10714,Cloud Computing,30,Low,1,1.6
SV10715,Cloud Computing,34,Low,1,1.3
SV10716,Computer Networks,36,Low,1,0.7
SV10717,Cybersecurity,46,Medium,2,2.9
SV10718,Software Engineering,99,High,3,5.5
SV10719,Software Engineering,22,Low,1,2.2
SV10720,Cloud Computing,35,Low,1,1.9
SV10721,Software Engineering,39,Low,1,1.2
SV10722,Computer Networks,89,High,3,6.5
SV10723,Software Engineering,88,High,3,5.7
SV10724,Cybersecurity,80,High,3,5.7
SV10725,Data Science,14,Low,1,2.3
SV10726,Database Systems,36,Low,1,1.3
SV10727,Data Science,3,Low,1,1.2
SV10728,Database Systems,21,Low,1,1.4
SV10729,Web Development,80,High,3,5.3
SV10730,Data Science,21,Low,1,1.3
SV10731,Computer Networks,80,High,3,6.2
SV10732,Machine Learning,77,High,3,6.2
SV10733,Web Development,77,High,3,5.5
SV10734,Database Systems,16,Low,1,1.0
SV10735,Database Systems,71,Low,1,3.7
SV10736,Web Development,97,High,3,5.5
SV10737,Database Systems,89,High,3,6.8
SV10738,Artificial Intelligence,93,Medium,2,6.0
SV10739,Machine Learning,85,High,3,5.3
SV10740,Computer Networks,79,High,3,6.8
SV10741,Artificial Intelligence,93,Medium,2,6.5
SV10742,Database Systems,79,High,3,5.4
SV10743,Data Science,37,Low,1,0.8
SV10744,Artificial Intelligence,23,Low,1,0.7
SV10745,Data Science,99,High,3,6.0
SV10746,Web Development,98,High,3,5.5
SV10747,Software Engineering,5,Low,1,1.0
SV10748,Mobile App Development,67,Medium,2,3.0
SV10749,Database Systems,81,High,3,5.6
SV10750,Mobile App Development,5,Low,1,1.6
SV10751,Machine Learning,25,Low,1,1.8
SV10752,Data Science,100,High,3,6.5
SV10753,Artificial Intelligence,90,High,3,6.1
SV10754,Mobile App Development,40,Low,1,2.0
SV10755,Cybersecurity,74,Medium,2,2.8
SV10756,Database Systems,37,Low,1,1.3
SV10757,Mobile App Development,79,High,3,6.2
SV10758,Artificial Intelligence,82,High,3,6.3
SV10759,Artificial Intelligence,42,Low,1,0.9
SV10760,Machine Learning,52,Medium,2,3.7
SV10761,Cloud Computing,14,Low,1,1.9
SV10762,Computer Networks,89,High,3,5.5
SV10763,Cybersecurity,55,Medium,2,3.5
SV10764,Mobile App Development,55,Medium,2,3.4
SV10765,Computer Networks,30,Low,1,0.8
SV10766,Cybersecurity,82,Medium,2,6.1
SV10767,Cloud Computing,56,Medium,2,3.1
SV10768,Mobile App Development,50,Low,1,3.8
SV10769,Cybersecurity,23,Low,1,0.9
SV10770,Computer Networks,57,Medium,2,3.0
SV10771,Data Science,72,Medium,2,3.7
SV10772,Artificial Intelligence,86,High,3,6.3
SV10773,Software Engineering,3,Medium,2,1.4
SV10774,Web Development,9,Low,1,1.0
SV10775,Database Systems,62,Medium,2,3.8
SV10776,Software Engineering,72,Medium,2,3.2
SV10777,Mobile App Development,82,High,3,5.7
SV10778,Mobile App Development,14,Low,1,1.2
SV10779,Cybersecurity,97,High,3,5.7
SV10780,Artificial Intelligence,62,Medium,2,2.7
SV10781,Cloud Computing,18,Low,1,1.7
SV10782,Machine Learning,62,Medium,2,3.0
SV10783,Cybersecurity,55,Medium,2,3.6
SV10784,Machine Learning,20,Low,1,1.1
SV10785,Web Development,33,Low,1,2.1
SV10786,Computer Networks,16,Low,1,1.4
SV10787,Cybersecurity,17,Low,1,1.6
SV10788,Web Development,80,Medium,2,5.5
SV10789,Database Systems,65,Low,1,3.6
SV10790,Cybersecurity,50,Medium,2,3.0
SV10791,Artificial Intelligence,64,Medium,2,3.2
SV10792,Artificial Intelligence,42,Low,1,1.0
SV10793,Mobile App Development,56,Medium,2,4.0
SV10794,Database Systems,9,Low,1,1.8
SV10795,Mobile App Development,36,Low,1,2.0
SV10796,Machine Learning,47,Medium,2,3.8
SV10797,Software Engineering,68,Low,1,2.8
SV10798,Cloud Computing,55,Medium,2,4.2
SV10799,Database Systems,75,Medium,2,4.0
SV10800,Computer Networks,35,Low,1,1.2
SV10801,Cloud Computing,30,Low,1,1.8
SV10802,Cloud Computing,54,Medium,2,4.2
SV10803,Data Science,37,Low,1,0.8
SV10804,Cybersecurity,72,High,3,3.0
SV10805,Computer Networks,89,High,3,6.6
SV10806,Database Systems,14,Low,1,2.0
SV10807,Mobile App Development,15,Low,1,2.0
SV10808,Machine Learning,76,Medium,2,6.2
SV10809,Cybersecurity,88,High,3,6.0
SV10810,Data Science,93,High,3,6.7
SV10811,Machine Learning,52,Medium,2,4.2
SV10812,Database Systems,55,Medium,2,3.5
SV10813,Software Engineering,6,Low,1,2.3
SV10814,Cloud Computing,56,Low,1,3.3
SV10815,Data Science,54,Medium,2,3.3
SV10816,Machine Learning,51,High,3,3.3
SV10817,Mobile App Development,3,Medium,2,1.4
SV10818,Data Science,42,Low,1,1.5
SV10819,Machine Learning,39,Low,1,1.4
SV10820,Data Science,29,Low,1,1.1
SV10821,Mobile App Development,9,Low,1,1.0
SV10822,Mobile App Development,93,High,3,6.2
SV10823,Computer Networks,6,Low,1,1.8
SV10824,Artificial Intelligence,35,Medium,2,1.3
SV10825,Cloud Computing,34,Low,1,1.0
SV10826,Cybersecurity,87,High,3,6.4
SV10827,Cybersecurity,38,Low,1,1.0
SV10828,Database Systems,35,Low,1,2.0
SV10829,Web Development,19,Low,1,2.2
SV10830,Database Systems,48,High,3,2.9
SV10831,Web Development,95,Medium,2,5.8
SV10832,Data Science,58,Medium,2,3.5
SV10833,Web Development,48,Medium,2,2.9
SV10834,Artificial Intelligence,89,Medium,2,6.6
SV10835,Artificial Intelligence,25,Medium,2,0.9
SV10836,Cloud Computing,35,Low,1,0.8
SV10837,Machine Learning,42,Low,1,2.2
SV10838,Cybersecurity,98,High,3,5.7
SV10839,Cloud Computing,42,Low,1,1.5
SV10840,Artificial Intelligence,98,High,3,6.0
SV10841,Machine Learning,75,High,3,2.9
SV10842,Database Systems,32,Low,1,1.2
SV10843,Cybersecurity,99,High,3,6.3
SV10844,Computer Networks,77,High,3,6.3
SV10845,Cybersecurity,96,High,3,6.4
SV10846,Data Science,44,Low,1,1.9
SV10847,Software Engineering,44,Low,1,1.6
SV10848,Cybersecurity,87,High,3,6.4
SV10849,Artificial Intelligence,14,Low,1,1.2
SV10850,Data Science,94,High,3,6.5
SV10851,Mobile App Development,16,Low,1,1.8
SV10852,Web Development,11,Low,1,0.8
SV10853,Database Systems,21,Low,1,2.2
SV10854,Computer Networks,22,Low,1,2.0
SV10855,Database Systems,89,High,3,6.6
SV10856,Mobile App Development,77,High,3,6.6
SV10857,Software Engineering,11,Low,1,2.0
SV10858,Cybersecurity,67,Medium,2,3.2
SV10859,Cloud Computing,50,Medium,2,3.9
SV10860,Data Science,12,Low,1,1.0
SV10861,Computer Networks,56,Medium,2,3.8
SV10862,Mobile App Development,54,Medium,2,2.9
SV10863,Software Engineering,81,High,3,5.7
SV10864,Database Systems,27,Low,1,1.2
SV10865,Mobile App Development,43,Low,1,0.8
SV10866,Computer Networks,18,Low,1,1.3
SV10867,Computer Networks,45,Low,1,1.8
SV10868,Software Engineering,2,Low,1,2.0
SV10869,Database Systems,82,High,3,6.7
SV10870,Artificial Intelligence,19,Medium,2,1.6
SV10871,Computer Networks,24,Low,1,0.7
SV10872,Data Science,74,Medium,2,3.6
SV10873,Data Science,55,High,3,3.7
SV10874,Web Development,80,High,3,6.6
SV10875,Database Systems,60,High,3,3.2
SV10876,Mobile App Development,54,Medium,2,4.0
SV10877,Data Science,34,Low,1,1.0
SV10878,Software Engineering,77,High,3,6.1
SV10879,Mobile App Development,58,Medium,2,3.5
SV10880,Database Systems,38,Medium,2,1.5
SV10881,Software Engineering,56,Medium,2,2.7
SV10882,Cybersecurity,82,High,3,6.7
SV10883,Machine Learning,66,Medium,2,3.2
SV10884,Data Science,33,Low,1,2.2
SV10885,Data Science,40,Low,1,1.3
SV10886,Web Development,21,Low,1,1.5
SV10887,Artificial Intelligence,26,Low,1,2.2
SV10888,Web Development,20,Low,1,1.6
SV10889,Database Systems,40,Low,1,1.2
SV10890,Web Development,30,Low,1,1.9
SV10891,Artificial Intelligence,26,Low,1,1.0
SV10892,Artificial Intelligence,36,Low,1,1.3
SV10893,Computer Networks,65,Medium,2,4.3
SV10894,Computer Networks,53,Medium,2,4.1
SV10895,Machine Learning,8,Low,1,2.2
SV10896,Software Engineering,82,High,3,6.5
SV10897,Cybersecurity,41,Low,1,1.5
SV10898,Artificial Intelligence,35,Low,1,2.0
SV10899,Cybersecurity,9,Low,1,0.8
SV10900,Data Science,58,High,3,4.2
SV10901,Cloud Computing,39,Low,1,1.0
SV10902,Machine Learning,53,Medium,2,3.6
SV10903,Database Systems,38,Low,1,2.0
SV10904,Mobile App Development,6,Low,1,1.7
SV10905,Cybersecurity,3,Low,1,2.2
SV10906,Web Development,14,Low,1,1.0
SV10907,Artificial Intelligence,75,Medium,2,2.9
SV10908,Cybersecurity,47,Medium,2,3.2
SV10909,Mobile App Development,5,Low,1,1.7
SV10910,Artificial Intelligence,72,Medium,2,4.3
SV10911,Database Systems,34,Low,1,1.3
SV10912,Cloud Computing,71,Medium,2,3.7
SV10913,Web Development,70,Medium,2,2.9
SV10914,Cybersecurity,67,High,3,3.4
SV10915,Computer Networks,57,Medium,2,3.4
SV10916,Machine Learning,76,High,3,5.4
SV10917,Cybersecurity,18,Low,1,1.0
SV10918,Cybersecurity,61,Medium,2,3.4
SV10919,Mobile App Development,70,Medium,2,3.7
SV10920,Mobile App Development,9,Low,1,2.2
SV10921,Machine Learning,24,Low,1,2.2
SV10922,Cybersecurity,43,Low,1,1.8
SV10923,Software Engineering,98,High,3,6.5
SV10924,Database Systems,57,Medium,2,3.2
SV10925,Mobile App Development,24,Low,1,1.7
SV10926,Mobile App Development,92,High,3,5.4
SV10927,Software Engineering,75,Medium,2,4.2
SV10928,Artificial Intelligence,39,Low,1,1.6
SV10929,Cybersecurity,75,Medium,2,2.9
SV10930,Machine Learning,69,Medium,2,3.1
SV10931,Mobile App Development,9,Low,1,1.9
SV10932,Machine Learning,65,Medium,2,2.9
SV10933,Machine Learning,24,Low,1,1.0
SV10934,Database Systems,70,Medium,2,3.0
SV10935,Computer Networks,86,High,3,6.3
SV10936,Mobile App Development,10,Low,1,0.8
SV10937,Web Development,35,Low,1,0.8
SV10938,Artificial Intelligence,48,Medium,2,3.9
SV10939,Machine Learning,47,Medium,2,3.5
SV10940,Mobile App Development,86,High,3,6.0
SV10941,Artificial Intelligence,6,Medium,2,1.0
SV10942,Web Development,90,High,3,6.2
SV10943,Mobile App Development,76,High,3,5.3
SV10944,Cybersecurity,50,Medium,2,2.9
SV10945,Machine Learning,16,Medium,2,1.4
SV10946,Web Development,31,Medium,2,1.2
SV10947,Cybersecurity,25,Low,1,1.2
SV10948,Machine Learning,21,Low,1,2.1
SV10949,Data Science,12,Low,1,2.2
SV10950,Cloud Computing,11,Low,1,1.8
SV10951,Software Engineering,70,Medium,2,3.1
SV10952,Machine Learning,0,Low,1,1.3
SV10953,Web Development,32,Low,1,2.1
SV10954,Web Development,13,Medium,2,1.9
SV10955,Cloud Computing,63,Medium,2,3.1
SV10956,Mobile App Development,42,Low,1,2.0
SV10957,Software Engineering,57,Medium,2,3.8
SV10958,Artificial Intelligence,40,Low,1,1.4
SV10959,Machine Learning,80,High,3,6.5
SV10960,Mobile App Development,67,Medium,2,4.0
SV10961,Cybersecurity,38,Low,1,1.0
SV10962,Artificial Intelligence,0,Low,1,1.9
SV10963,Software Engineering,40,Low,1,1.3
SV10964,Mobile App Development,44,Low,1,1.6
SV10965,Computer Networks,87,High,3,5.8
SV10966,Artificial Intelligence,97,High,3,5.8
SV10967,Database Systems,97,High,3,5.5
SV10968,Database Systems,87,High,3,5.8
SV10969,Machine Learning,78,High,3,6.8
SV10970,Machine Learning,80,Medium,2,6.2
SV10971,Machine Learning,12,Low,1,2.0
SV10972,Software Engineering,70,High,3,3.3
SV10973,Computer Networks,8,Low,1,1.1
SV10974,Mobile App Development,62,Medium,2,3.2
SV10975,Cybersecurity,98,High,3,5.8
SV10976,Data Science,22,Low,1,1.4
SV10977,Web Development,53,Medium,2,3.1
SV10978,Cybersecurity,46,Low,1,3.5
SV10979,Mobile App Development,38,Low,1,0.8
SV10980,Computer Networks,86,High,3,6.0
SV10981,Software Engineering,25,Low,1,2.1
SV10982,Artificial Intelligence,0,Low,1,0.7
SV10983,Cybersecurity,13,Low,1,2.3
SV10984,Artificial Intelligence,95,High,3,5.8
SV10985,Data Science,73,Low,1,3.5
SV10986,Mobile App Development,64,Medium,2,3.7
SV10987,Computer Networks,68,Medium,2,3.1
SV10988,Mobile App Development,66,Low,1,3.9
SV10989,Web Development,48,Medium,2,4.0
SV10990,Software Engineering,49,Medium,2,3.7
SV10991,Web Development,57,Medium,2,3.2
SV10992,Mobile App Development,52,Medium,2,4.0
SV10993,Web Development,90,High,3,6.5
SV10994,Cloud Computing,56,Medium,2,3.3
SV10995,Mobile App Development,85,High,3,6.0
SV10996,Computer Networks,17,Low,1,1.5
SV10997,Cybersecurity,15,Low,1,2.1
SV10998,Computer Networks,1,Low,1,0.8
SV10999,Cloud Computing,12,Low,1,2.0
